1686286424084495872,-0.00003,-0.00004,-0.00010,0.99995,-0.00912,-0.00352,0.00000,0.00228,-0.00014,-0.00094,
1686286424184287488,0.00000,-0.00021,-0.00030,0.99995,-0.00913,-0.00362,-0.00003,0.00129,-0.00020,-0.00009,
1686286424284340992,0.00004,-0.00031,-0.00038,0.99995,-0.00913,-0.00362,-0.00003,0.00139,-0.00030,0.00020,
1686286424384556800,-0.00040,-0.00063,-0.00095,0.99995,-0.00920,-0.00364,-0.00003,0.00064,0.00000,0.00048,
1686286424484355072,-0.00038,-0.00056,-0.00106,0.99995,-0.00921,-0.00367,-0.00003,0.00019,0.00025,0.00035,
1686286424584342528,-0.00038,-0.00057,-0.00103,0.99995,-0.00919,-0.00367,-0.00003,0.00031,-0.00003,0.00042,
1686286424684338688,-0.00041,-0.00056,-0.00104,0.99995,-0.00921,-0.00367,-0.00003,-0.00015,-0.00017,0.00063,
1686286424784317184,-0.00038,-0.00055,-0.00107,0.99995,-0.00921,-0.00367,-0.00003,0.00029,-0.00033,0.00078,
1686286424884554752,-0.00038,-0.00055,-0.00107,0.99995,-0.00921,-0.00367,-0.00003,0.00054,-0.00048,0.00084,
1686286424984346368,-0.00041,-0.00055,-0.00108,0.99995,-0.00922,-0.00368,-0.00003,0.00056,-0.00027,0.00081,
1686286425084475392,-0.00042,-0.00057,-0.00108,0.99995,-0.00922,-0.00368,-0.00004,0.00074,-0.00042,0.00073,
1686286425184330496,-0.00044,-0.00054,-0.00109,0.99995,-0.00923,-0.00369,-0.00004,0.00024,-0.00010,0.00082,
1686286425284358144,-0.00044,-0.00052,-0.00109,0.99995,-0.00923,-0.00368,-0.00004,0.00026,-0.00021,0.00112,
1686286425384570880,-0.00042,-0.00051,-0.00110,0.99995,-0.00922,-0.00369,-0.00004,-0.00003,-0.00038,0.00095,
1686286425484622592,-0.00036,-0.00049,-0.00114,0.99995,-0.00923,-0.00368,-0.00004,0.00010,-0.00030,0.00090,
1686286425584328448,-0.00031,-0.00047,-0.00117,0.99995,-0.00923,-0.00368,-0.00004,0.00039,-0.00017,0.00047,
1686286425684370432,-0.00035,-0.00049,-0.00117,0.99995,-0.00923,-0.00369,-0.00004,0.00036,-0.00004,0.00025,
1686286425784730880,-0.00033,-0.00046,-0.00120,0.99995,-0.00922,-0.00369,-0.00004,0.00070,-0.00055,-0.00003,
1686286425884343296,-0.00027,-0.00039,-0.00124,0.99995,-0.00922,-0.00369,-0.00004,0.00058,-0.00086,-0.00019,
1686286425984299520,-0.00023,-0.00038,-0.00127,0.99995,-0.00923,-0.00369,-0.00004,0.00025,-0.00046,-0.00041,
1686286426084634368,-0.00023,-0.00038,-0.00129,0.99995,-0.00924,-0.00370,-0.00004,0.00036,-0.00047,-0.00076,
1686286426185556224,-0.00027,-0.00039,-0.00127,0.99995,-0.00924,-0.00369,-0.00005,0.00070,0.00001,-0.00052,
1686286426284614400,-0.00026,-0.00037,-0.00129,0.99995,-0.00924,-0.00370,-0.00004,0.00049,0.00004,-0.00034,
1686286426384294912,-0.00025,-0.00037,-0.00133,0.99995,-0.00924,-0.00370,-0.00005,0.00004,-0.00030,-0.00021,
1686286426484351744,-0.00030,-0.00040,-0.00132,0.99995,-0.00924,-0.00370,-0.00005,-0.00014,-0.00016,-0.00026,
1686286426584627456,-0.00033,-0.00050,-0.00128,0.99995,-0.00918,-0.00371,-0.00017,-0.00153,-0.00328,0.00155,
1686286426684304896,-0.00025,-0.00070,-0.00120,0.99995,-0.00909,-0.00374,-0.00038,0.00338,-0.00065,-0.00052,
1686286426784368640,-0.00032,-0.00051,-0.00117,0.99995,-0.00911,-0.00372,-0.00022,-0.00666,-0.00154,0.00255,
1686286426884580096,-0.00104,-0.00037,-0.00085,0.99995,-0.00913,-0.00391,-0.00019,-0.00532,0.00681,0.00297,
1686286426984419584,-0.00164,-0.00033,-0.00061,0.99995,-0.00903,-0.00404,0.00003,-0.00263,0.00301,0.00258,
1686286427084403712,-0.00204,-0.00005,-0.00056,0.99995,-0.00904,-0.00409,0.00027,-0.00124,0.00013,-0.00204,
1686286427184420608,-0.00180,0.00000,-0.00064,0.99995,-0.00912,-0.00405,0.00026,0.00711,0.00132,-0.00237,
1686286427284500480,-0.00109,-0.00011,-0.00095,0.99995,-0.00909,-0.00389,0.00044,0.00713,0.00234,-0.00400,
1686286427384232704,-0.00046,0.00031,-0.00121,0.99995,-0.00920,-0.00379,0.00060,0.00566,0.01198,-0.00374,
1686286427484657152,0.00022,0.00091,-0.00168,0.99995,-0.00935,-0.00364,0.00061,-0.00117,0.00599,-0.00138,
1686286427584515840,0.00024,0.00116,-0.00182,0.99995,-0.00935,-0.00365,0.00072,-0.00195,-0.00231,-0.00284,
1686286427684408320,0.00024,0.00129,-0.00190,0.99995,-0.00936,-0.00366,0.00081,-0.00097,0.00437,-0.00074,
1686286427785508352,0.00007,0.00146,-0.00188,0.99995,-0.00944,-0.00370,0.00077,0.00128,0.00349,-0.00081,
1686286427884458496,-0.00011,0.00172,-0.00181,0.99995,-0.00951,-0.00374,0.00075,-0.00351,0.00300,0.00115,
1686286427984331008,-0.00078,0.00168,-0.00159,0.99995,-0.00953,-0.00388,0.00069,-0.00721,-0.00036,0.00093,
1686286428084475648,-0.00193,0.00168,-0.00122,0.99995,-0.00961,-0.00402,0.00058,-0.00954,0.00144,0.00219,
1686286428184191744,-0.00337,0.00186,-0.00072,0.99994,-0.00971,-0.00419,0.00045,-0.00959,0.00413,0.00009,
1686286428284537088,-0.00428,0.00190,-0.00073,0.99994,-0.00968,-0.00418,0.00043,-0.00160,0.00346,-0.00199,
1686286428384258816,-0.00482,0.00266,-0.00065,0.99994,-0.00982,-0.00418,0.00080,-0.01264,0.00181,0.00225,
1686286428484409856,-0.00593,0.00307,-0.00030,0.99994,-0.00995,-0.00437,0.00052,-0.00985,0.00280,-0.00182,
1686286428584538368,-0.00693,0.00276,-0.00037,0.99994,-0.00984,-0.00429,0.00044,-0.00414,-0.00180,-0.00174,
1686286428684402176,-0.00736,0.00368,-0.00040,0.99994,-0.00988,-0.00429,0.00091,-0.00235,0.00802,-0.00122,
1686286428785213952,-0.00689,0.00392,-0.00023,0.99994,-0.01013,-0.00479,0.00054,0.03163,0.00354,-0.00023,
1686286428884630016,-0.00091,0.00308,0.00015,0.99993,-0.01065,-0.00544,-0.00042,0.11981,-0.04300,0.00283,
1686286428984470784,0.01405,-0.00320,0.00127,0.99992,-0.01086,-0.00611,-0.00312,0.23003,-0.09487,0.00371,
1686286429084545792,0.04027,-0.01672,0.00160,0.99988,-0.01082,-0.00612,-0.00894,0.33849,-0.17622,0.00278,
1686286429184401408,0.07733,-0.03734,0.00191,0.99978,-0.01069,-0.00585,-0.01725,0.43025,-0.23267,0.00417,
1686286429284594432,0.12372,-0.06172,0.00219,0.99954,-0.01102,-0.00537,-0.02774,0.50338,-0.25904,0.00386,
1686286429384327936,0.17598,-0.09046,0.00193,0.99912,-0.01181,-0.00438,-0.04003,0.53129,-0.30464,0.00197,
1686286429484359936,0.23070,-0.12598,0.00109,0.99847,-0.01246,-0.00355,-0.05384,0.55600,-0.37527,-0.00355,
1686286429584302336,0.28812,-0.16704,0.00047,0.99757,-0.01259,-0.00292,-0.06850,0.58764,-0.43711,0.00138,
1686286429684325376,0.34834,-0.21362,-0.00006,0.99639,-0.01245,-0.00133,-0.08391,0.58609,-0.46865,0.00155,
1686286429784235008,0.40720,-0.26250,-0.00125,0.99493,-0.01192,0.00020,-0.09990,0.56943,-0.49131,-0.00301,
1686286429884266496,0.46516,-0.31321,-0.00274,0.99322,-0.01111,0.00151,-0.11575,0.57278,-0.50852,-0.00555,
1686286429984203520,0.52281,-0.36571,-0.00472,0.99127,-0.01005,0.00288,-0.13141,0.55713,-0.52978,0.00413,
1686286430084483584,0.57629,-0.41975,-0.00810,0.98906,-0.00807,0.00482,-0.14725,0.50963,-0.55503,0.00121,
1686286430184578304,0.62582,-0.47533,-0.01312,0.98644,-0.00593,0.00790,-0.16383,0.48078,-0.56419,-0.00280,
1686286430284487424,0.67290,-0.53108,-0.01648,0.98361,-0.00433,0.00924,-0.18000,0.46772,-0.56162,-0.00401,
1686286430384277760,0.71935,-0.58698,-0.01761,0.98060,-0.00349,0.00864,-0.19582,0.45840,-0.56902,-0.00615,
1686286430484861184,0.76420,-0.64493,-0.01706,0.97733,-0.00327,0.00683,-0.21157,0.43301,-0.58963,-0.00490,
1686286430584221184,0.80600,-0.70554,-0.01452,0.97386,-0.00368,0.00411,-0.22708,0.42645,-0.60866,-0.00595,
1686286430684363520,0.84365,-0.76777,-0.00959,0.96999,-0.00603,0.00127,-0.24308,0.40094,-0.62458,0.00755,
1686286430784325120,0.88227,-0.83378,-0.00624,0.96588,-0.00652,-0.00093,-0.25891,0.36212,-0.63281,0.01328,
1686286430884535040,0.91935,-0.90094,-0.00522,0.96142,-0.00659,-0.00201,-0.27499,0.35609,-0.68345,0.00167,
1686286430984329984,0.95608,-0.97249,-0.00433,0.95659,-0.00586,-0.00283,-0.29137,0.36272,-0.72132,0.01177,
1686286431084520704,0.99308,-1.04825,-0.00406,0.95138,-0.00536,-0.00325,-0.30795,0.36626,-0.78662,0.00034,
1686286431184654080,1.02962,-1.12966,-0.00441,0.94533,-0.00465,-0.00302,-0.32607,0.35637,-0.85258,0.00552,
1686286431284664064,1.06168,-1.21615,-0.00386,0.93818,-0.00519,-0.00306,-0.34610,0.34621,-0.90798,-0.01764,
1686286431384498176,1.09676,-1.31236,-0.00475,0.93046,-0.00484,-0.00298,-0.36634,0.33096,-0.95927,0.00820,
1686286431484183808,1.12376,-1.41023,-0.00223,0.92246,-0.00493,-0.00331,-0.38605,0.27851,-0.99449,0.00104,
1686286431584191232,1.14953,-1.51314,-0.00194,0.91362,-0.00467,-0.00369,-0.40652,0.22793,-1.03621,0.01777,
1686286431684333312,1.17164,-1.62132,-0.00109,0.90377,-0.00422,-0.00379,-0.42799,0.20142,-1.09613,0.00300,
1686286431784260864,1.18896,-1.73209,-0.00029,0.89333,-0.00424,-0.00379,-0.44936,0.15927,-1.11984,0.01569,
1686286431884264448,1.19993,-1.84572,0.00142,0.88232,-0.00402,-0.00383,-0.47061,0.09519,-1.15504,0.00795,
1686286431984676864,1.20469,-1.96202,0.00292,0.87043,-0.00338,-0.00343,-0.49226,0.00614,-1.16051,0.01963,
1686286432084663040,1.20221,-2.07450,0.00502,0.85812,-0.00323,-0.00405,-0.51343,-0.03037,-1.11228,0.01178,
1686286432184504832,1.19834,-2.18609,0.00641,0.84515,-0.00413,-0.00385,-0.53450,-0.04261,-1.13620,0.00799,
1686286432284343040,1.19019,-2.29867,0.00812,0.83161,-0.00492,-0.00331,-0.55532,-0.08588,-1.14322,0.00789,
1686286432384897792,1.17834,-2.41471,0.00844,0.81737,-0.00577,-0.00267,-0.57607,-0.19937,-1.16089,-0.00191,
1686286432484265984,1.15373,-2.53262,0.00709,0.80224,-0.00462,-0.00294,-0.59698,-0.28377,-1.19028,-0.02543,
1686286432584485376,1.12304,-2.64853,0.00671,0.78592,-0.00412,-0.00245,-0.61831,-0.32760,-1.14566,0.00856,
1686286432684660992,1.08836,-2.76102,0.00731,0.76954,-0.00404,-0.00220,-0.63859,-0.35818,-1.12503,-0.01796,
1686286432784346880,1.04667,-2.87247,0.00660,0.75302,-0.00304,-0.00199,-0.65799,-0.44708,-1.09125,0.00033,
1686286432884485376,1.00081,-2.98107,0.00555,0.73608,-0.00220,-0.00146,-0.67689,-0.47469,-1.05447,-0.01367,
1686286432984684032,0.95229,-3.08619,0.00393,0.71877,-0.00161,-0.00042,-0.69525,-0.49664,-1.02370,-0.00195,
1686286433084410880,0.89896,-3.18802,0.00289,0.70157,-0.00084,-0.00010,-0.71260,-0.56943,-0.98975,-0.01232,
1686286433184353280,0.83839,-3.29042,-0.00081,0.68407,0.00090,0.00024,-0.72942,-0.65612,-0.94278,-0.01130,
1686286433284266496,0.77300,-3.38769,-0.00261,0.66578,0.00215,0.00000,-0.74615,-0.67971,-0.91590,-0.01093,
1686286433384909824,0.70295,-3.48253,-0.00456,0.64690,0.00306,0.00009,-0.76257,-0.70503,-0.89772,-0.01384,
1686286433484455936,0.63006,-3.57496,-0.00756,0.62818,0.00376,0.00082,-0.77806,-0.73585,-0.86943,-0.02535,
1686286433584411648,0.55373,-3.66386,-0.01041,0.60824,0.00362,0.00155,-0.79374,-0.78369,-0.84004,-0.01501,
1686286433684326912,0.47269,-3.74984,-0.01241,0.58729,0.00338,0.00251,-0.80937,-0.82549,-0.81886,-0.02266,
1686286433786406912,0.38169,-3.83708,-0.01542,0.56653,0.00286,0.00324,-0.82403,-0.90824,-0.78807,-0.02221,
1686286433884471296,0.28533,-3.91563,-0.01818,0.54520,0.00287,0.00345,-0.83829,-1.02383,-0.77534,-0.03055,
1686286433984267008,0.17894,-3.99548,-0.02156,0.52149,0.00360,0.00411,-0.85324,-1.06484,-0.74864,-0.03265,
1686286434084438528,0.06642,-4.07000,-0.02436,-0.49739,-0.00370,-0.00454,0.86751,-1.13982,-0.69815,-0.03012,
1686286434184425216,-0.05559,-4.13953,-0.02719,-0.47277,-0.00463,-0.00499,0.88116,-1.23726,-0.65080,-0.03218,
1686286434284270848,-0.18180,-4.20176,-0.02819,-0.44652,-0.00497,-0.00545,0.89475,-1.27837,-0.58585,-0.01670,
1686286434384601344,-0.31512,-4.26013,-0.02946,-0.41884,-0.00461,-0.00661,0.90803,-1.35320,-0.57136,-0.03621,
1686286434484197632,-0.45603,-4.31206,-0.03048,-0.39010,-0.00459,-0.00775,0.92073,-1.43198,-0.46357,-0.00335,
1686286434584510720,-0.60508,-4.35801,-0.03145,-0.35991,-0.00433,-0.00867,0.93294,-1.49952,-0.37306,-0.01741,
1686286434685246464,-0.75956,-4.39195,-0.03246,-0.32825,-0.00378,-0.00915,0.94454,-1.54350,-0.27710,-0.01164,
1686286434784626432,-0.92035,-4.41482,-0.03429,-0.29586,-0.00412,-0.00981,0.95517,-1.63743,-0.18956,-0.04319,
1686286434885184256,-1.08305,-4.42401,-0.03580,-0.26270,-0.00488,-0.00991,0.96481,-1.60797,-0.03578,0.01412,
1686286434984499456,-1.24420,-4.42328,-0.03637,-0.22923,-0.00456,-0.01002,0.97331,-1.61915,0.07412,-0.02547,
1686286435084665856,-1.40902,-4.41109,-0.03766,-0.19529,-0.00449,-0.00918,0.98069,-1.57221,0.20757,0.01758,
1686286435187064576,-1.56870,-4.38931,-0.03842,-0.16132,-0.00433,-0.00955,0.98685,-1.58727,0.25960,-0.04028,
1686286435284528128,-1.72327,-4.35974,-0.03950,-0.12836,-0.00445,-0.01030,0.99166,-1.52805,0.32261,0.00416,
1686286435384675072,-1.88355,-4.32328,-0.04127,-0.09418,-0.00453,-0.01198,0.99547,-1.58188,0.44560,-0.03207,
1686286435484628736,-2.04232,-4.27027,-0.04343,-0.06003,-0.00547,-0.01204,0.99811,-1.53313,0.59916,-0.01691,
1686286435584532224,-2.19577,-4.20185,-0.04570,-0.02544,-0.00618,-0.01129,0.99959,-1.47806,0.71920,0.00210,
1686286435686540032,-2.33288,-4.12187,-0.04214,0.00959,-0.00543,-0.01106,0.99988,-1.38462,0.78847,0.00865,
1686286435784446976,-2.46775,-4.03552,-0.04256,0.04369,-0.00549,-0.01121,0.99897,-1.34880,0.90414,-0.00665,
1686286435885002496,-2.59331,-3.93577,-0.04021,0.07745,-0.00532,-0.00946,0.99694,-1.22365,1.00822,0.01141,
1686286435984806656,-2.71275,-3.83116,-0.03992,0.11066,-0.00501,-0.00904,0.99380,-1.17369,1.04719,0.00132,
1686286436084728832,-2.82615,-3.72375,-0.03847,0.14434,-0.00459,-0.01024,0.98947,-1.12528,1.04626,0.00452,
1686286436184789248,-2.93327,-3.61349,-0.03910,0.17815,-0.00426,-0.01276,0.98391,-1.08443,1.13611,-0.00945,
1686286436284337920,-3.03814,-3.49175,-0.04018,0.21157,-0.00440,-0.01399,0.97725,-1.00755,1.27818,-0.00711,
1686286436384220416,-3.13300,-3.34990,-0.04075,0.24360,-0.00331,-0.01157,0.96980,-0.93708,1.43283,0.00798,
1686286436484466432,-3.23199,-3.20320,-0.04205,0.26970,-0.00231,-0.00806,0.96291,-1.08309,1.38246,-0.01951,
1686286436585798144,-3.34627,-3.06431,-0.04321,0.28908,-0.00299,-0.00573,0.95728,-1.18050,1.24852,0.00725,
1686286436684726272,-3.45649,-2.94208,-0.04135,0.30271,-0.00327,-0.00530,0.95306,-1.26108,1.24906,-0.06371,
1686286436784527872,-3.59030,-2.80916,-0.04915,0.31021,-0.00556,-0.00186,0.95065,-1.31358,1.22442,-0.01675,
1686286436884735488,-3.72264,-2.68329,-0.05078,0.31229,-0.00563,0.00190,0.94997,-1.35911,1.18574,-0.04684,
1686286436984875264,-3.86848,-2.56857,-0.05725,0.30931,-0.00614,0.00514,0.95093,-1.50194,0.99700,-0.01981,
1686286437084593408,-4.02335,-2.47163,-0.05700,0.29978,-0.00594,0.00636,0.95397,-1.60079,0.82494,-0.00711,
1686286437184475904,-4.19055,-2.39550,-0.05874,0.28583,-0.00709,0.00529,0.95824,-1.72887,0.69665,-0.02126,
1686286437284521472,-4.35947,-2.33258,-0.05835,0.27095,-0.00684,0.00437,0.96256,-1.64674,0.67410,0.00694,
1686286437384836352,-4.52405,-2.26946,-0.05808,0.25488,-0.00485,0.00535,0.96695,-1.66854,0.67528,-0.00705,
1686286437485478656,-4.68846,-2.21286,-0.05520,0.23799,-0.00259,0.00627,0.97124,-1.71994,0.57424,0.00568,
1686286437584798720,-4.85914,-2.16649,-0.05347,0.22123,-0.00148,0.00585,0.97520,-1.80328,0.46265,0.00252,
1686286437684488704,-5.03537,-2.12461,-0.05023,0.20391,-0.00035,0.00560,0.97897,-1.78940,0.42852,0.01301,
1686286437784422656,-5.21686,-2.08578,-0.04770,0.18694,-0.00006,0.00566,0.98236,-1.86434,0.39950,0.00365,
1686286437884947712,-5.40449,-2.05080,-0.04590,0.17052,-0.00042,0.00623,0.98533,-1.88237,0.31881,-0.00453,
1686286437984607232,-5.59397,-2.02199,-0.04706,0.15286,-0.00114,0.00763,0.98822,-1.90291,0.24703,0.00571,
1686286438085500928,-5.78460,-2.00047,-0.04539,0.13444,-0.00091,0.00874,0.99088,-1.89281,0.20774,0.01897,
1686286438184979712,-5.97938,-1.98413,-0.04794,0.11686,-0.00225,0.01006,0.99310,-2.02204,0.06231,-0.05188,
1686286438285417728,-6.18059,-1.98498,-0.05100,0.09890,-0.00473,0.00784,0.99505,-1.96498,-0.04672,-0.01097,
1686286438384520448,-6.37806,-1.98975,-0.05405,0.07902,-0.00635,0.00767,0.99682,-1.98639,-0.10859,-0.03248,
1686286438484749568,-6.57507,-1.99446,-0.05604,0.05967,-0.00717,0.00921,0.99815,-1.96584,-0.06406,-0.01273,
1686286438584551680,-6.77473,-2.01196,-0.06068,0.04032,-0.00859,0.00874,0.99911,-2.02315,-0.26856,-0.06174,
1686286438685087488,-6.97896,-2.03582,-0.06709,0.02328,-0.01145,0.00757,0.99963,-1.99199,-0.25386,-0.02633,
1686286438784783872,-7.17439,-2.06400,-0.06925,0.00673,-0.01239,0.00623,0.99988,-1.94229,-0.32349,-0.02982,
1686286438884916736,-7.36771,-2.08476,-0.07318,-0.00725,-0.01199,0.00783,0.99987,-1.87797,-0.17463,0.00075,
1686286438984617472,-7.55748,-2.11150,-0.07318,-0.02132,-0.01098,0.00921,0.99967,-1.92787,-0.36605,-0.03899,
1686286439084239104,-7.74893,-2.14862,-0.07687,-0.03572,-0.01159,0.00939,0.99925,-1.88392,-0.36496,0.00006,
1686286439184529920,-7.93614,-2.18872,-0.07860,-0.04665,-0.01039,0.00815,0.99882,-1.91532,-0.38431,-0.06262,
1686286439284800000,-8.12941,-2.22656,-0.08488,-0.05165,-0.01063,0.00549,0.99859,-1.87570,-0.29604,-0.00804,
1686286439384479488,-8.31849,-2.25304,-0.08554,-0.05206,-0.00908,0.00326,0.99860,-1.92509,-0.15911,-0.02984,
1686286439484295936,-8.51033,-2.26432,-0.08758,-0.05246,-0.00940,0.00529,0.99856,-1.90695,-0.09993,-0.01235,
1686286439584210944,-8.70314,-2.27406,-0.08906,-0.05298,-0.00956,0.00716,0.99852,-1.90221,-0.06804,-0.01380,
1686286439684661504,-8.89367,-2.28105,-0.09068,-0.04737,-0.00977,0.00637,0.99881,-1.85798,0.04020,-0.02716,
1686286439785017600,-9.08005,-2.26959,-0.09306,-0.03666,-0.00867,0.00760,0.99926,-1.80095,0.21556,0.00419,
1686286439884551424,-9.26111,-2.25153,-0.09249,-0.02859,-0.00706,0.01082,0.99951,-1.84197,0.04256,-0.02610,
1686286439984765696,-9.45626,-2.26073,-0.09556,-0.02753,-0.00771,0.00945,0.99955,-1.83147,-0.24515,0.00358,
1686286440085068288,-9.64503,-2.29009,-0.09536,-0.03021,-0.00722,0.00460,0.99951,-1.83848,-0.29125,-0.03431,
1686286440184449536,-9.82854,-2.30494,-0.09948,-0.03250,-0.00711,0.00378,0.99944,-1.82685,-0.02031,-0.00510,
1686286440284929792,-10.01316,-2.30405,-0.09894,-0.03274,-0.00627,0.00650,0.99942,-1.82388,0.04043,0.00743,
1686286440384728320,-10.20222,-2.30605,-0.09972,-0.03206,-0.00576,0.00818,0.99944,-1.81021,-0.10516,0.01755,
1686286440485153280,-10.38264,-2.31754,-0.09804,-0.03284,-0.00466,0.00772,0.99942,-1.80563,-0.12922,0.00921,
1686286440585695744,-10.56355,-2.33129,-0.09757,-0.03549,-0.00391,0.00796,0.99933,-1.78131,-0.15040,0.01512,
1686286440685210368,-10.74309,-2.34975,-0.09749,-0.03897,-0.00335,0.00760,0.99921,-1.80318,-0.24095,-0.02773,
1686286440784531456,-10.92883,-2.37111,-0.09942,-0.04012,-0.00257,0.00471,0.99918,-1.80568,-0.19575,-0.00751,
1686286440884419072,-11.11065,-2.38974,-0.10146,-0.04014,-0.00268,0.00298,0.99919,-1.85318,-0.17434,-0.02624,
1686286440984697344,-11.29566,-2.40717,-0.10230,-0.04116,-0.00383,0.00117,0.99914,-1.79113,-0.17116,0.00505,
1686286441084361984,-11.47575,-2.42607,-0.10304,-0.04247,-0.00431,-0.00037,0.99909,-1.80197,-0.17400,-0.03052,
1686286441184246272,-11.66842,-2.44168,-0.10853,-0.04362,-0.00590,-0.00094,0.99903,-1.84671,-0.10534,-0.01780,
1686286441284364544,-11.84953,-2.45034,-0.10922,-0.04431,-0.00656,0.00031,0.99900,-1.78367,-0.05712,0.00115,
1686286441384328960,-12.03163,-2.45680,-0.11173,-0.04416,-0.00683,0.00223,0.99900,-1.80026,-0.09955,-0.02445,
1686286441484471040,-12.21118,-2.47536,-0.11083,-0.04569,-0.00615,0.00175,0.99894,-1.75810,-0.29415,0.00119,
1686286441585029376,-12.39108,-2.50492,-0.11243,-0.04891,-0.00609,-0.00094,0.99878,-1.80569,-0.32093,-0.02514,
1686286441684433152,-12.56773,-2.53653,-0.11336,-0.05301,-0.00661,-0.00323,0.99857,-1.75560,-0.29839,0.00525,
1686286441784238592,-12.75690,-2.56300,-0.11493,-0.05739,-0.00531,-0.00222,0.99834,-1.72910,-0.18186,0.00268,
1686286441884217856,-12.93205,-2.58631,-0.11616,-0.06196,-0.00442,-0.00130,0.99807,-1.74467,-0.24851,-0.00551,
1686286441984664064,-13.12229,-2.61603,-0.11618,-0.06734,-0.00365,-0.00009,0.99772,-1.70311,-0.31231,0.04037,
1686286442084373760,-13.29225,-2.65017,-0.11268,-0.07558,-0.00238,0.00141,0.99714,-1.72113,-0.40802,0.00701,
1686286442184433664,-13.47285,-2.69451,-0.11240,-0.08568,-0.00136,0.00200,0.99632,-1.66782,-0.44290,0.02523,
1686286442284393216,-13.64141,-2.73815,-0.11047,-0.09363,0.00011,0.00251,0.99560,-1.73780,-0.43312,-0.03154,
1686286442384272896,-13.82160,-2.77807,-0.11333,-0.09603,-0.00066,0.00164,0.99538,-1.78986,-0.29952,0.00392,
1686286442484499712,-14.01086,-2.80521,-0.11702,-0.09566,-0.00096,0.00388,0.99541,-1.81949,-0.19951,-0.02361,
1686286442584240896,-14.19375,-2.83183,-0.11725,-0.09537,-0.00233,0.00536,0.99542,-1.80982,-0.32360,0.00025,
1686286442684389888,-14.37844,-2.86682,-0.11698,-0.09613,-0.00366,0.00503,0.99535,-1.82629,-0.37926,-0.01952,
1686286442784384768,-14.55972,-2.90216,-0.11530,-0.09753,-0.00518,0.00474,0.99521,-1.81284,-0.29767,0.03083,
1686286442884423424,-14.74015,-2.92996,-0.11377,-0.09906,-0.00547,0.00671,0.99504,-1.80317,-0.25820,0.01407,
1686286442984350976,-14.92671,-2.96384,-0.11161,-0.09938,-0.00373,0.00721,0.99502,-1.75184,-0.34424,0.03665,
1686286443084323840,-15.10564,-3.00153,-0.11102,-0.09981,-0.00240,0.00680,0.99498,-1.79027,-0.38154,0.00906,
1686286443184256000,-15.28257,-3.03459,-0.10911,-0.10124,-0.00080,0.00763,0.99483,-1.80538,-0.28722,0.02413,
1686286443284648704,-15.46750,-3.06132,-0.10972,-0.10150,-0.00045,0.01044,0.99478,-1.85804,-0.23747,-0.00014,
1686286443384660736,-15.65555,-3.09166,-0.10880,-0.10193,-0.00051,0.01287,0.99471,-1.84205,-0.36708,0.00378,
1686286443484329728,-15.84197,-3.13733,-0.10766,-0.10746,-0.00163,0.01358,0.99412,-1.79839,-0.62779,0.01653,
1686286443584639232,-16.02108,-3.20557,-0.10591,-0.11747,-0.00225,0.00985,0.99302,-1.75283,-0.74944,0.00795,
1686286443684354560,-16.19515,-3.27124,-0.10546,-0.12369,-0.00200,0.00512,0.99231,-1.80731,-0.53528,0.00117,
1686286443784264960,-16.38892,-3.31247,-0.10555,-0.12428,-0.00320,0.00638,0.99222,-1.92832,-0.27982,-0.02521,
1686286443884417792,-16.58098,-3.34832,-0.10814,-0.12412,-0.00545,0.00891,0.99221,-1.89776,-0.37463,-0.02137,
1686286443984200192,-16.77714,-3.39836,-0.11088,-0.12509,-0.00637,0.00875,0.99209,-1.85560,-0.57014,-0.00894,
1686286444084242432,-16.96438,-3.46250,-0.11409,-0.12813,-0.00697,0.00555,0.99172,-1.84073,-0.67867,-0.01869,
1686286444184372736,-17.15089,-3.52979,-0.11528,-0.13542,-0.00783,0.00391,0.99075,-1.82803,-0.71888,-0.00947,
1686286444284328704,-17.33427,-3.60670,-0.11924,-0.14335,-0.00912,-0.00031,0.98963,-1.81989,-0.77509,-0.04451,
1686286444384238592,-17.51956,-3.68192,-0.12055,-0.14611,-0.00804,-0.00487,0.98922,-1.77078,-0.63400,0.02551,
1686286444484248064,-17.71579,-3.74309,-0.12308,-0.14591,-0.00665,-0.00569,0.98926,-1.90913,-0.50155,-0.03585,
1686286444584790784,-17.90515,-3.79572,-0.12332,-0.14656,-0.00596,-0.00478,0.98917,-1.86581,-0.51270,0.02681,
1686286444684364800,-18.09419,-3.85163,-0.12286,-0.14670,-0.00504,-0.00517,0.98915,-1.85926,-0.59183,-0.00182,
1686286444784611840,-18.29489,-3.92151,-0.12380,-0.14691,-0.00353,-0.00748,0.98912,-1.83287,-0.65817,-0.00602,
1686286444884950016,-18.48573,-3.98560,-0.12547,-0.14784,-0.00259,-0.00943,0.98896,-1.90633,-0.65249,-0.03128,
1686286444984339968,-18.67926,-4.04955,-0.12791,-0.15359,-0.00407,-0.00805,0.98809,-1.85900,-0.70838,0.00010,
1686286445085220096,-18.87181,-4.13360,-0.13018,-0.16319,-0.00358,-0.00893,0.98655,-1.79871,-0.83682,-0.01934,
1686286445184454912,-19.05351,-4.20701,-0.13174,-0.16846,-0.00409,-0.00987,0.98565,-1.88374,-0.63447,0.01182,
1686286445284575232,-19.24808,-4.26526,-0.13081,-0.16727,-0.00417,-0.00754,0.98587,-1.95327,-0.45509,-0.00343,
1686286445384418816,-19.44507,-4.31011,-0.13483,-0.16673,-0.00674,-0.00122,0.98598,-2.00555,-0.44694,-0.06604,
1686286445484258048,-19.64489,-4.36880,-0.14188,-0.16811,-0.00931,0.00203,0.98572,-1.87067,-0.68718,-0.01419,
1686286445584289280,-19.82943,-4.44689,-0.14279,-0.17457,-0.00952,0.00243,0.98460,-1.76011,-0.96387,-0.01698,
1686286445684263936,-20.01392,-4.55436,-0.14756,-0.18789,-0.00970,-0.00054,0.98214,-1.69562,-1.05698,-0.01595,
1686286445784206592,-20.18413,-4.65282,-0.14814,-0.20097,-0.00839,-0.00187,0.97956,-1.74971,-0.94350,-0.00588,
1686286445884423936,-20.36045,-4.74593,-0.15123,-0.21194,-0.00988,0.00030,0.97723,-1.75587,-0.92268,-0.04088,
1686286445984481280,-20.54207,-4.84033,-0.15432,-0.22442,-0.01003,0.00522,0.97443,-1.71563,-0.89507,-0.00809,
1686286446084508672,-20.71786,-4.94051,-0.15623,-0.23501,-0.00914,0.00750,0.97192,-1.74976,-1.02342,-0.02554,
1686286446184399104,-20.89081,-5.04784,-0.15796,-0.24208,-0.00996,0.00744,0.97018,-1.63989,-1.11209,-0.00112,
1686286446284841728,-21.05938,-5.15955,-0.15967,-0.25078,-0.00948,0.00705,0.96797,-1.59718,-1.10722,-0.00572,
1686286446384434176,-21.22390,-5.27405,-0.15951,-0.26033,-0.00867,0.00661,0.96546,-1.60380,-1.10212,0.01019,
1686286446484730112,-21.38536,-5.37826,-0.15785,-0.26914,-0.00765,0.00943,0.96302,-1.58525,-1.05815,0.03818,
1686286446584424192,-21.54163,-5.49059,-0.15493,-0.28014,-0.00570,0.01129,0.95988,-1.52734,-1.22227,0.01083,
1686286446684319232,-21.69064,-5.62188,-0.15255,-0.29270,-0.00371,0.01109,0.95613,-1.38977,-1.35055,0.03892,
1686286446784483072,-21.83017,-5.76414,-0.14915,-0.30715,-0.00101,0.00956,0.95161,-1.33672,-1.41281,0.05127,
1686286446884158976,-21.96795,-5.90514,-0.14627,-0.32300,0.00090,0.01037,0.94634,-1.38200,-1.42769,0.01088,
1686286446984452608,-22.10611,-6.05039,-0.14572,-0.33762,0.00113,0.01074,0.94122,-1.34034,-1.43635,0.04573,
1686286447084293632,-22.23668,-6.19889,-0.14049,-0.35037,0.00236,0.00960,0.93656,-1.33061,-1.51377,0.00563,
1686286447184377856,-22.37983,-6.35022,-0.14428,-0.35906,0.00036,0.00905,0.93327,-1.46207,-1.41933,0.01806,
1686286447284352512,-22.52052,-6.49242,-0.13600,-0.36405,0.00145,0.00906,0.93133,-1.39402,-1.37165,0.08346,
1686286447384576768,-22.66695,-6.63000,-0.13370,-0.36503,0.00283,0.00952,0.93094,-1.51739,-1.36199,0.01417,
1686286447484322304,-22.81993,-6.76297,-0.12882,-0.36464,0.00223,0.01032,0.93109,-1.51936,-1.32883,0.03139,
1686286447584311808,-22.97368,-6.89841,-0.12726,-0.36520,0.00160,0.01087,0.93086,-1.57281,-1.38729,0.00425,
1686286447684645888,-23.12617,-7.03618,-0.12461,-0.36570,0.00105,0.01101,0.93067,-1.49518,-1.33676,0.05842,
1686286447784347904,-23.27939,-7.17037,-0.12197,-0.36646,0.00164,0.01209,0.93036,-1.57035,-1.41931,-0.02942,
1686286447884225280,-23.43459,-7.32004,-0.12161,-0.36667,-0.00020,0.00867,0.93031,-1.50408,-1.54515,0.02011,
1686286447984541696,-23.58401,-7.47808,-0.12133,-0.36773,-0.00072,0.00366,0.92993,-1.44910,-1.61332,-0.01232,
1686286448084772864,-23.72756,-7.63336,-0.12033,-0.36934,0.00156,-0.00073,0.92929,-1.45852,-1.52245,0.05196,
1686286448184397568,-23.88459,-7.77915,-0.11761,-0.37247,0.00117,0.00100,0.92804,-1.62121,-1.48238,-0.01614,
1686286448284425472,-24.04387,-7.93398,-0.11948,-0.37994,-0.00215,0.00241,0.92501,-1.48124,-1.64064,-0.00269,
1686286448384330752,-24.18446,-8.10489,-0.11852,-0.38865,-0.00233,0.00041,0.92138,-1.34843,-1.78211,-0.00529,
1686286448484261888,-24.32024,-8.28576,-0.11966,-0.39799,-0.00221,-0.00079,0.91739,-1.31148,-1.80229,0.00786,
1686286448584389120,-24.45117,-8.47403,-0.11820,-0.40930,-0.00144,-0.00271,0.91239,-1.26309,-1.87355,0.01218,
1686286448684263680,-24.58112,-8.66295,-0.11834,-0.42069,-0.00215,-0.00367,0.90719,-1.20326,-1.84631,0.00848,
1686286448784631808,-24.69918,-8.84969,-0.11357,-0.43260,0.00067,-0.00417,0.90158,-1.16353,-1.84750,0.04689,
1686286448884625408,-24.82134,-9.03771,-0.11232,-0.43982,0.00324,-0.00579,0.89806,-1.32653,-1.82867,0.01714,
1686286448984306944,-24.96299,-9.21357,-0.10786,-0.44086,0.00391,-0.00383,0.89756,-1.48207,-1.67132,0.05764,
1686286449084260352,-25.11383,-9.38598,-0.10782,-0.44104,0.00285,-0.00133,0.89748,-1.44582,-1.67864,0.00724,
1686286449184311040,-25.25013,-9.56273,-0.10513,-0.44161,0.00382,-0.00233,0.89720,-1.26639,-1.86367,0.01097,
1686286449284392960,-25.37345,-9.75756,-0.10683,-0.44064,0.00666,-0.00996,0.89760,-1.30764,-2.01982,-0.10297,
1686286449384335104,-25.51383,-9.94407,-0.11303,-0.43682,0.00519,-0.01607,0.89939,-1.51958,-1.65676,0.03224,
1686286449484225280,-25.67827,-10.10978,-0.11529,-0.43001,0.00341,-0.01538,0.90268,-1.69815,-1.61118,-0.08393,
1686286449584363264,-25.84231,-10.27616,-0.12080,-0.42419,-0.00101,-0.01639,0.90542,-1.54631,-1.74574,-0.04682,
1686286449684535552,-26.01595,-10.45838,-0.14133,-0.42489,-0.01126,-0.01612,0.90503,-1.74317,-1.84721,-0.30945,
1686286449784406016,-26.16459,-10.64904,-0.15670,-0.42458,-0.01566,-0.02242,0.90498,-1.29704,-1.75796,-0.01861,
1686286449884288256,-26.30060,-10.84903,-0.17346,-0.42460,-0.01456,-0.03075,0.90474,-1.27232,-2.16828,-0.27903,
1686286449984575232,-26.43863,-11.04980,-0.17980,-0.42866,-0.01507,-0.03573,0.90263,-1.30049,-1.71564,0.22178,
1686286450084388608,-26.56604,-11.20002,-0.16266,-0.43708,-0.00826,-0.02508,0.89903,-1.38417,-1.57230,0.05236,
1686286450184344576,-26.71344,-11.36724,-0.17241,-0.44440,-0.00591,-0.01598,0.89567,-1.38840,-1.64932,-0.08079,
1686286450284438016,-26.84515,-11.55246,-0.16607,-0.44420,-0.00026,-0.01608,0.89578,-1.33495,-1.74423,0.04286,
1686286450384537088,-26.97161,-11.73696,-0.17697,-0.44141,0.00566,-0.01636,0.89714,-1.04636,-1.74326,-0.09419,
1686286450484485888,-27.10037,-11.92399,-0.17211,-0.44152,0.01061,-0.01794,0.89701,-1.49083,-1.97668,-0.00276,
1686286450584640768,-27.26410,-12.13766,-0.18486,-0.44560,-0.00165,-0.02404,0.89491,-1.55233,-1.95186,-0.15010,
1686286450684480768,-27.40566,-12.30651,-0.18806,-0.44722,-0.00206,-0.02093,0.89418,-1.29974,-1.58843,0.12347,
1686286450784493824,-27.53738,-12.47703,-0.18089,-0.44966,-0.00008,-0.01667,0.89304,-1.35633,-1.80552,-0.03254,
1686286450884408576,-27.66989,-12.65769,-0.18703,-0.45686,-0.00322,-0.01433,0.88942,-1.25056,-1.86481,-0.01244,
1686286450984564992,-27.78981,-12.84037,-0.18915,-0.46087,-0.00275,-0.01466,0.88734,-1.32875,-1.65988,-0.06439,
1686286451084454144,-27.91299,-13.01266,-0.19374,-0.45848,-0.00020,-0.01287,0.88861,-1.04853,-1.75172,0.03993,
1686286451184371200,-28.02765,-13.18060,-0.18578,-0.45774,0.00428,-0.01178,0.88900,-1.21049,-1.64736,0.05679,
1686286451284268544,-28.16039,-13.35383,-0.18395,-0.46061,0.00235,-0.01044,0.88754,-1.40678,-1.70501,-0.05453,
1686286451384555008,-28.31063,-13.51840,-0.18844,-0.46217,-0.00328,-0.00476,0.88677,-1.34990,-1.58355,0.03619,
1686286451484289792,-28.43470,-13.68066,-0.18901,-0.46183,-0.00253,-0.00302,0.88696,-1.18763,-1.73589,-0.10771,
1686286451584260864,-28.54813,-13.86196,-0.19532,-0.46382,-0.00110,-0.00611,0.88591,-1.00743,-1.75422,0.03621,
1686286451684252672,-28.65583,-14.03715,-0.19185,-0.46517,0.00116,-0.00849,0.88518,-1.22360,-1.80683,-0.03477,
1686286451784383488,-28.78426,-14.21586,-0.19729,-0.46650,-0.00350,-0.00991,0.88446,-1.33638,-1.63172,0.03677,
1686286451884315904,-28.91194,-14.36370,-0.19401,-0.47020,-0.00551,-0.00175,0.88254,-1.19396,-1.46150,0.00354,
1686286451984427520,-29.02904,-14.53774,-0.19857,-0.47396,-0.00664,0.00019,0.88052,-1.00707,-1.78233,-0.05738,
1686286452084244480,-29.11961,-14.71802,-0.20071,-0.48004,-0.00636,-0.00261,0.87722,-0.78919,-1.80965,-0.02648,
1686286452184297472,-29.21462,-14.90523,-0.20883,-0.48727,-0.00596,-0.00393,0.87322,-0.99952,-1.75222,-0.02530,
1686286452284452864,-29.32003,-15.07507,-0.20956,-0.49339,-0.00819,-0.00030,0.86977,-1.03487,-1.71142,-0.01477,
1686286452384424448,-29.41240,-15.26259,-0.21635,0.50033,0.00954,0.00200,-0.86578,-0.77250,-1.94255,-0.10643,
1686286452484367360,-29.49467,-15.45674,-0.22545,0.50749,0.01183,0.00650,-0.86155,-0.82536,-1.84703,-0.06448,
1686286452584562944,-29.57905,-15.64043,-0.23036,0.51490,0.01290,0.00642,-0.85713,-0.84337,-1.72548,-0.03948,
1686286452684285952,-29.67125,-15.81603,-0.23820,0.52258,0.01582,0.00316,-0.85244,-0.91838,-1.76685,-0.07811,
1686286452784530944,-29.75525,-15.99541,-0.24064,0.52962,0.01825,0.00135,-0.84804,-0.80185,-1.75962,0.00392,
1686286452884451840,-29.82608,-16.17698,-0.24409,0.53722,0.01981,0.00128,-0.84321,-0.56979,-1.86482,-0.04805,
1686286452984469504,-29.87277,-16.36036,-0.24655,0.54523,0.01624,0.00415,-0.83812,-0.38540,-1.74551,-0.00600,
1686286453084353792,-29.91442,-16.54254,-0.24863,0.55426,0.01110,0.00506,-0.83225,-0.45161,-1.80906,-0.04976,
1686286453184467456,-29.96593,-16.72996,-0.25267,0.56295,0.01047,0.00594,-0.82640,-0.54210,-1.88396,-0.03845,
1686286453284429568,-30.02491,-16.90926,-0.25538,0.57135,0.01168,0.00355,-0.82062,-0.65415,-1.77958,-0.08499,
1686286453384333568,-30.08536,-17.09678,-0.26481,0.57970,0.01503,0.00198,-0.81469,-0.47263,-1.81577,0.02045,
1686286453484427776,-30.12790,-17.27446,-0.25761,0.58664,0.01333,0.00071,-0.80974,-0.41726,-1.72358,0.04180,
1686286453584359424,-30.16204,-17.46046,-0.26111,0.59401,0.01283,0.00266,-0.80435,-0.22996,-1.93982,-0.08514,
1686286453684723200,-30.18379,-17.64255,-0.26203,0.59948,0.00849,0.00762,-0.80031,-0.26718,-1.69636,0.05182,
1686286453784626688,-30.22778,-17.81048,-0.26157,0.60113,0.00535,0.00588,-0.79911,-0.62086,-1.68331,-0.05102,
1686286453884280064,-30.29374,-17.97602,-0.26140,0.60055,0.00610,0.00242,-0.79956,-0.68959,-1.54943,0.05741,
1686286453984227840,-30.35861,-18.13580,-0.26007,0.59796,0.00204,-0.00005,-0.80152,-0.53803,-1.61433,-0.03287,
1686286454084643328,-30.41017,-18.32084,-0.26354,0.58737,-0.00188,0.01091,-0.80924,-0.56633,-1.79088,-0.03261,
1686286454184317952,-30.48423,-18.49184,-0.26507,0.57547,-0.00234,0.01509,-0.81768,-0.95449,-1.43947,0.01446,
1686286454284264448,-30.60029,-18.62672,-0.26433,0.56403,0.00041,0.00475,-0.82574,-1.30932,-1.23829,0.02046,
1686286454384132608,-30.71561,-18.77551,-0.27021,0.55510,0.00672,0.00014,-0.83175,-0.82915,-1.64404,-0.07570,
1686286454484443904,-30.75903,-18.95744,-0.28047,0.55294,0.00254,0.01431,-0.83310,-0.18656,-1.82512,-0.13031,
1686286454584390912,-30.77318,-19.14931,-0.29980,0.55872,-0.00135,0.02953,-0.82883,-0.22088,-1.93470,-0.22603,
1686286454684525312,-30.83649,-19.31677,-0.31224,0.56291,0.00374,0.02870,-0.82601,-1.11018,-1.48408,-0.04300,
1686286454784604160,-30.96553,-19.45341,-0.31328,0.56120,0.01732,0.01017,-0.82743,-1.29362,-1.12181,0.14543,
1686286454884337152,-31.08671,-19.53868,-0.27856,0.56409,0.02407,-0.02035,-0.82511,-1.06471,-0.87619,0.29329,
1686286454984268288,-31.14008,-19.67391,-0.26911,0.56936,0.02423,-0.01796,-0.82153,0.01913,-1.54639,0.08180,
1686286455084404224,-31.11219,-19.78767,-0.24318,0.58023,0.00646,-0.01593,-0.81427,0.47109,-0.91587,0.35402,
1686286455184587776,-31.05631,-19.88816,-0.22525,0.58476,-0.01942,-0.00734,-0.81094,0.46242,-1.20518,0.10131,
1686286455284709632,-31.05131,-19.99278,-0.21449,0.58412,-0.03172,-0.00489,-0.81104,-0.28487,-0.89668,0.15836,
1686286455384367360,-31.10445,-20.08280,-0.18859,0.58656,-0.03936,-0.01565,-0.80880,-0.61609,-0.88251,0.08897,
1686286455484385280,-31.16886,-20.16449,-0.19482,0.58885,-0.03978,-0.03160,-0.80665,-0.85890,-1.05392,0.06021,
1686286455584346880,-31.22385,-20.26863,-0.18050,0.58881,-0.04464,-0.03939,-0.80608,-0.54162,-1.08521,0.13158,
1686286455684280064,-31.28931,-20.39762,-0.16542,0.59505,-0.03581,-0.04371,-0.80170,-0.63975,-1.44737,0.05964,
1686286455784361472,-31.34042,-20.52775,-0.15580,0.59750,-0.03287,-0.04387,-0.80000,-0.38478,-1.18426,0.17344,
1686286455885031680,-31.35153,-20.66172,-0.14097,0.59180,-0.03511,-0.03548,-0.80454,-0.04361,-1.43405,0.11401,
1686286455984435968,-31.36685,-20.78761,-0.12906,0.59262,-0.03823,-0.03087,-0.80398,-0.19309,-1.26986,0.12863,
1686286456084562432,-31.40160,-20.92008,-0.12488,0.59713,-0.03756,-0.02654,-0.80082,-0.56260,-1.32592,-0.01193,
1686286456184618752,-31.43973,-21.05232,-0.11786,0.59571,-0.03596,-0.02519,-0.80200,-0.20528,-1.33178,0.16957,
1686286456284560896,-31.47700,-21.20689,-0.11321,0.59536,-0.03161,-0.01807,-0.80263,-0.48325,-1.76716,-0.15289,
1686286456384390400,-31.52226,-21.36072,-0.11710,0.59778,-0.02423,-0.01142,-0.80121,-0.48504,-1.37658,0.16442,
1686286456484321536,-31.57959,-21.48729,-0.10739,0.59776,-0.02148,-0.01566,-0.80123,-0.63279,-1.32514,0.05111,
1686286456584433664,-31.63365,-21.63766,-0.10745,0.59804,-0.01744,-0.01387,-0.80116,-0.45359,-1.54520,-0.01634,
1686286456684404224,-31.67291,-21.78496,-0.10127,0.59940,-0.01390,-0.01201,-0.80024,-0.27113,-1.44035,0.11988,
1686286456784421632,-31.70797,-21.93970,-0.09498,0.60433,-0.00974,-0.00852,-0.79663,-0.38396,-1.54791,-0.01237,
1686286456884614912,-31.73958,-22.09230,-0.09502,0.60810,-0.00826,-0.00792,-0.79378,-0.39716,-1.24991,0.10933,
1686286456984612352,-31.77180,-22.22862,-0.08220,0.60778,-0.00875,-0.00904,-0.79401,-0.23241,-1.46052,0.06831,
1686286457084328192,-31.79833,-22.38455,-0.07616,0.61273,-0.01178,-0.00879,-0.79016,-0.21828,-1.30436,0.06822,
1686286457184512768,-31.82533,-22.51765,-0.06807,0.61882,-0.01405,-0.01166,-0.78532,-0.37412,-1.43730,0.03658,
1686286457284445184,-31.85773,-22.66533,-0.06340,0.61934,-0.01223,-0.01019,-0.78496,-0.33498,-1.49025,0.02234,
1686286457384563200,-31.88937,-22.81649,-0.06298,0.61955,-0.01270,-0.00874,-0.78480,-0.31969,-1.42881,0.01586,
1686286457484281856,-31.92838,-22.96226,-0.06127,0.62095,-0.01084,-0.00870,-0.78373,-0.53407,-1.48893,-0.01722,
1686286457584576512,-31.97989,-23.10780,-0.06051,0.62186,-0.00569,-0.00993,-0.78305,-0.52034,-1.39446,0.03250,
1686286457684784640,-32.02671,-23.25076,-0.05906,0.62174,-0.00179,-0.01104,-0.78314,-0.42129,-1.45209,-0.01028,
1686286457784573184,-32.06127,-23.40834,-0.06213,0.62170,0.00226,-0.00681,-0.78322,-0.29158,-1.49280,-0.00504,
1686286457884839936,-32.09176,-23.54978,-0.06196,0.62217,0.00491,-0.00427,-0.78285,-0.34616,-1.32225,0.01247,
1686286457984783104,-32.13238,-23.68598,-0.06326,0.62326,0.00783,-0.00478,-0.78196,-0.50243,-1.31523,-0.00515,
1686286458084407808,-32.17874,-23.83303,-0.06273,0.62278,0.01198,-0.00573,-0.78229,-0.36917,-1.23216,0.00151,
1686286458184579840,-32.20752,-23.95895,-0.06432,0.62150,0.01320,-0.00439,-0.78329,-0.18535,-1.14092,0.00201,
1686286458284701696,-32.22545,-24.07005,-0.06228,0.62250,0.01257,-0.00197,-0.78252,-0.18791,-0.94300,-0.03955,
1686286458384397056,-32.24479,-24.15288,-0.06828,0.62478,0.01896,0.00283,-0.78056,-0.11300,-0.27140,0.03819,
1686286458484510464,-32.25450,-24.17933,-0.06698,0.62449,0.01710,0.00047,-0.78084,-0.04323,0.40785,-0.00755,
1686286458584299520,-32.24882,-24.14906,-0.06506,0.62376,0.01026,-0.00596,-0.78153,0.21194,0.39481,0.06631,
1686286458684522752,-32.23770,-24.14485,-0.06076,0.62356,0.00503,-0.00604,-0.78174,0.03201,-0.15950,-0.04953,
1686286458784371712,-32.24174,-24.17617,-0.06062,0.62421,0.00784,-0.00279,-0.78121,-0.12744,-0.12919,0.01032,
1686286458884715264,-32.26021,-24.21024,-0.06918,0.62412,0.01175,-0.00363,-0.78123,-0.11028,0.09977,0.01025,
1686286458984361472,-32.26415,-24.20865,-0.06813,0.62380,0.01132,-0.00522,-0.78148,0.04110,0.03730,-0.00393,
1686286459084491776,-32.25678,-24.21302,-0.06816,0.62391,0.00995,-0.00386,-0.78142,0.07862,-0.05511,-0.00301,
1686286459184332032,-32.25315,-24.21675,-0.06858,0.62413,0.00977,-0.00270,-0.78125,-0.05872,0.00745,0.00033,
1686286459284370688,-32.25906,-24.21679,-0.06904,0.62397,0.01055,-0.00392,-0.78137,-0.09378,0.03150,0.00089,
1686286459384744448,-32.26201,-24.21789,-0.06901,0.62384,0.01104,-0.00451,-0.78146,0.01755,-0.01508,-0.00398,
1686286459484290560,-32.25766,-24.22109,-0.06934,0.62392,0.01054,-0.00355,-0.78141,0.04640,-0.01055,0.00120,
1686286459584319488,-32.25518,-24.22192,-0.06949,0.62400,0.01002,-0.00317,-0.78135,-0.04460,0.01303,-0.00105,
1686286459684453120,-32.25845,-24.22185,-0.06969,0.62390,0.01052,-0.00386,-0.78142,-0.06066,0.00356,-0.00347,
1686286459784487936,-32.25969,-24.22296,-0.06997,0.62383,0.01091,-0.00401,-0.78147,0.01151,-0.00283,-0.00214,
1686286459884624896,-32.25672,-24.22398,-0.07008,0.62388,0.01043,-0.00351,-0.78145,0.01705,0.00299,0.00044,
1686286459984275456,-32.25561,-24.22425,-0.07012,0.62390,0.01018,-0.00339,-0.78143,-0.03908,0.00324,-0.00200,
1686286460084760576,-32.25764,-24.22461,-0.07025,0.62385,0.01058,-0.00372,-0.78146,-0.03658,0.00259,-0.00267,
1686286460184578048,-32.25788,-24.22503,-0.07037,0.62382,0.01072,-0.00377,-0.78149,0.00537,0.00363,-0.00100,
1686286460284327680,-32.25605,-24.22522,-0.07021,0.62384,0.01041,-0.00352,-0.78147,-0.00202,0.00215,-0.00002,
1686286460384401920,-32.25590,-24.22557,-0.07030,0.62385,0.01039,-0.00348,-0.78147,-0.03409,0.00486,-0.00198,
1686286460484737536,-32.25712,-24.22580,-0.07059,0.62381,0.01060,-0.00367,-0.78150,-0.02672,0.00726,-0.00037,
1686286460584372736,-32.25667,-24.22594,-0.07054,0.62380,0.01059,-0.00362,-0.78150,0.00769,-0.00037,-0.00256,
1686286460684540416,-32.25486,-24.22616,-0.07032,0.62385,0.01033,-0.00334,-0.78147,-0.00357,0.00167,-0.00039,
1686286460784337664,-32.25471,-24.22624,-0.07038,0.62383,0.01031,-0.00333,-0.78149,-0.03733,0.00618,-0.00210,
1686286460884619264,-32.25616,-24.22635,-0.07060,0.62379,0.01057,-0.00354,-0.78151,-0.02455,0.00200,-0.00168,
1686286460984546304,-32.25578,-24.22658,-0.07069,0.62377,0.01058,-0.00351,-0.78153,0.00351,0.00244,-0.00239,
1686286461084416768,-32.25420,-24.22666,-0.07067,0.62380,0.01032,-0.00326,-0.78151,-0.00854,0.00509,-0.00293,
1686286461184365056,-32.25462,-24.22628,-0.07054,0.62381,0.01040,-0.00339,-0.78150,-0.04233,0.00561,-0.00288,
1686286461284315136,-32.25583,-24.22621,-0.07059,0.62375,0.01068,-0.00358,-0.78154,-0.01921,0.00267,-0.00120,
1686286461384372736,-32.25484,-24.22604,-0.07040,0.62378,0.01058,-0.00349,-0.78152,0.00189,0.00162,0.00032,
1686286461484533760,-32.25397,-24.22585,-0.07036,0.62376,0.01044,-0.00341,-0.78154,-0.01750,0.00482,-0.00282,
1686286461584294400,-32.25473,-24.22610,-0.07071,0.62377,0.01054,-0.00344,-0.78153,-0.02983,0.00497,-0.00130,
1686286461684488704,-32.25513,-24.22580,-0.07077,0.62376,0.01058,-0.00347,-0.78154,-0.01320,0.00220,-0.00247,
1686286461784806144,-32.25435,-24.22577,-0.07076,0.62376,0.01049,-0.00336,-0.78154,-0.01427,0.00126,-0.00159,
1686286461884403712,-32.25387,-24.22568,-0.07074,0.62376,0.01043,-0.00331,-0.78154,-0.02187,0.00588,-0.00508,
1686286461984341504,-32.25441,-24.22522,-0.07053,0.62375,0.01056,-0.00345,-0.78155,-0.02156,0.00311,-0.00307,
1686286462084603392,-32.25435,-24.22491,-0.07055,0.62375,0.01057,-0.00345,-0.78155,-0.01174,0.00066,-0.00244,
1686286462184540160,-32.25376,-24.22492,-0.07072,0.62376,0.01046,-0.00336,-0.78154,-0.01659,0.00291,-0.00432,
1686286462284369920,-32.25380,-24.22474,-0.07070,0.62376,0.01049,-0.00338,-0.78154,-0.02489,0.00418,-0.00412,
1686286462384261888,-32.25399,-24.22436,-0.07052,0.62374,0.01056,-0.00344,-0.78155,-0.01752,0.00268,-0.00399,
1686286462484592384,-32.25381,-24.22413,-0.07060,0.62376,0.01050,-0.00339,-0.78154,-0.01330,0.00080,-0.00404,
1686286462584321792,-32.25349,-24.22409,-0.07078,0.62376,0.01047,-0.00335,-0.78154,-0.02088,0.00270,-0.00414,
1686286462684438528,-32.25364,-24.22384,-0.07074,0.62375,0.01051,-0.00339,-0.78154,-0.02172,0.00222,-0.00405,
1686286462784363520,-32.25362,-24.22361,-0.07070,0.62375,0.01053,-0.00341,-0.78155,-0.01578,-0.00020,-0.00298,
1686286462884286208,-32.25325,-24.22332,-0.07048,0.62375,0.01049,-0.00337,-0.78154,-0.01752,0.00095,-0.00262,
1686286462984167680,-32.25322,-24.22303,-0.07025,0.62376,0.01050,-0.00338,-0.78154,-0.02289,0.00112,-0.00300,
1686286463084514304,-32.25333,-24.22302,-0.07043,0.62375,0.01054,-0.00341,-0.78155,-0.01970,0.00030,-0.00321,
1686286463184293632,-32.25314,-24.22274,-0.07037,0.62375,0.01052,-0.00339,-0.78155,-0.01656,-0.00115,-0.00289,
1686286463284266752,-32.25291,-24.22241,-0.07017,0.62375,0.01050,-0.00338,-0.78155,-0.02039,-0.00069,-0.00366,
1686286463384782592,-32.25297,-24.22236,-0.07035,0.62374,0.01053,-0.00339,-0.78155,-0.02101,-0.00163,-0.00362,
1686286463484516864,-32.25291,-24.22211,-0.07029,0.62361,0.01053,-0.00342,-0.78166,-0.02180,-0.00202,-0.00309,
1686286463584337152,-32.25336,-24.22152,-0.07032,0.62349,0.01058,-0.00348,-0.78176,-0.01629,-0.00186,-0.00196,
1686286463684372736,-32.25288,-24.22169,-0.07044,0.62333,0.01054,-0.00350,-0.78188,-0.02495,-0.00277,-0.00446,
1686286463784513280,-32.25382,-24.22096,-0.07045,0.62311,0.01062,-0.00360,-0.78205,-0.02035,-0.00443,-0.00191,
1686286463884697088,-32.25338,-24.22083,-0.07035,0.62301,0.01060,-0.00363,-0.78214,-0.02022,-0.00287,-0.00379,
1686286463984514560,-32.25425,-24.21999,-0.07031,0.62262,0.01067,-0.00372,-0.78244,-0.02249,-0.00422,-0.00277,
1686286464084686336,-32.25367,-24.21990,-0.07021,0.62288,0.01062,-0.00369,-0.78223,-0.01948,-0.00568,-0.00410,
1686286464184530944,-32.25336,-24.21966,-0.07031,0.62351,0.01059,-0.00362,-0.78174,-0.00309,-0.00884,-0.00084,
1686286464284310784,-32.25129,-24.22047,-0.07029,0.62383,0.01044,-0.00335,-0.78148,-0.01922,-0.00790,-0.00563,
1686286464384567808,-32.25248,-24.21987,-0.07039,0.62362,0.01052,-0.00336,-0.78165,-0.02108,-0.00540,-0.00154,
1686286464484558080,-32.25178,-24.21991,-0.07031,0.62375,0.01052,-0.00346,-0.78154,-0.02262,-0.00665,-0.00443,
1686286464585580544,-32.25250,-24.21952,-0.07031,0.62343,0.01059,-0.00352,-0.78180,-0.02468,-0.00921,-0.00304,
1686286464684299520,-32.25317,-24.21918,-0.07029,0.62259,0.01064,-0.00361,-0.78247,-0.02790,-0.00550,-0.00332,
1686286464784338688,-32.25432,-24.21806,-0.07018,0.62212,0.01066,-0.00371,-0.78284,-0.03299,0.00488,-0.00105,
1686286464884508672,-32.25552,-24.21684,-0.07007,0.62172,0.01075,-0.00408,-0.78316,-0.02789,-0.01151,-0.00420,
1686286464984416000,-32.25560,-24.21675,-0.07020,0.62178,0.01079,-0.00400,-0.78311,-0.01311,-0.01358,-0.00242,
1686286465084348160,-32.25477,-24.21684,-0.07020,0.62168,0.01070,-0.00391,-0.78319,-0.01322,-0.00669,-0.00225,
1686286465184574208,-32.25506,-24.21637,-0.06996,0.62178,0.01069,-0.00391,-0.78311,-0.02127,-0.01643,-0.00137,
1686286465284340736,-32.25492,-24.21566,-0.06980,0.62271,0.01077,-0.00403,-0.78236,-0.00520,-0.00444,0.00117,
1686286465384526592,-32.25196,-24.21686,-0.06969,0.62308,0.01035,-0.00386,-0.78208,-0.00556,-0.03726,-0.00115,
1686286465485645056,-32.25387,-24.21960,-0.06963,0.62259,0.01032,-0.00383,-0.78247,-0.04177,-0.06659,-0.00154,
1686286465584356864,-32.25497,-24.22637,-0.06943,0.62328,0.01032,-0.00399,-0.78192,-0.04507,-0.12161,0.00009,
1686286465684609536,-32.25592,-24.23887,-0.06957,0.62366,0.01035,-0.00379,-0.78162,-0.02372,-0.16841,-0.00092,
1686286465784618496,-32.25819,-24.25456,-0.06945,0.62401,0.01009,-0.00369,-0.78134,-0.04049,-0.21202,0.00260,
1686286465884419840,-32.25993,-24.27663,-0.06913,0.62535,0.00998,-0.00371,-0.78027,-0.06209,-0.28749,-0.00463,
1686286465984446208,-32.26289,-24.30475,-0.06925,0.62671,0.00996,-0.00388,-0.77918,-0.05933,-0.34112,0.00082,
1686286466084481024,-32.26713,-24.33778,-0.06899,0.62804,0.01034,-0.00398,-0.77810,-0.05887,-0.38579,-0.00122,
1686286466184314368,-32.26949,-24.37374,-0.06854,0.62984,0.00987,-0.00388,-0.77665,-0.02646,-0.38621,0.01060,
1686286466284931072,-32.26954,-24.41148,-0.06724,0.63191,0.00911,-0.00355,-0.77498,-0.01166,-0.42790,0.00897,
1686286466384261632,-32.26687,-24.44567,-0.09509,0.63402,0.00734,-0.00398,-0.77327,-0.05346,-0.58740,-0.06574,
1686286466484545280,-32.27345,-24.49340,-0.06694,0.63662,0.00715,-0.00364,-0.77114,-0.04687,-0.45596,-0.00056,
1686286466586167808,-32.27622,-24.53935,-0.06672,0.63919,0.00685,-0.00379,-0.76901,-0.04193,-0.46660,0.00533,
1686286466684331520,-32.27763,-24.58934,-0.06679,0.64124,0.00626,-0.00372,-0.76730,-0.00710,-0.47857,0.00059,
1686286466784361728,-32.27816,-24.63819,-0.06594,0.64432,0.00562,-0.00353,-0.76473,0.01201,-0.49025,0.00074,
1686286466884348928,-32.27795,-24.68861,-0.06613,0.64810,0.00547,-0.00351,-0.76152,-0.04409,-0.50953,-0.00476,
1686286466984700672,-32.28623,-24.74053,-0.06644,0.65114,0.00663,-0.00480,-0.75891,-0.10970,-0.51998,-0.00449,
1686286467084252416,-32.29607,-24.79353,-0.06789,0.65364,0.00849,-0.00639,-0.75673,-0.09247,-0.53397,-0.00270,
1686286467184269312,-32.30172,-24.84831,-0.06758,0.65641,0.00933,-0.00748,-0.75431,-0.03780,-0.51678,0.00439,
1686286467284443904,-32.30123,-24.90222,-0.06772,0.65926,0.00922,-0.00759,-0.75182,0.01475,-0.52337,0.00419,
1686286467384434944,-32.30047,-24.95466,-0.06651,0.66189,0.00883,-0.00820,-0.74950,-0.01563,-0.51072,0.02870,
1686286467484657920,-32.30356,-25.00866,-0.06513,0.66470,0.00846,-0.00940,-0.74700,-0.04357,-0.55590,0.00076,
1686286467584309760,-32.30588,-25.06765,-0.06452,0.66788,0.00902,-0.01019,-0.74414,-0.02712,-0.63406,-0.00797,
1686286467684708608,-32.30508,-25.13524,-0.06524,0.67068,0.00974,-0.00946,-0.74163,0.02965,-0.71382,-0.01096,
1686286467784474624,-32.29752,-25.21098,-0.06690,0.67420,0.00915,-0.00757,-0.73846,0.10572,-0.75609,-0.00489,
1686286467884733696,-32.28720,-25.29103,-0.06771,0.67874,0.00758,-0.00629,-0.73431,0.07696,-0.83591,-0.00754,
1686286467984283904,-32.27965,-25.37918,-0.06837,0.68346,0.00643,-0.00591,-0.72994,0.04951,-0.98422,-0.03316,
1686286468088880384,-32.27107,-25.49133,-0.07132,0.68776,0.00711,-0.00402,-0.72589,0.08798,-1.06892,0.00337,
1686286468184284928,-32.26068,-25.59501,-0.07043,0.69218,0.00696,-0.00310,-0.72168,0.11911,-1.14328,-0.03084,
1686286468284284160,-32.24446,-25.71391,-0.07427,0.69730,0.00707,0.00007,-0.71674,0.18057,-1.24873,-0.02366,
1686286468384574208,-32.22881,-25.83492,-0.07281,0.70301,0.00668,0.00160,-0.71115,0.12710,-1.18509,-0.02381,
1686286468484376576,-32.21854,-25.96191,-0.08075,0.70909,0.00841,0.00124,-0.70507,0.03640,-1.35444,-0.10719,
1686286468584305408,-32.21630,-26.10170,-0.08368,0.71312,0.01325,0.00186,-0.70091,-0.08500,-1.46828,-0.04344,
1686286468684486656,-32.22024,-26.25675,-0.09506,0.71381,0.02093,0.00538,-0.70000,-0.05664,-1.54075,-0.14403,
1686286468784420096,-32.21914,-26.40603,-0.10940,0.71332,0.02399,0.00901,-0.70037,0.05625,-1.50214,-0.13158,
1686286468884584704,-32.20632,-26.56611,-0.12733,0.71341,0.02691,0.01532,-0.70006,0.15095,-1.62981,-0.18444,
1686286468984268032,-32.19423,-26.72418,-0.14403,0.71388,0.02922,0.02181,-0.69932,0.09703,-1.53189,-0.11982,
1686286469084633600,-32.18550,-26.88310,-0.16033,0.71420,0.03035,0.02611,-0.69880,0.04731,-1.60684,-0.14850,
1686286469184388096,-32.18376,-27.03802,-0.17138,0.71428,0.03255,0.02793,-0.69854,0.00230,-1.54352,-0.07675,
1686286469284787968,-32.17868,-27.20098,-0.18743,0.71410,0.03410,0.03180,-0.69849,0.00625,-1.60838,-0.23633,
1686286469384834560,-32.17929,-27.35889,-0.20429,0.71574,0.03783,0.03325,-0.69655,0.02787,-1.48815,-0.10691,
1686286469484571648,-32.17734,-27.51164,-0.21933,0.71824,0.04043,0.03297,-0.69384,0.01312,-1.57769,-0.26335,
1686286469584359168,-32.17306,-27.64526,-0.23109,0.72127,0.04271,0.03050,-0.69066,0.16446,-1.01563,0.18111,
1686286469684661504,-32.15119,-27.75033,-0.21677,0.72585,0.03351,0.02303,-0.68665,0.19293,-0.97507,0.03310,
1686286469784465664,-32.12573,-27.84976,-0.21246,0.73025,0.02635,0.01919,-0.68241,0.24848,-0.95132,0.05973,
1686286469884377856,-32.10176,-27.95369,-0.20648,0.73314,0.02144,0.01604,-0.67955,0.17957,-0.89590,0.01569,
1686286469984340992,-32.08540,-28.05566,-0.20558,0.73752,0.01888,0.01217,-0.67496,0.09772,-0.90711,0.03387,
1686286470084391168,-32.07379,-28.15225,-0.20249,0.74139,0.01742,0.00797,-0.67080,0.08823,-0.89225,0.02139,
1686286470184563200,-32.05756,-28.23759,-0.20356,0.74282,0.01413,0.00482,-0.66932,0.23062,-0.75923,0.02595,
1686286470284284928,-32.02957,-28.31509,-0.20065,0.74569,0.00742,0.00228,-0.66625,0.25331,-0.76060,0.01257,
1686286470384287488,-32.01129,-28.39448,-0.20019,0.74914,0.00480,0.00012,-0.66239,0.08015,-0.78869,0.01297,
1686286470484270336,-32.00635,-28.47002,-0.19802,0.75011,0.00308,-0.00548,-0.66129,-0.00489,-0.70820,0.02396,
1686286470584537344,-32.00173,-28.53873,-0.19715,0.75091,-0.00054,-0.01236,-0.66029,0.13665,-0.74829,0.00478,
1686286470684771328,-31.98221,-28.62555,-0.19329,0.75109,-0.00178,-0.01007,-0.66012,0.17885,-0.94106,0.01173,
1686286470784532992,-31.96441,-28.71221,-0.19558,0.75157,-0.00154,-0.00642,-0.65962,0.15415,-0.80953,-0.01354,
1686286470884244736,-31.95575,-28.79482,-0.19769,0.75230,-0.00125,-0.00601,-0.65879,0.08081,-0.84952,-0.00506,
1686286470984743168,-31.94324,-28.88231,-0.19882,0.75227,-0.00049,-0.00454,-0.65883,0.14303,-0.86582,-0.00072,
1686286471084439040,-31.92812,-28.96734,-0.19956,0.75216,-0.00093,-0.00280,-0.65898,0.15562,-0.86899,0.00352,
1686286471184581632,-31.90897,-29.05714,-0.20131,0.75297,-0.00204,-0.00038,-0.65806,0.20444,-0.91578,-0.01926,
1686286471284709888,-31.88715,-29.14987,-0.20319,0.75376,-0.00299,0.00229,-0.65714,0.17192,-0.96662,-0.01956,
1686286471384506880,-31.87790,-29.25518,-0.20731,0.75449,0.00079,0.00377,-0.65630,-0.03421,-1.16997,-0.12617,
1686286471484587008,-31.87454,-29.36414,-0.21164,0.75409,0.00535,0.00564,-0.65673,0.03496,-0.98184,0.04545,
1686286471584584960,-31.86807,-29.47118,-0.21541,0.75403,0.00891,0.00552,-0.65676,0.17837,-1.18624,-0.20162,
1686286471684422400,-31.83751,-29.59772,-0.23437,0.75479,0.01213,0.01509,-0.65568,0.28182,-1.15895,-0.08334,
1686286471784510464,-31.81605,-29.71056,-0.24130,0.75602,0.01427,0.01915,-0.65411,0.14646,-1.10557,-0.07672,
1686286471884330496,-31.80421,-29.83199,-0.25633,0.75572,0.01892,0.02262,-0.65423,0.05516,-1.23407,-0.17292,
1686286471984491264,-31.79018,-29.94824,-0.26757,0.75517,0.02247,0.02671,-0.65460,0.23143,-1.09677,-0.07775,
1686286472084232960,-31.75981,-30.06470,-0.28277,0.75519,0.02211,0.03269,-0.65431,0.35724,-1.18416,-0.22786,
1686286472184588288,-31.72441,-30.19131,-0.30203,0.75587,0.02302,0.04108,-0.65302,0.29453,-1.22413,-0.13973,
1686286472284506112,-31.70180,-30.31783,-0.31977,0.75671,0.02685,0.04771,-0.65146,0.09181,-1.30454,-0.18200,
1686286472384557312,-31.69263,-30.44292,-0.33458,0.75570,0.03245,0.05071,-0.65214,0.04053,-1.18114,-0.08735,
1686286472484707584,-31.69061,-30.56118,-0.35177,0.75566,0.03809,0.05025,-0.65192,0.01795,-1.10825,-0.23220,
1686286472584728064,-31.66779,-30.68475,-0.36831,0.75583,0.03953,0.05406,-0.65133,0.22345,-1.14131,-0.09661,
1686286472684370432,-31.64548,-30.79658,-0.38285,0.75605,0.04042,0.05654,-0.65081,0.25934,-1.02680,-0.18488,
1686286472784263424,-31.62508,-30.89851,-0.39603,0.75679,0.03793,0.05588,-0.65016,0.08739,-1.03625,-0.02168,
1686286472884346368,-31.61713,-31.00850,-0.40124,0.75724,0.03918,0.05353,-0.64975,0.04945,-1.05191,-0.13108,
1686286472984560640,-31.60799,-31.11749,-0.41507,0.75699,0.04015,0.05232,-0.65009,0.12403,-1.00316,-0.06151,
1686286473084423424,-31.59091,-31.21873,-0.41905,0.75689,0.03765,0.05026,-0.65052,0.20227,-1.06948,-0.13266,
1686286473184465664,-31.56219,-31.33872,-0.43844,0.75696,0.03566,0.05235,-0.65038,0.26001,-1.11124,-0.15870,
1686286473284412416,-31.54075,-31.44557,-0.44983,0.75734,0.03284,0.05191,-0.65013,0.20939,-1.02828,-0.11059,
1686286473384392960,-31.52145,-31.55351,-0.46254,0.75785,0.03103,0.05201,-0.64961,0.15200,-1.09909,-0.15069,
1686286473484515072,-31.50786,-31.67575,-0.47825,0.75856,0.03286,0.05046,-0.64882,0.05318,-1.06139,-0.08885,
1686286473584363776,-31.49880,-31.77300,-0.48574,0.75849,0.03175,0.04783,-0.64915,0.10524,-0.94198,-0.05409,
1686286473684779008,-31.48090,-31.86419,-0.49253,0.75802,0.02958,0.04745,-0.64983,0.23027,-0.84638,-0.10559,
1686286473784405504,-31.46137,-31.94605,-0.50173,0.75910,0.02851,0.04892,-0.64851,0.14905,-0.71694,-0.12661,
1686286473884383744,-31.44912,-32.01407,-0.51291,0.75991,0.03326,0.05479,-0.64686,-0.03398,-0.16259,0.02835,
1686286473984425472,-31.45653,-32.00563,-0.51179,0.76017,0.03204,0.05148,-0.64689,-0.17489,0.47051,0.08687,
1686286474084371456,-31.46419,-31.97703,-0.50505,0.75992,0.02573,0.04290,-0.64809,-0.01537,0.22014,0.02832,
1686286474184562688,-31.46228,-31.97386,-0.50140,0.75878,0.02519,0.04404,-0.64937,0.04049,-0.08398,-0.01051,
1686286474284245760,-31.45598,-31.98403,-0.50438,0.75963,0.02580,0.04631,-0.64819,-0.00879,-0.04303,-0.00320,
1686286474384269056,-31.45644,-31.99562,-0.50661,0.75990,0.02699,0.04611,-0.64785,-0.06791,-0.12154,0.00517,
1686286474484589824,-31.45872,-32.00673,-0.50758,0.75883,0.02789,0.04602,-0.64906,-0.01986,-0.07486,-0.00109,
1686286474584283648,-31.45541,-32.01662,-0.50950,0.75909,0.02781,0.04642,-0.64873,0.03640,-0.02045,-0.00209,
1686286474684367104,-31.45158,-32.02185,-0.51031,0.75945,0.02736,0.04679,-0.64830,-0.01013,-0.03209,-0.00004,
1686286474784493568,-31.45121,-32.02698,-0.51048,0.75923,0.02711,0.04642,-0.64859,-0.03670,-0.07173,-0.00055,
1686286474884230400,-31.45157,-32.03528,-0.51205,0.75929,0.02847,0.04728,-0.64841,-0.01563,-0.01000,0.01168,
1686286474984564992,-31.45066,-32.03539,-0.51201,0.75922,0.02786,0.04668,-0.64856,-0.00373,0.05321,-0.00574,
1686286475084757760,-31.44894,-32.03389,-0.51253,0.75932,0.02718,0.04655,-0.64848,-0.00928,0.00107,0.00461,
1686286475184390400,-31.44903,-32.03535,-0.51273,0.75924,0.02749,0.04672,-0.64855,-0.02768,-0.01403,0.00035,
1686286475284476416,-31.44938,-32.03643,-0.51300,0.75926,0.02767,0.04670,-0.64852,-0.01976,0.01583,0.00526,
1686286475384315136,-31.44874,-32.03676,-0.51331,0.75921,0.02755,0.04663,-0.64859,-0.00459,0.00939,-0.00166,
1686286475484289024,-31.44772,-32.03803,-0.51367,0.75925,0.02751,0.04680,-0.64854,-0.01369,-0.00004,-0.00138,
1686286475584589568,-31.44781,-32.03792,-0.51377,0.75922,0.02751,0.04675,-0.64857,-0.02157,0.00762,0.00284,
1686286475684743680,-31.44770,-32.03849,-0.51408,0.75922,0.02752,0.04668,-0.64858,-0.01190,0.00521,-0.00237,
1686286475784534272,-31.44720,-32.03854,-0.51427,0.75919,0.02753,0.04680,-0.64860,-0.00796,0.00979,-0.00194,
1686286475884745728,-31.44675,-32.03873,-0.51455,0.75921,0.02746,0.04679,-0.64858,-0.01676,0.00678,0.00061,
1686286475984218112,-31.44688,-32.03905,-0.51466,0.75919,0.02751,0.04674,-0.64861,-0.01529,0.00316,-0.00190,
1686286476084514816,-31.44655,-32.03961,-0.51490,0.75918,0.02752,0.04677,-0.64862,-0.00908,0.01108,-0.00267,
1686286476184265216,-31.44627,-32.03884,-0.51486,0.75917,0.02745,0.04679,-0.64862,-0.01106,0.00608,-0.00274,
1686286476284478464,-31.44604,-32.03930,-0.51500,0.75917,0.02748,0.04680,-0.64862,-0.01509,0.00319,-0.00284,
1686286476384283648,-31.44624,-32.03951,-0.51503,0.75917,0.02751,0.04675,-0.64863,-0.01152,0.00922,-0.00276,
1686286476484741632,-31.44616,-32.03852,-0.51502,0.75916,0.02748,0.04677,-0.64864,-0.00882,0.00616,-0.00390,
1686286476584519424,-31.44590,-32.03850,-0.51524,0.75916,0.02747,0.04681,-0.64864,-0.01296,0.00600,-0.00320,
1686286476684348416,-31.44600,-32.03819,-0.51527,0.75915,0.02747,0.04678,-0.64865,-0.01209,0.00673,-0.00355,
1686286476784248064,-31.44595,-32.03812,-0.51528,0.75915,0.02747,0.04678,-0.64865,-0.00820,0.00648,-0.00454,
1686286476884400896,-31.44570,-32.03773,-0.51529,0.75914,0.02747,0.04680,-0.64866,-0.01007,0.00598,-0.00419,
1686286476984375296,-31.44563,-32.03761,-0.51534,0.75914,0.02745,0.04679,-0.64866,-0.01172,0.00447,-0.00450,
1686286477084621056,-31.44562,-32.03773,-0.51548,0.75913,0.02746,0.04679,-0.64867,-0.00939,0.00542,-0.00517,
1686286477184453376,-31.44564,-32.03682,-0.51532,0.75913,0.02745,0.04680,-0.64867,-0.00828,0.00574,-0.00526,
1686286477284400640,-31.44545,-32.03671,-0.51542,0.75913,0.02744,0.04681,-0.64867,-0.00966,0.00389,-0.00548,
1686286477384564224,-31.44554,-32.03635,-0.51537,0.75913,0.02746,0.04680,-0.64868,-0.01036,0.00473,-0.00549,
1686286477484412416,-31.44565,-32.03578,-0.51525,0.75913,0.02746,0.04679,-0.64868,-0.00828,0.00517,-0.00556,
1686286477584378368,-31.44549,-32.03558,-0.51533,0.75912,0.02744,0.04681,-0.64869,-0.00844,0.00449,-0.00529,
1686286477684477440,-31.44546,-32.03526,-0.51536,0.75912,0.02744,0.04680,-0.64869,-0.00945,0.00436,-0.00540,
1686286477784585472,-31.44557,-32.03498,-0.51532,0.75912,0.02746,0.04679,-0.64869,-0.00902,0.00468,-0.00564,
1686286477884470016,-31.44559,-32.03461,-0.51527,0.75912,0.02745,0.04680,-0.64869,-0.00848,0.00471,-0.00519,
1686286477984449024,-31.44540,-32.03447,-0.51538,0.75911,0.02744,0.04680,-0.64869,-0.00743,0.00513,-0.00568,
1686286478084445952,-31.44546,-32.03407,-0.51535,0.75912,0.02746,0.04676,-0.64869,-0.00914,0.00470,-0.00532,
1686286478184350208,-31.44547,-32.03382,-0.51534,0.75912,0.02746,0.04680,-0.64869,-0.00933,0.00357,-0.00563,
1686286478284751616,-31.44559,-32.03351,-0.51528,0.75911,0.02745,0.04678,-0.64869,-0.01365,0.00374,-0.00561,
1686286478384305152,-31.44575,-32.03340,-0.51538,0.75910,0.02749,0.04674,-0.64871,-0.00678,0.00346,-0.00617,
1686286478484709376,-31.44546,-32.03330,-0.51549,0.75910,0.02747,0.04677,-0.64871,-0.00357,0.00471,-0.00598,
1686286478584417792,-31.44546,-32.03241,-0.51520,0.75911,0.02744,0.04679,-0.64870,-0.00996,0.00309,-0.00667,
1686286478684239360,-31.44574,-32.03189,-0.51510,0.75910,0.02747,0.04677,-0.64871,-0.01018,0.00292,-0.00623,
1686286478784372736,-31.44576,-32.03165,-0.51512,0.75910,0.02747,0.04677,-0.64871,-0.00526,0.00409,-0.00603,
1686286478884474112,-31.44555,-32.03180,-0.51526,0.75910,0.02745,0.04678,-0.64871,-0.00630,0.00332,-0.00697,
1686286478984294144,-31.44556,-32.03122,-0.51523,0.75911,0.02745,0.04678,-0.64870,-0.00937,0.00274,-0.00649,
1686286479084721920,-31.44567,-32.03087,-0.51526,0.75910,0.02745,0.04675,-0.64872,-0.00548,0.00324,-0.00696,
1686286479184319488,-31.44553,-32.03045,-0.51525,0.75910,0.02744,0.04677,-0.64872,-0.00401,0.00290,-0.00740,
1686286479284550144,-31.44536,-32.03063,-0.51535,0.75910,0.02744,0.04677,-0.64871,-0.00707,0.00241,-0.00725,
1686286479384203008,-31.44546,-32.03056,-0.51537,0.75910,0.02745,0.04676,-0.64872,-0.00681,0.00234,-0.00716,
1686286479484539392,-31.44560,-32.02998,-0.51524,0.75910,0.02747,0.04674,-0.64871,-0.00522,0.00195,-0.00701,
1686286479584247808,-31.44552,-32.02944,-0.51508,0.75909,0.02745,0.04676,-0.64872,-0.00492,0.00185,-0.00720,
1686286479685018624,-31.44567,-32.02890,-0.51493,0.75910,0.02745,0.04676,-0.64871,-0.00682,0.00107,-0.00763,
1686286479784351488,-31.44575,-32.02874,-0.51500,0.75909,0.02746,0.04674,-0.64872,-0.00525,0.00170,-0.00780,
1686286479884560384,-31.44564,-32.02862,-0.51507,0.75909,0.02745,0.04675,-0.64872,-0.00373,0.00172,-0.00806,
1686286479984317184,-31.44556,-32.02860,-0.51517,0.75909,0.02744,0.04675,-0.64872,-0.00545,0.00171,-0.00818,
1686286480087008512,-31.44558,-32.02836,-0.51517,0.75909,0.02744,0.04675,-0.64872,-0.00536,0.00166,-0.00824,
1686286480184455936,-31.44577,-32.02773,-0.51497,0.75909,0.02745,0.04673,-0.64873,-0.00483,0.00235,-0.00920,
1686286480284889344,-31.44571,-32.02766,-0.51505,0.75910,0.02745,0.04673,-0.64872,-0.00438,0.00223,-0.00935,
1686286480384249088,-31.44558,-32.02794,-0.51524,0.75910,0.02745,0.04673,-0.64872,-0.00545,0.00206,-0.00921,
1686286480484480256,-31.44561,-32.02772,-0.51524,0.75909,0.02746,0.04672,-0.64872,-0.00479,0.00247,-0.00978,
1686286480584621056,-31.44566,-32.02732,-0.51521,0.75909,0.02745,0.04671,-0.64872,-0.00387,0.00305,-0.01010,
1686286480684387840,-31.44584,-32.02650,-0.51501,0.75909,0.02745,0.04673,-0.64872,-0.00380,0.00249,-0.01013,
1686286480784395264,-31.44590,-32.02602,-0.51492,0.75909,0.02745,0.04672,-0.64873,-0.00389,0.00246,-0.00994,
1686286480884356096,-31.44592,-32.02598,-0.51493,0.75909,0.02746,0.04671,-0.64872,-0.00315,0.00218,-0.01010,
1686286480984669440,-31.44599,-32.02579,-0.51488,0.75910,0.02745,0.04671,-0.64872,-0.00319,0.00203,-0.00986,
1686286481084852736,-31.44597,-32.02563,-0.51494,0.75909,0.02746,0.04671,-0.64872,-0.00383,0.00183,-0.00985,
1686286481184345600,-31.44611,-32.02550,-0.51495,0.75909,0.02747,0.04671,-0.64873,-0.00247,0.00132,-0.01002,
1686286481284582912,-31.44632,-32.02487,-0.51471,0.75910,0.02746,0.04671,-0.64871,-0.00036,0.00234,-0.01010,
1686286481384321536,-31.44620,-32.02457,-0.51466,0.75910,0.02745,0.04671,-0.64872,-0.00182,0.00040,-0.00992,
1686286481484474880,-31.44635,-32.02436,-0.51459,0.75910,0.02746,0.04671,-0.64871,-0.00348,0.00159,-0.00940,
1686286481584471808,-31.44649,-32.02372,-0.51438,0.75910,0.02745,0.04670,-0.64872,-0.00051,0.00146,-0.00950,
1686286481684435968,-31.44635,-32.02359,-0.51444,0.75910,0.02745,0.04671,-0.64871,0.00022,0.00134,-0.00987,
1686286481784756736,-31.44627,-32.02370,-0.51454,0.75910,0.02746,0.04670,-0.64872,-0.00087,0.00207,-0.00947,
1686286481884557056,-31.44639,-32.02350,-0.51450,0.75910,0.02748,0.04669,-0.64872,-0.00088,0.00098,-0.00983,
1686286481986088960,-31.44641,-32.02322,-0.51448,0.75910,0.02747,0.04670,-0.64872,0.00055,0.00186,-0.00996,
1686286482084322816,-31.44639,-32.02300,-0.51445,0.75910,0.02746,0.04670,-0.64872,-0.00076,0.00226,-0.01027,
1686286482184397824,-31.44642,-32.02293,-0.51455,0.75910,0.02747,0.04668,-0.64872,-0.00080,0.00116,-0.01064,
1686286482284218880,-31.44630,-32.02310,-0.51469,0.75910,0.02747,0.04668,-0.64872,0.00119,0.00180,-0.01050,
1686286482385813760,-31.44629,-32.02277,-0.51455,0.75915,0.02708,0.04626,-0.64871,0.00255,-0.02119,-0.00905,
1686286482484375808,-31.44500,-32.02808,-0.51437,0.75913,0.02657,0.04595,-0.64877,0.03210,-0.13827,-0.01916,
1686286482584614400,-31.44300,-32.04116,-0.51541,0.75935,0.02672,0.04594,-0.64850,0.03124,-0.17441,-0.02390,
1686286482684408832,-31.43837,-32.06221,-0.51692,0.75967,0.02649,0.04584,-0.64814,0.05166,-0.29501,-0.03840,
1686286482784374528,-31.43251,-32.09463,-0.51997,0.75966,0.02648,0.04613,-0.64814,0.08220,-0.39932,-0.04587,
1686286482884339200,-31.42525,-32.13682,-0.52462,0.75989,0.02670,0.04625,-0.64786,0.06486,-0.48166,-0.04892,
1686286482984341504,-31.41817,-32.18522,-0.52795,0.76037,0.02676,0.04566,-0.64733,0.06289,-0.57614,-0.05593,
1686286483084526080,-31.41743,-32.24154,-0.53058,0.76062,0.02913,0.04419,-0.64703,0.01357,-0.57316,-0.02708,
1686286483185411328,-31.41410,-32.29955,-0.53308,0.76065,0.03010,0.04278,-0.64705,0.05605,-0.62641,-0.06683,
1686286483284371712,-31.40982,-32.36691,-0.54156,0.75909,0.02991,0.04095,-0.64901,0.05843,-0.69801,-0.06909,
1686286483384305408,-31.40428,-32.43786,-0.54820,0.75766,0.02902,0.04092,-0.65072,0.07210,-0.74851,-0.08989,
1686286483484810240,-31.39577,-32.51574,-0.55795,0.75700,0.02933,0.04113,-0.65146,0.16838,-0.79668,-0.11939,
1686286483584601856,-31.38469,-32.59251,-0.56731,0.75663,0.02900,0.04144,-0.65188,0.13313,-0.70667,-0.04582,
1686286483684539392,-31.36736,-32.66457,-0.57586,0.75701,0.02767,0.04352,-0.65136,0.18007,-0.68791,-0.11073,
1686286483784500480,-31.35460,-32.72793,-0.58368,0.75775,0.02712,0.04418,-0.65048,0.10827,-0.56430,-0.06597,
1686286483884621056,-31.34841,-32.78443,-0.58941,0.75786,0.02784,0.04416,-0.65033,-0.00620,-0.51763,-0.08850,
1686286483984393728,-31.34628,-32.82393,-0.59633,0.75784,0.03303,0.04946,-0.64973,-0.03192,0.06418,0.04805,
1686286484084540928,-31.35028,-32.80144,-0.59715,0.75833,0.02892,0.04340,-0.64978,-0.09602,0.42885,0.04403,
1686286484184377856,-31.34724,-32.78573,-0.59488,0.75801,0.02292,0.03958,-0.65063,0.06458,0.03615,-0.01530,
1686286484284508416,-31.34502,-32.78924,-0.59147,0.75847,0.02434,0.04117,-0.64995,0.00975,-0.19812,-0.04963,
1686286484385651712,-31.34801,-32.80287,-0.59650,0.75822,0.02744,0.04364,-0.64996,-0.10193,-0.00377,0.01601,
1686286484484408320,-31.35376,-32.80288,-0.59514,0.75830,0.02812,0.04228,-0.64993,-0.03239,0.08236,0.00559,
1686286484584414976,-31.35236,-32.79994,-0.59481,0.75820,0.02703,0.04172,-0.65013,0.03325,0.00666,-0.00159,
1686286484684309248,-31.34777,-32.80185,-0.59446,0.75821,0.02590,0.04214,-0.65014,0.00617,-0.05128,-0.00841,
1686286484784253696,-31.34617,-32.81153,-0.59551,0.75853,0.02592,0.04207,-0.64976,-0.02142,-0.15154,-0.01159,
1686286484884710656,-31.34607,-32.82803,-0.59658,0.75837,0.02630,0.04146,-0.64997,0.00038,-0.19297,-0.01223,
1686286484984336896,-31.34213,-32.85033,-0.59870,0.75810,0.02600,0.04158,-0.65030,0.05140,-0.26100,-0.02995,
1686286485084372992,-31.33523,-32.87846,-0.60140,0.75855,0.02578,0.04196,-0.64975,0.05788,-0.30497,-0.03294,
1686286485184358400,-31.32840,-32.91221,-0.60466,0.75892,0.02580,0.04258,-0.64928,0.03337,-0.36236,-0.03261,
1686286485284488704,-31.32395,-32.94954,-0.60854,0.75877,0.02609,0.04249,-0.64945,0.03084,-0.40641,-0.03983,
1686286485384449536,-31.32066,-32.99255,-0.61259,0.75844,0.02716,0.04275,-0.64977,0.00244,-0.45977,-0.05665,
1686286485484643072,-31.31746,-33.03987,-0.61803,0.75778,0.02789,0.04294,-0.65049,0.00493,-0.45594,-0.04464,
1686286485584259584,-31.31421,-33.08886,-0.62309,0.75709,0.02855,0.04288,-0.65127,0.02442,-0.48449,-0.04904,
1686286485684385536,-31.31078,-33.13781,-0.62706,0.75640,0.02839,0.04228,-0.65213,0.03219,-0.47371,-0.02520,
1686286485784514048,-31.30527,-33.18822,-0.63138,0.75571,0.02749,0.04181,-0.65299,-0.00440,-0.49661,-0.03893,
1686286485884350464,-31.30448,-33.23916,-0.63512,0.75488,0.02818,0.04136,-0.65395,-0.01251,-0.48264,-0.04331,
1686286485984299264,-31.30712,-33.28995,-0.63886,0.75399,0.02952,0.04008,-0.65500,-0.05432,-0.46804,-0.03244,
1686286486086151168,-31.31059,-33.34105,-0.64341,0.75304,0.03098,0.03881,-0.65610,-0.07342,-0.51350,-0.05136,
1686286486184770048,-31.31785,-33.39215,-0.64746,0.75255,0.03476,0.03796,-0.65652,-0.07213,-0.51221,-0.03069,
1686286486284257024,-31.32198,-33.44112,-0.65115,0.75176,0.03699,0.03737,-0.65734,-0.05972,-0.39416,-0.01410,
1686286486384447488,-31.31941,-33.47932,-0.65371,0.75031,0.03579,0.03676,-0.65910,0.11092,-0.32176,-0.01104,
1686286486484523264,-31.30707,-33.51559,-0.65450,0.75032,0.03302,0.03784,-0.65917,0.14373,-0.33505,-0.01959,
1686286486584424448,-31.29485,-33.54998,-0.65667,0.75110,0.03063,0.03912,-0.65832,0.01662,-0.35915,-0.01340,
1686286486684259584,-31.29588,-33.58659,-0.65877,0.75054,0.03048,0.03747,-0.65906,-0.09187,-0.36718,-0.02609,
1686286486784421632,-31.30161,-33.62732,-0.66261,0.74929,0.03131,0.03557,-0.66054,-0.05433,-0.38018,-0.02650,
1686286486884561664,-31.30069,-33.66990,-0.66692,0.74847,0.03149,0.03512,-0.66149,0.05411,-0.41224,-0.04681,
1686286486984366848,-31.29294,-33.71803,-0.67279,0.74808,0.03073,0.03544,-0.66195,0.04645,-0.41840,-0.03184,
1686286487086078464,-31.28953,-33.76072,-0.67579,0.74747,0.03020,0.03555,-0.66265,-0.02311,-0.37548,0.01108,
1686286487184282112,-31.29068,-33.79682,-0.67419,0.74680,0.02923,0.03332,-0.66357,-0.01506,-0.30284,0.02062,
1686286487284521984,-31.28853,-33.82918,-0.67333,0.74637,0.02755,0.03173,-0.66420,0.00523,-0.26413,0.00969,
1686286487384387072,-31.28748,-33.85749,-0.67186,0.74601,0.02602,0.02976,-0.66476,-0.00481,-0.26273,0.00791,
1686286487484931584,-31.28671,-33.89293,-0.67332,0.74521,0.02485,0.02857,-0.66575,-0.02019,-0.31750,-0.00584,
1686286487584244224,-31.28544,-33.92249,-0.67301,0.74457,0.02351,0.02763,-0.66656,0.02341,-0.30085,0.01133,
1686286487684755456,-31.28123,-33.95528,-0.67346,0.74403,0.02210,0.02740,-0.66722,0.03039,-0.31847,-0.01403,
1686286487784744704,-31.27694,-33.98747,-0.67391,0.74359,0.02045,0.02717,-0.66777,0.00327,-0.29474,0.01233,
1686286487884296192,-31.27805,-34.02008,-0.67183,0.74317,0.01954,0.02606,-0.66831,-0.01626,-0.31153,-0.00022,
1686286487984391936,-31.27780,-34.05006,-0.67122,0.74253,0.01856,0.02495,-0.66909,-0.01840,-0.27076,0.01956,
1686286488084306944,-31.27764,-34.07806,-0.67003,0.74170,0.01698,0.02350,-0.67010,-0.01439,-0.27307,0.00254,
1686286488184507136,-31.27804,-34.10834,-0.66952,0.74061,0.01587,0.02253,-0.67137,-0.02772,-0.28818,0.01089,
1686286488284527104,-31.27816,-34.13795,-0.66892,0.73977,0.01397,0.02087,-0.67239,-0.02014,-0.28377,0.00725,
1686286488384259072,-31.27776,-34.17331,-0.66879,0.73879,0.01261,0.01930,-0.67354,-0.03529,-0.35143,0.00970,
1686286488484588032,-31.28101,-34.20645,-0.66770,0.73741,0.01193,0.01813,-0.67509,-0.06278,-0.32604,0.00717,
1686286488584371712,-31.28545,-34.24018,-0.66702,0.73600,0.01087,0.01634,-0.67670,-0.06404,-0.33444,0.01454,
1686286488684728832,-31.29026,-34.27589,-0.66570,0.73439,0.00993,0.01475,-0.67850,-0.08157,-0.35103,0.00927,
1686286488784346112,-31.29808,-34.32040,-0.66688,0.73220,0.00941,0.01279,-0.68091,-0.11924,-0.39351,0.00361,
1686286488884942848,-31.30904,-34.35937,-0.66652,0.72990,0.00904,0.01065,-0.68341,-0.10037,-0.38852,0.00077,
1686286488984209664,-31.31690,-34.39908,-0.66651,0.72781,0.00754,0.00847,-0.68569,-0.08811,-0.40251,0.01120,
1686286489084318464,-31.32244,-34.44490,-0.66733,0.72520,0.00629,0.00690,-0.68847,-0.09181,-0.42666,0.00500,
1686286489184378112,-31.33193,-34.48725,-0.66654,0.72202,0.00487,0.00538,-0.69183,-0.12403,-0.41366,0.01652,
1686286489284473856,-31.34090,-34.53339,-0.66729,0.71792,0.00380,0.00448,-0.69610,-0.10036,-0.42992,0.00479,
1686286489384272384,-31.34861,-34.57534,-0.66670,0.71385,0.00221,0.00425,-0.70028,-0.04824,-0.38881,0.01507,
1686286489484493056,-31.35333,-34.61799,-0.66757,0.71127,0.00013,0.00405,-0.70290,-0.08026,-0.39246,0.00901,
1686286489584378368,-31.36385,-34.65529,-0.66592,0.70807,-0.00101,0.00345,-0.70613,-0.18293,-0.34018,0.02008,
1686286489684304128,-31.38361,-34.69192,-0.66705,0.70258,-0.00210,0.00133,-0.71160,-0.26596,-0.30382,0.00146,
1686286489784189184,-31.40817,-34.72454,-0.66526,0.69714,-0.00233,-0.00146,-0.71693,-0.22425,-0.33854,0.01087,
1686286489884827904,-31.42749,-34.76672,-0.66639,0.69319,-0.00207,-0.00296,-0.72074,-0.21271,-0.38794,-0.00200,
1686286489984328704,-31.44887,-34.80378,-0.66582,0.68933,-0.00108,-0.00392,-0.72444,-0.25924,-0.34419,0.01558,
1686286490084295680,-31.47063,-34.84166,-0.66728,0.68424,-0.00113,-0.00594,-0.72923,-0.24523,-0.32639,0.01323,
1686286490184709120,-31.49284,-34.87709,-0.66616,0.67859,-0.00112,-0.00703,-0.73448,-0.19330,-0.34624,0.01098,
1686286490284597248,-31.50453,-34.91413,-0.66548,0.67361,-0.00314,-0.00656,-0.73905,-0.08178,-0.32853,0.02959,
1686286490384376832,-31.51436,-34.94971,-0.66352,0.66905,-0.00554,-0.00540,-0.74318,-0.14035,-0.37345,0.00372,
1686286490484302848,-31.52920,-34.98881,-0.66390,0.66397,-0.00695,-0.00495,-0.74771,-0.23485,-0.34145,0.02370,
1686286490584284416,-31.55511,-35.02480,-0.66193,0.65836,-0.00667,-0.00590,-0.75265,-0.30856,-0.35763,0.00386,
1686286490684614912,-31.58234,-35.06205,-0.66047,0.65268,-0.00620,-0.00685,-0.75757,-0.25956,-0.34613,0.02476,
1686286490785655040,-31.60548,-35.10139,-0.65911,0.64681,-0.00678,-0.00715,-0.76258,-0.24943,-0.39992,0.00842,
1686286490884320000,-31.62858,-35.14137,-0.65855,0.64054,-0.00713,-0.00698,-0.76786,-0.30880,-0.37908,0.02208,
1686286490984536576,-31.66229,-35.18028,-0.65646,0.63327,-0.00724,-0.00790,-0.77386,-0.39006,-0.38164,0.00538,
1686286491084662528,-31.70038,-35.22139,-0.65539,0.62532,-0.00598,-0.00906,-0.78029,-0.39206,-0.39363,0.01817,
1686286491184383488,-31.73560,-35.26242,-0.65290,0.61802,-0.00580,-0.00957,-0.78608,-0.32002,-0.39319,0.01721,
1686286491284337664,-31.76547,-35.30242,-0.65159,0.61160,-0.00629,-0.00932,-0.79109,-0.30089,-0.39673,0.01364,
1686286491384328704,-31.79576,-35.34713,-0.65107,0.60428,-0.00714,-0.00889,-0.79669,-0.35268,-0.41239,0.02641,
1686286491484604416,-31.83244,-35.39071,-0.64843,0.59621,-0.00757,-0.00879,-0.80274,-0.41939,-0.44832,0.02538,
1686286491584461312,-31.87344,-35.43789,-0.64690,0.58813,-0.00774,-0.00911,-0.80868,-0.46063,-0.46855,0.02898,
1686286491684180992,-31.91739,-35.48958,-0.64461,0.57849,-0.00829,-0.00900,-0.81560,-0.49935,-0.51511,0.01645,
1686286491784434944,-31.96950,-35.54452,-0.64292,0.56789,-0.00840,-0.00885,-0.82302,-0.57049,-0.54390,0.02127,
1686286491884955648,-32.02886,-35.60288,-0.64159,0.55607,-0.00805,-0.00852,-0.83105,-0.68381,-0.53802,0.01996,
1686286491984611072,-32.11183,-35.69779,-0.65779,0.54195,-0.00759,-0.00947,-0.84032,-0.76470,-0.58428,-0.00714,
1686286492084497152,-32.17347,-35.71501,-0.63922,0.52769,-0.00652,-0.01033,-0.84935,-0.77815,-0.54822,0.01173,
1686286492184644864,-32.24876,-35.77772,-0.63820,0.51317,-0.00601,-0.00938,-0.85821,-0.78009,-0.60837,0.01020,
1686286492284374272,-32.32662,-35.83990,-0.63615,-0.49755,0.00615,0.00839,0.86737,-0.84132,-0.57855,0.02857,
1686286492384370432,-32.41325,-35.89760,-0.63408,-0.48131,0.00585,0.00829,0.87649,-0.95863,-0.51617,0.00963,
1686286492484282368,-32.50959,-35.95146,-0.63314,-0.46457,0.00496,0.00917,0.88548,-0.99120,-0.48861,0.01550,
1686286492584375040,-32.60952,-36.00484,-0.63164,-0.44635,0.00405,0.01001,0.89479,-1.05898,-0.50696,0.01497,
1686286492684496896,-32.70879,-36.05874,-0.63011,-0.42958,0.00370,0.01053,0.90296,-0.98193,-0.56682,0.02667,
1686286492784302592,-32.80339,-36.11940,-0.62798,-0.41558,0.00397,0.00926,0.90950,-0.99486,-0.59665,0.00152,
1686286492884344320,-32.90065,-36.17858,-0.62718,-0.40031,0.00349,0.00758,0.91634,-1.05744,-0.48563,0.02117,
1686286492984356352,-33.00278,-36.22565,-0.62479,-0.38401,0.00353,0.00812,0.92329,-1.11294,-0.42311,0.02301,
1686286493084495360,-33.11173,-36.26855,-0.62249,-0.36681,0.00302,0.00849,0.93025,-1.17152,-0.36642,0.00988,
1686286493184517120,-33.22337,-36.30820,-0.62153,-0.34761,0.00236,0.00843,0.93760,-1.17881,-0.35358,0.00834,
1686286493284276992,-33.33662,-36.34704,-0.62061,-0.32909,0.00201,0.00764,0.94427,-1.20475,-0.36332,0.00849,
1686286493384372224,-33.45645,-36.38459,-0.62049,-0.31133,0.00128,0.00678,0.95028,-1.29077,-0.30279,-0.00011,
1686286493484492032,-33.58211,-36.41285,-0.62005,-0.29167,0.00054,0.00705,0.95649,-1.33127,-0.22428,0.00752,
1686286493584510976,-33.71146,-36.43573,-0.61981,-0.27077,-0.00036,0.00727,0.96262,-1.37277,-0.17368,-0.00527,
1686286493684399872,-33.84549,-36.45468,-0.61952,-0.25059,-0.00135,0.00801,0.96806,-1.39611,-0.15104,0.00836,
1686286493784800768,-33.98375,-36.47510,-0.62072,-0.23272,-0.00212,0.00923,0.97250,-1.40355,-0.25048,-0.01210,
1686286493884361472,-34.11990,-36.50841,-0.62337,-0.21921,-0.00257,0.00823,0.97564,-1.39814,-0.38477,-0.00418,
1686286493984456960,-34.25926,-36.55003,-0.62653,-0.20982,-0.00353,0.00707,0.97771,-1.45422,-0.40334,-0.02360,
1686286494084409600,-34.40165,-36.58777,-0.62956,-0.20224,-0.00474,0.00771,0.97929,-1.49077,-0.33248,-0.01148,
1686286494184353280,-34.54265,-36.62621,-0.63133,-0.19613,-0.00568,0.00881,0.98052,-1.44890,-0.40322,-0.01732,
1686286494284245760,-34.68770,-36.67415,-0.63256,-0.19422,-0.00693,0.00895,0.98089,-1.43209,-0.54873,-0.02712,
1686286494384462336,-34.82002,-36.73809,-0.63497,-0.19573,-0.00789,0.00686,0.98060,-1.35209,-0.59950,-0.00571,
1686286494484947712,-34.95271,-36.79581,-0.63624,-0.19629,-0.00740,0.00480,0.98051,-1.40488,-0.46765,-0.03005,
1686286494584329984,-35.09009,-36.83928,-0.63826,-0.19302,-0.00837,0.00569,0.98114,-1.42909,-0.34426,-0.00610,
1686286494684367616,-35.22778,-36.87753,-0.63953,-0.18998,-0.00860,0.00686,0.98173,-1.38321,-0.39774,-0.01855,
1686286494784542976,-35.35967,-36.92339,-0.64150,-0.18871,-0.00861,0.00636,0.98197,-1.34966,-0.47778,-0.02690,
1686286494884479232,-35.47808,-36.97618,-0.64187,-0.18663,-0.00855,0.00485,0.98238,-1.34154,-0.41565,-0.01457,
1686286494984684288,-35.61316,-37.01498,-0.64432,-0.18180,-0.00910,0.00410,0.98329,-1.41605,-0.24931,-0.03878,
1686286495084304896,-35.75020,-37.03914,-0.64831,-0.17494,-0.01015,0.00641,0.98451,-1.41376,-0.15774,-0.04354,
1686286495184465664,-35.87383,-37.06563,-0.64840,-0.16787,-0.01151,0.00778,0.98571,-1.37145,-0.27031,-0.02189,
1686286495284477184,-36.00700,-37.09902,-0.64823,-0.16069,-0.01109,0.00518,0.98693,-1.28051,-0.39539,0.01060,
1686286495384294912,-36.12563,-37.13843,-0.64962,-0.15461,-0.01049,0.00121,0.98792,-1.32182,-0.31252,-0.01640,
1686286495484382720,-36.25571,-37.16078,-0.65040,-0.14947,-0.00948,0.00134,0.98872,-1.31682,-0.09413,0.02301,
1686286495584517632,-36.37972,-37.16939,-0.65047,-0.14219,-0.00927,0.00414,0.98979,-1.33942,-0.07152,-0.01952,
1686286495684301312,-36.51176,-37.18373,-0.64972,-0.13429,-0.00861,0.00462,0.99089,-1.27321,-0.19958,0.01000,
1686286495784612864,-36.63170,-37.21107,-0.64824,-0.12767,-0.00721,0.00177,0.99179,-1.29657,-0.22143,-0.01311,
1686286495884723200,-36.75571,-37.22928,-0.64706,-0.12080,-0.00585,0.00122,0.99266,-1.27645,-0.04284,0.02678,
1686286495984305920,-36.88348,-37.22888,-0.64710,-0.11171,-0.00382,0.00305,0.99373,-1.33153,0.10650,-0.02217,
1686286496084501760,-37.01253,-37.22543,-0.64702,-0.10207,-0.00240,0.00630,0.99475,-1.37028,-0.01767,0.02018,
1686286496184469504,-37.14621,-37.23858,-0.64392,-0.09385,-0.00164,0.00528,0.99557,-1.41204,-0.19425,0.00136,
1686286496284674304,-37.28808,-37.26260,-0.64329,-0.08966,-0.00163,0.00316,0.99597,-1.46251,-0.21864,0.01090,
1686286496384768256,-37.43130,-37.27963,-0.64522,-0.08883,-0.00187,0.00413,0.99604,-1.50091,-0.14128,-0.00968,
1686286496484769024,-37.58071,-37.29786,-0.64600,-0.08896,-0.00211,0.00547,0.99602,-1.50085,-0.19915,0.00262,
1686286496584447232,-37.72888,-37.32270,-0.64555,-0.08927,-0.00205,0.00575,0.99599,-1.51918,-0.24626,0.01078,
1686286496684803072,-37.87797,-37.34866,-0.64449,-0.08988,-0.00163,0.00562,0.99594,-1.53042,-0.25491,0.00807,
1686286496784372992,-38.01949,-37.37881,-0.64437,-0.09037,-0.00109,0.00456,0.99590,-1.52786,-0.26684,0.01218,
1686286496884756224,-38.17356,-37.40346,-0.64436,-0.09140,-0.00015,0.00465,0.99580,-1.56656,-0.23447,0.00243,
1686286496984501248,-38.32988,-37.42683,-0.64464,-0.09182,-0.00047,0.00526,0.99576,-1.60044,-0.17267,-0.00005,
1686286497084456704,-38.48798,-37.44718,-0.64540,-0.09141,-0.00111,0.00670,0.99579,-1.59768,-0.19249,-0.01574,
1686286497184401152,-38.64720,-37.47179,-0.64568,-0.09049,-0.00135,0.00686,0.99587,-1.62100,-0.23320,-0.00107,
1686286497284419840,-38.80558,-37.49541,-0.64493,-0.08831,-0.00142,0.00604,0.99607,-1.66168,-0.16099,-0.02272,
1686286497384339456,-38.97040,-37.50897,-0.64697,-0.08301,-0.00215,0.00654,0.99652,-1.69186,-0.00545,0.00082,
1686286497484576512,-39.13636,-37.51603,-0.64690,-0.07734,-0.00295,0.00821,0.99697,-1.70210,-0.09719,-0.01422,
1686286497584358400,-39.28891,-37.53404,-0.64641,-0.07256,-0.00419,0.00685,0.99733,-1.66105,-0.18148,-0.01558,
1686286497684449024,-39.45871,-37.55396,-0.64604,-0.06855,-0.00423,0.00425,0.99763,-1.64059,-0.13925,0.01807,
1686286497784272896,-39.60977,-37.55941,-0.64319,-0.06252,-0.00346,0.00418,0.99803,-1.68743,0.08070,-0.00559,
1686286497884829184,-39.78036,-37.54741,-0.64590,-0.05438,-0.00371,0.00746,0.99849,-1.70915,0.16206,-0.02300,
1686286497984315136,-39.94250,-37.53587,-0.64689,-0.04677,-0.00451,0.01004,0.99885,-1.72765,0.09686,-0.02588,
1686286498084621312,-40.10751,-37.53076,-0.64468,-0.03894,-0.00492,0.00984,0.99918,-1.68151,0.00091,0.00637,
1686286498184629760,-40.27292,-37.53019,-0.64635,-0.03068,-0.00510,0.00732,0.99949,-1.70870,0.04641,-0.00617,
1686286498284509184,-40.44128,-37.51977,-0.64545,-0.02364,-0.00390,0.00723,0.99969,-1.69744,0.16780,-0.00183,
1686286498384317184,-40.60924,-37.50114,-0.64767,-0.01570,-0.00414,0.00789,0.99984,-1.80316,0.18407,-0.02796,
1686286498484305152,-40.78872,-37.48548,-0.64716,-0.00714,-0.00566,0.00780,0.99993,-1.73880,0.13632,0.00679,
1686286498584500224,-40.96359,-37.47530,-0.64858,-0.00425,-0.00573,0.00848,0.99994,-1.74596,0.02490,-0.02007,
1686286498684450304,-41.13173,-37.47455,-0.64885,-0.00676,-0.00423,0.00894,0.99993,-1.74189,-0.02157,-0.00047,
1686286498784732416,-41.30632,-37.48026,-0.64855,-0.00822,-0.00391,0.00726,0.99993,-1.77379,-0.03006,0.00775,
1686286498884412416,-41.48255,-37.48353,-0.64731,-0.00777,-0.00350,0.00670,0.99994,-1.75750,-0.00522,-0.00385,
1686286498984564224,-41.66095,-37.48301,-0.64877,-0.00867,-0.00386,0.00684,0.99993,-1.77054,0.04643,-0.01101,
1686286499084320000,-41.83273,-37.48112,-0.64763,-0.00914,-0.00315,0.00763,0.99992,-1.77577,0.01750,0.00115,
1686286499184391424,-42.00320,-37.48687,-0.64871,-0.00851,-0.00327,0.00676,0.99994,-1.80255,-0.04427,-0.00759,
1686286499284604672,-42.18115,-37.49168,-0.64871,-0.00922,-0.00331,0.00572,0.99994,-1.74605,-0.01616,0.00724,
1686286499384380928,-42.35427,-37.49358,-0.64882,-0.01028,-0.00238,0.00591,0.99993,-1.78254,0.03422,-0.00180,
1686286499484535040,-42.52904,-37.49292,-0.64691,-0.01018,-0.00245,0.00664,0.99992,-1.82277,0.02879,0.00820,
1686286499584313856,-42.70868,-37.49307,-0.64533,-0.01054,-0.00256,0.00679,0.99992,-1.79800,-0.00570,0.02202,
1686286499684411648,-42.89124,-37.49514,-0.64268,-0.01140,-0.00184,0.00695,0.99991,-1.77713,-0.01148,0.00731,
1686286499784430080,-43.06497,-37.50421,-0.64176,-0.01160,-0.00125,0.00691,0.99991,-1.79850,0.00645,0.01124,
1686286499884865280,-43.24457,-37.50247,-0.63969,-0.01198,-0.00033,0.00757,0.99990,-1.82153,-0.00927,0.00238,
1686286499984345600,-43.42758,-37.50482,-0.63909,-0.01225,-0.00038,0.00755,0.99990,-1.83592,-0.01888,0.01363,
1686286500084873728,-43.60851,-37.50951,-0.63668,-0.01262,-0.00014,0.00725,0.99989,-1.84673,-0.02763,0.00909,
1686286500184509440,-43.78954,-37.51362,-0.63699,-0.01314,-0.00009,0.00700,0.99989,-1.88997,-0.03005,0.00605,
1686286500284501248,-43.96497,-37.51949,-0.63373,-0.01380,0.00002,0.00701,0.99988,-1.91991,-0.01477,0.02020,
1686286500385837056,-44.16304,-37.51853,-0.63332,-0.01463,-0.00028,0.00760,0.99986,-1.94977,-0.00204,0.01431,
1686286500484942336,-44.35634,-37.51911,-0.63143,-0.01372,-0.00036,0.00753,0.99988,-2.00822,0.04135,-0.00194,
1686286500585165824,-44.55479,-37.51232,-0.63227,-0.01061,-0.00028,0.00836,0.99991,-2.00023,0.09688,0.01560,
1686286500684811264,-44.75403,-37.50689,-0.63144,-0.00758,-0.00003,0.00825,0.99994,-2.02383,0.05426,0.01313,
1686286500784529408,-44.93883,-37.50269,-0.62842,-0.00503,0.00073,0.00818,0.99995,-2.01631,0.05186,0.02443,
1686286500884782592,-45.14456,-37.49541,-0.62846,-0.00233,0.00094,0.00780,0.99997,-2.07752,0.10090,0.00770,
1686286500984770304,-45.34253,-37.48210,-0.62842,-0.00003,0.00067,0.00931,0.99996,-2.07992,0.16745,-0.00436,
1686286501085229056,-45.55080,-37.46730,-0.62836,0.00256,0.00085,0.01037,0.99994,-2.05854,0.14515,0.01381,
1686286501184622592,-45.75640,-37.45505,-0.62798,0.00734,0.00079,0.00915,0.99993,-2.09958,0.13514,-0.00360,
1686286501285600512,-45.96245,-37.43456,-0.62822,0.01540,0.00079,0.00798,0.99985,-2.06281,0.32378,0.01900,
1686286501385485312,-46.17236,-37.39812,-0.62786,0.02215,0.00111,0.01146,0.99969,-2.13866,0.33790,-0.01761,
1686286501484348416,-46.37734,-37.37221,-0.62821,0.02407,-0.00011,0.01367,0.99962,-2.14620,0.13712,0.01699,
1686286501584381952,-46.58415,-37.36634,-0.62466,0.02243,0.00056,0.01237,0.99967,-2.11655,0.00211,0.00136,
1686286501684229120,-46.79856,-37.36390,-0.62324,0.01920,0.00058,0.01089,0.99976,-2.16122,0.05657,0.01414,
1686286501784343040,-47.00823,-37.35128,-0.62033,0.01812,0.00116,0.01146,0.99977,-2.11429,0.20004,0.03037,
1686286501884371200,-47.22263,-37.33046,-0.62023,0.01876,0.00111,0.01311,0.99974,-2.13625,0.15759,0.01248,
1686286501984370944,-47.42790,-37.31953,-0.61686,0.01827,0.00167,0.01304,0.99975,-2.11529,0.08297,0.00683,
1686286502084300544,-47.63696,-37.31098,-0.61402,0.01727,0.00226,0.01267,0.99977,-2.12413,0.10844,0.03549,
1686286502184377856,-47.84467,-37.29936,-0.61253,0.01730,0.00216,0.01194,0.99978,-2.11057,0.14417,-0.01151,
1686286502284542208,-48.05230,-37.27644,-0.61178,0.02034,0.00233,0.01314,0.99970,-2.08848,0.30036,0.02585,
1686286502384233984,-48.25435,-37.25187,-0.60670,0.02216,0.00208,0.01589,0.99963,-2.17546,0.20399,-0.00717,
1686286502484797440,-48.47935,-37.24207,-0.60542,0.02107,0.00025,0.01501,0.99967,-2.18867,0.02083,0.01802,
1686286502584373760,-48.68475,-37.24028,-0.60235,0.01992,0.00002,0.01321,0.99971,-2.14778,0.07624,0.00419,
1686286502684770048,-48.90546,-37.23016,-0.60240,0.01909,-0.00086,0.01272,0.99974,-2.17412,0.17515,0.00459,
1686286502784403456,-49.12066,-37.21380,-0.60009,0.01862,-0.00092,0.01451,0.99972,-2.14069,0.17915,0.02614,
1686286502884522752,-49.32957,-37.20246,-0.59555,0.01885,-0.00084,0.01486,0.99971,-2.18692,0.11974,0.00440,
1686286502984704000,-49.54321,-37.19225,-0.59286,0.01840,-0.00065,0.01415,0.99973,-2.08284,0.08906,0.08119,
1686286503084608768,-49.74593,-37.18122,-0.58789,0.01781,0.00274,0.01387,0.99974,-2.11903,0.14363,-0.01193,
1686286503184280576,-49.96430,-37.16734,-0.59119,0.01828,0.00139,0.01389,0.99974,-2.16999,0.13724,0.01441,
1686286503284423936,-50.16949,-37.15607,-0.58691,0.01843,0.00296,0.01361,0.99973,-2.13663,0.09225,0.01201,
1686286503384392960,-50.39001,-37.14945,-0.58770,0.01770,0.00234,0.01267,0.99976,-2.22110,0.09127,0.02494,
1686286503484445696,-50.60811,-37.14036,-0.58512,0.01691,0.00290,0.01217,0.99978,-2.19218,0.09874,0.00929,
1686286503584571136,-50.83591,-37.13205,-0.58549,0.01654,0.00103,0.01189,0.99979,-2.27199,0.12251,0.01048,
1686286503684391680,-51.05140,-37.11670,-0.58975,0.01549,-0.00069,0.01373,0.99979,-2.29163,0.18968,-0.15842,
1686286503785121280,-51.28588,-37.10798,-0.60115,0.01562,-0.00615,0.01211,0.99979,-2.27280,0.06113,0.02598,
1686286503884257792,-51.50477,-37.10008,-0.59551,0.01698,-0.00575,0.01030,0.99979,-2.24494,0.10085,0.01277,
1686286503985160960,-51.71793,-37.08072,-0.60185,0.01931,-0.00723,0.01082,0.99973,-2.34531,0.27924,-0.06433,
1686286504084672256,-51.94531,-37.05659,-0.60229,0.01931,-0.00838,0.01351,0.99969,-2.30341,0.15738,0.00682,
1686286504184213760,-52.18347,-37.04410,-0.60795,0.01850,-0.01063,0.01278,0.99969,-2.36360,0.07466,-0.05961,
1686286504284806656,-52.38913,-37.04060,-0.61460,0.01728,-0.00593,0.01107,0.99977,-2.17014,0.05091,0.02772,
1686286504384608768,-52.62178,-37.03136,-0.61604,0.01655,-0.00485,0.01073,0.99979,-2.48778,0.16559,-0.08541,
1686286504485639936,-52.87043,-37.01340,-0.62024,0.01300,-0.00783,0.01442,0.99978,-2.26633,0.04491,0.03965,
1686286504585388032,-53.08928,-37.02328,-0.61741,0.00333,-0.00539,0.01499,0.99987,-2.33867,-0.25478,-0.03527,
1686286504684612352,-53.31942,-37.05857,-0.61765,-0.00655,-0.00562,0.00906,0.99992,-2.31424,-0.31058,0.01846,
1686286504784461824,-53.52881,-37.07525,-0.61856,-0.00973,-0.00445,0.00657,0.99992,-2.32060,0.05074,-0.03821,
1686286504886161408,-53.76146,-37.06229,-0.62009,-0.01009,-0.00425,0.01024,0.99989,-2.30087,0.18887,0.01107,
1686286504984601856,-53.99692,-37.04886,-0.62145,-0.01100,-0.00387,0.01417,0.99983,-2.38310,-0.01746,-0.04602,
1686286505084529920,-54.23773,-37.06642,-0.62307,-0.01435,-0.00530,0.01030,0.99983,-2.28841,-0.30790,0.02104,
1686286505184774144,-54.45728,-37.08978,-0.61939,-0.01640,-0.00323,0.00639,0.99984,-2.26841,-0.00328,-0.00043,
1686286505284864256,-54.68651,-37.08939,-0.62080,-0.01696,-0.00222,0.00833,0.99982,-2.37994,0.08100,-0.01490,
1686286505384716800,-54.91440,-37.08696,-0.61809,-0.01693,-0.00289,0.01049,0.99980,-2.37685,-0.00010,0.01208,
1686286505484735488,-55.15467,-37.09595,-0.61495,-0.01717,-0.00217,0.00948,0.99981,-2.34236,-0.11919,0.00962,
1686286505584687360,-55.39141,-37.10551,-0.61384,-0.01827,-0.00082,0.00865,0.99980,-2.40271,-0.06776,-0.00085,
1686286505684606720,-55.62520,-37.11088,-0.61201,-0.01908,-0.00097,0.00976,0.99977,-2.45924,0.01628,0.01625,
1686286505784883712,-55.87448,-37.11236,-0.61022,-0.01877,-0.00045,0.01063,0.99977,-2.43966,0.01971,0.02860,
1686286505884889600,-56.12233,-37.11334,-0.60862,-0.01776,0.00089,0.01122,0.99978,-2.51467,-0.04276,0.00941,
1686286505984453376,-56.36709,-37.12043,-0.60819,-0.01716,0.00057,0.01102,0.99979,-2.49975,-0.00510,0.02737,
1686286506084739584,-56.61988,-37.12200,-0.60588,-0.01836,0.00172,0.01186,0.99976,-2.56328,-0.04142,-0.00242,
1686286506184725760,-56.88225,-37.12609,-0.60687,-0.01943,0.00079,0.01274,0.99973,-2.63408,-0.04918,0.01892,
1686286506284828160,-57.12855,-37.13187,-0.60327,-0.01989,0.00123,0.01289,0.99972,-2.60896,-0.08178,0.00687,
1686286506384717824,-57.39631,-37.13945,-0.60440,-0.02078,0.00030,0.01307,0.99970,-2.65515,-0.07017,0.00108,
1686286506485500416,-57.67072,-37.14701,-0.60138,-0.02156,-0.00051,0.01282,0.99969,-2.70199,-0.10213,-0.00524,
1686286506585555712,-57.94104,-37.15794,-0.60289,-0.02273,-0.00095,0.01228,0.99967,-2.68126,-0.10405,0.02939,
1686286506685293568,-58.18842,-37.16313,-0.60239,-0.02421,-0.00031,0.01248,0.99963,-2.72815,-0.05978,-0.01642,
1686286506784671744,-58.45991,-37.16792,-0.60333,-0.02499,-0.00148,0.01369,0.99959,-2.69528,-0.05686,0.00587,
1686286506884657408,-58.73039,-37.17873,-0.60234,-0.02532,-0.00101,0.01317,0.99959,-2.72099,-0.13373,-0.00174,
1686286506984292096,-59.00423,-37.19201,-0.60177,-0.02342,-0.00117,0.01068,0.99967,-2.77146,-0.04192,0.00862,
1686286507084458752,-59.28323,-37.18999,-0.60172,-0.02032,-0.00132,0.01133,0.99973,-2.79948,0.05618,-0.02219,
1686286507184267776,-59.56380,-37.18162,-0.60523,-0.01839,-0.00249,0.01321,0.99974,-2.81688,0.06504,-0.00697,
1686286507284416256,-59.84483,-37.18374,-0.60442,-0.01895,-0.00327,0.01415,0.99971,-2.79895,-0.14193,-0.02657,
1686286507384579072,-60.12264,-37.20058,-0.60725,-0.01998,-0.00459,0.01187,0.99972,-2.75275,-0.15237,0.05414,
1686286507484524032,-60.39991,-37.21369,-0.60387,-0.02097,-0.00340,0.01062,0.99972,-2.84716,-0.04332,-0.08053,
1686286507584533760,-60.68494,-37.21788,-0.61013,-0.02170,-0.00501,0.01206,0.99968,-2.78411,-0.01132,0.04851,
1686286507684637184,-60.96078,-37.22369,-0.60582,-0.02196,-0.00301,0.01282,0.99967,-2.81371,-0.07204,-0.02609,
1686286507784846080,-61.23546,-37.23755,-0.61020,-0.02210,-0.00319,0.01203,0.99968,-2.74352,-0.14287,0.02732,
1686286507884560896,-61.51061,-37.25109,-0.60796,-0.02261,-0.00197,0.00947,0.99970,-2.72130,-0.14886,-0.01102,
1686286507984786688,-61.78641,-37.25937,-0.61209,-0.02402,-0.00132,0.00928,0.99967,-2.79214,-0.09274,0.01818,
1686286508085103616,-62.05660,-37.26675,-0.60983,-0.02511,-0.00019,0.00966,0.99964,-2.78128,-0.04356,0.00848,
1686286508184558080,-62.31194,-37.27247,-0.61251,-0.02531,-0.00095,0.00991,0.99963,-2.72659,-0.12601,-0.00177,
1686286508285448448,-62.58781,-37.28539,-0.60941,-0.02560,-0.00141,0.00892,0.99963,-2.74676,-0.15073,-0.03423,
1686286508384711424,-62.85832,-37.30005,-0.61216,-0.02626,-0.00286,0.00745,0.99962,-2.74071,-0.11425,0.00770,
1686286508484742912,-63.13227,-37.30979,-0.61481,-0.02700,-0.00311,0.00710,0.99961,-2.79324,-0.13188,-0.04218,
1686286508584706816,-63.41220,-37.31948,-0.62186,-0.02447,-0.00542,0.00421,0.99968,-2.67416,0.09147,0.02446,
1686286508684730880,-63.65793,-37.31048,-0.61622,-0.02203,-0.00359,0.00919,0.99971,-2.74139,0.03008,-0.04489,
1686286508784887296,-63.93792,-37.31621,-0.62155,-0.02233,-0.00496,0.01035,0.99968,-2.78489,-0.13510,0.01223,
1686286508884901632,-64.20572,-37.32703,-0.62070,-0.02326,-0.00380,0.00850,0.99969,-2.70048,-0.18492,-0.02020,
1686286508985892352,-64.48101,-37.34309,-0.62248,-0.02369,-0.00275,0.00657,0.99969,-2.65706,-0.13374,0.01690,
1686286509086377216,-64.75290,-37.35507,-0.61695,-0.02497,-0.00135,0.00637,0.99967,-2.77670,-0.09001,0.00413,
1686286509184661504,-65.02238,-37.36429,-0.61586,-0.02634,-0.00154,0.00686,0.99963,-2.73818,-0.06715,0.03367,
1686286509285308928,-65.29027,-37.37571,-0.61451,-0.02679,-0.00025,0.00681,0.99962,-2.67738,-0.12697,-0.00169,
1686286509385564928,-65.56752,-37.39319,-0.61703,-0.02703,-0.00060,0.00570,0.99962,-2.72125,-0.17898,-0.01351,
1686286509484858880,-65.83290,-37.41163,-0.61239,-0.02783,-0.00061,0.00472,0.99960,-2.70545,-0.13364,0.03784,
1686286509584663552,-66.08428,-37.43186,-0.60378,-0.02822,-0.00078,0.00375,0.99959,-2.77859,-0.10862,0.00220,
1686286509684808704,-66.35486,-37.44485,-0.60167,-0.02896,-0.00045,0.00489,0.99957,-2.71038,-0.09229,0.03819,
1686286509784989440,-66.62947,-37.45549,-0.60441,-0.02921,-0.00091,0.00546,0.99956,-2.73354,-0.10519,-0.02158,
1686286509885108480,-66.90726,-37.46697,-0.60347,-0.02947,-0.00058,0.00477,0.99955,-2.73511,-0.17227,0.01690,
1686286509984755968,-67.18482,-37.48414,-0.60181,-0.03004,-0.00155,0.00405,0.99954,-2.80411,-0.15364,0.00310,
1686286510084828928,-67.45935,-37.49928,-0.59854,-0.03108,-0.00156,0.00409,0.99951,-2.79990,-0.10604,0.02698,
1686286510185046272,-67.74066,-37.51076,-0.59712,-0.03201,-0.00180,0.00480,0.99947,-2.83405,-0.12322,0.00657,
1686286510285515264,-67.99967,-37.53112,-0.59669,-0.03212,-0.00262,0.00524,0.99947,-2.84906,-0.13554,-0.00269,
1686286510384657152,-68.28372,-37.54664,-0.59775,-0.03251,-0.00251,0.00506,0.99946,-2.91019,-0.16890,0.00227,
1686286510484833792,-68.58363,-37.55657,-0.59788,-0.03322,-0.00240,0.00566,0.99943,-2.92073,-0.12949,0.02863,
1686286510585050624,-68.88259,-37.56619,-0.59956,-0.03374,-0.00284,0.00639,0.99941,-2.96298,-0.12422,-0.00081,
1686286510685006080,-69.17503,-37.57604,-0.59586,-0.03452,-0.00190,0.00766,0.99937,-2.91203,-0.11093,0.03931,
1686286510784631808,-69.46891,-37.59024,-0.59450,-0.03502,-0.00136,0.00821,0.99935,-2.95946,-0.15634,0.00608,
1686286510885267968,-69.75689,-37.61635,-0.59231,-0.03537,-0.00101,0.00756,0.99935,-2.96874,-0.18952,0.02348,
1686286510984674816,-70.04981,-37.63402,-0.58982,-0.03595,-0.00095,0.00681,0.99933,-3.00444,-0.17863,-0.01778,
1686286511085138176,-70.35617,-37.65272,-0.59124,-0.03478,-0.00216,0.00677,0.99937,-2.97303,-0.08202,0.03652,
1686286511185447424,-70.65782,-37.66277,-0.59110,-0.03311,-0.00293,0.00734,0.99942,-3.05504,-0.09221,-0.03128,
1686286511284856064,-70.95544,-37.66839,-0.59127,-0.03124,-0.00411,0.00804,0.99947,-2.94214,-0.09337,0.02812,
1686286511384750848,-71.24751,-37.67779,-0.59330,-0.02932,-0.00427,0.00719,0.99954,-2.98242,-0.10057,-0.02363,
1686286511485076736,-71.53988,-37.68508,-0.59566,-0.02823,-0.00419,0.00823,0.99956,-2.94179,-0.08826,0.02774,
1686286511584546048,-71.83226,-37.69572,-0.59585,-0.02950,-0.00380,0.00905,0.99952,-2.92192,-0.13761,0.00599,
1686286511684974848,-72.12507,-37.70822,-0.59378,-0.03079,-0.00345,0.00943,0.99948,-2.89098,-0.12034,0.02473,
1686286511785106688,-72.41974,-37.72091,-0.59294,-0.03118,-0.00253,0.00957,0.99946,-2.88919,-0.16873,0.00927,
1686286511885308160,-72.70645,-37.73787,-0.59085,-0.03166,-0.00168,0.00919,0.99946,-2.85240,-0.14427,0.02472,
1686286511984690688,-72.99561,-37.74794,-0.59621,-0.03192,-0.00188,0.00914,0.99945,-2.88716,-0.10786,-0.01526,
1686286512084909824,-73.28424,-37.75844,-0.59650,-0.03252,-0.00151,0.01002,0.99942,-2.80755,-0.10913,0.04990,
1686286512184734720,-73.55253,-37.76680,-0.60023,-0.03262,-0.00144,0.01007,0.99942,-2.86903,-0.14006,-0.02074,
1686286512285242880,-73.83109,-37.78314,-0.60037,-0.03245,-0.00216,0.00852,0.99943,-2.82008,-0.18819,0.00681,
1686286512384543232,-74.11199,-37.79462,-0.60470,-0.03053,-0.00229,0.00734,0.99950,-2.81694,-0.05781,-0.01946,
1686286512485078528,-74.39373,-37.78858,-0.61159,-0.02529,-0.00307,0.00761,0.99965,-2.87229,0.15453,-0.03321,
1686286512585122560,-74.67987,-37.77538,-0.61274,-0.02021,-0.00505,0.01149,0.99972,-2.86191,0.08250,0.00547,
1686286512684753408,-74.94342,-37.77139,-0.61301,-0.01970,-0.00483,0.01245,0.99972,-2.78954,-0.14584,0.00052,
1686286512785021952,-75.23000,-37.78600,-0.61727,-0.02141,-0.00455,0.00933,0.99972,-2.86212,-0.22535,-0.02531,
1686286512884569344,-75.49105,-37.79638,-0.61818,-0.02284,-0.00403,0.00839,0.99970,-2.83669,-0.08243,0.00462,
1686286512985417984,-75.77474,-37.80393,-0.62157,-0.02385,-0.00364,0.00916,0.99967,-2.89979,-0.01113,-0.03387,
1686286513085411072,-76.06478,-37.80655,-0.62161,-0.02425,-0.00478,0.01124,0.99963,-2.92029,-0.04990,-0.01547,
1686286513184789248,-76.36257,-37.81133,-0.62701,-0.02440,-0.00663,0.01167,0.99961,-2.89006,-0.09621,-0.03519,
1686286513285472512,-76.65034,-37.82276,-0.62835,-0.02488,-0.00631,0.01061,0.99961,-2.88276,-0.12872,-0.00649,
1686286513385071616,-76.92219,-37.82816,-0.62980,-0.02568,-0.00677,0.01099,0.99959,-2.94663,-0.07694,-0.03731,
1686286513485299968,-77.21856,-37.84029,-0.63221,-0.02664,-0.00700,0.01157,0.99955,-2.91966,-0.03793,-0.02365,
1686286513585400320,-77.51135,-37.84839,-0.63312,-0.02746,-0.00660,0.01290,0.99952,-2.94023,-0.08145,-0.01276,
1686286513684848384,-77.80598,-37.85729,-0.63402,-0.02781,-0.00681,0.01308,0.99950,-2.92190,-0.13087,-0.01941,
1686286513784673792,-78.10207,-37.87423,-0.63555,-0.02850,-0.00642,0.01192,0.99950,-2.94649,-0.14109,-0.01376,
1686286513884326144,-78.37705,-37.89382,-0.63950,-0.02866,-0.00582,0.01154,0.99951,-2.93787,-0.08823,-0.02291,
1686286513984315136,-78.67614,-37.90133,-0.64578,-0.02780,-0.00564,0.01213,0.99952,-3.00023,-0.01774,-0.03912,
1686286514084222208,-78.98742,-37.90272,-0.65112,-0.02682,-0.00737,0.01457,0.99951,-3.03885,-0.02189,-0.05371,
1686286514184680192,-79.29483,-37.91041,-0.65573,-0.02710,-0.00795,0.01526,0.99948,-2.95157,-0.16143,-0.00718,
1686286514284632320,-79.58924,-37.93235,-0.65194,-0.02812,-0.00755,0.01435,0.99947,-3.00219,-0.14629,-0.03209,
1686286514384721408,-79.89152,-37.94771,-0.65531,-0.02905,-0.00802,0.01413,0.99945,-2.93092,-0.08125,-0.02370,
1686286514484827392,-80.18558,-37.95312,-0.66147,-0.03028,-0.00638,0.01673,0.99938,-2.93545,-0.03574,-0.01894,
1686286514585733888,-80.48032,-37.96229,-0.66085,-0.03044,-0.00570,0.01797,0.99936,-2.95391,-0.10470,-0.00400,
1686286514685153280,-80.77505,-37.98372,-0.66117,-0.03057,-0.00514,0.01717,0.99937,-2.93161,-0.20922,-0.02030,
1686286514784798464,-81.07531,-38.00363,-0.66070,-0.03165,-0.00463,0.01635,0.99935,-2.92762,-0.17556,-0.02745,
1686286514884992256,-81.37754,-38.02053,-0.66637,-0.03312,-0.00548,0.01620,0.99930,-2.94009,-0.11382,-0.02638,
1686286514984598272,-81.66852,-38.03235,-0.65927,-0.03449,-0.00513,0.01850,0.99922,-2.92627,-0.10499,0.00287,
1686286515084767744,-81.95968,-38.04903,-0.66292,-0.03644,-0.00615,0.01894,0.99914,-2.91726,-0.27470,-0.03591,
1686286515184578048,-82.24497,-38.07558,-0.66506,-0.03706,-0.00612,0.01541,0.99918,-2.87167,-0.25535,-0.00386,
1686286515284822016,-82.52573,-38.10591,-0.66255,-0.03745,-0.00445,0.01392,0.99919,-2.88484,-0.21655,-0.00895,
1686286515385185024,-82.81653,-38.12456,-0.66368,-0.03871,-0.00447,0.01454,0.99913,-2.91682,-0.09928,-0.00807,
1686286515485463296,-83.10870,-38.13434,-0.66180,-0.03937,-0.00482,0.01642,0.99908,-2.88283,-0.12749,-0.00753,
1686286515584781568,-83.38611,-38.14583,-0.66422,-0.03880,-0.00384,0.01556,0.99912,-2.83493,-0.28784,0.01807,
1686286515684731392,-83.66336,-38.17553,-0.65609,-0.03890,-0.00236,0.01132,0.99918,-2.87331,-0.29169,0.00887,
1686286515784654848,-83.94761,-38.20523,-0.65626,-0.04063,-0.00158,0.01031,0.99912,-2.88544,-0.18271,0.00811,
1686286515884981760,-84.23378,-38.22437,-0.65731,-0.04179,-0.00093,0.01190,0.99906,-2.87389,-0.12674,0.01484,
1686286515984610304,-84.51865,-38.24184,-0.65387,-0.04154,-0.00065,0.01240,0.99906,-2.89413,-0.22383,0.01079,
1686286516084645120,-84.81233,-38.27367,-0.65037,-0.04115,-0.00181,0.01046,0.99910,-2.95691,-0.33061,-0.02478,
1686286516184692736,-85.10447,-38.30064,-0.65080,-0.04218,-0.00164,0.00809,0.99908,-2.84727,-0.25877,0.05947,
1686286516285104896,-85.40014,-38.32529,-0.65180,-0.04338,-0.00130,0.00761,0.99903,-2.98384,-0.22312,-0.07675,
1686286516384503808,-85.69847,-38.34522,-0.65197,-0.04409,-0.00345,0.00824,0.99899,-2.95266,-0.18917,0.03499,
1686286516485726976,-85.99123,-38.36825,-0.65089,-0.04444,-0.00334,0.00878,0.99897,-2.95200,-0.24085,-0.02492,
1686286516585041408,-86.28440,-38.39429,-0.64394,-0.04428,-0.00393,0.00685,0.99899,-3.00098,-0.32656,0.00446,
1686286516684476416,-86.58282,-38.41455,-0.64505,-0.04520,-0.00508,0.00675,0.99894,-2.96633,-0.20836,-0.01849,
1686286516784642816,-86.88406,-38.43359,-0.64641,-0.04613,-0.00418,0.00849,0.99889,-2.94024,-0.15268,0.03355,
1686286516884701440,-87.17807,-38.44987,-0.63976,-0.04621,-0.00300,0.01013,0.99888,-3.02814,-0.23032,0.00867,
1686286516985688576,-87.48001,-38.47480,-0.63326,-0.04585,-0.00320,0.00903,0.99890,-2.95887,-0.31479,0.03530,
1686286517085516288,-87.77545,-38.50422,-0.62832,-0.04691,-0.00119,0.00744,0.99887,-2.98474,-0.28368,0.00265,
1686286517184418816,-88.07331,-38.52803,-0.62767,-0.04855,-0.00054,0.00768,0.99879,-3.02524,-0.21354,0.04607,
1686286517284833024,-88.37276,-38.54854,-0.62522,-0.04906,-0.00071,0.00868,0.99876,-3.01203,-0.22431,0.02889,
1686286517384904704,-88.67704,-38.57144,-0.62419,-0.04917,-0.00121,0.00921,0.99875,-3.03513,-0.24519,0.01074,
1686286517485291264,-88.97372,-38.59316,-0.62423,-0.04920,-0.00114,0.00933,0.99874,-3.03173,-0.30832,0.01059,
1686286517584659200,-89.28089,-38.62220,-0.62080,-0.04945,-0.00101,0.00806,0.99874,-3.05774,-0.30159,0.04885,
1686286517684783104,-89.58544,-38.65485,-0.61837,-0.05033,-0.00041,0.00675,0.99871,-3.11081,-0.30617,0.00559,
1686286517785965312,-89.90159,-38.68152,-0.61952,-0.05176,-0.00066,0.00699,0.99863,-3.15516,-0.26503,0.02652,
1686286517885270784,-90.21902,-38.70808,-0.62122,-0.05245,-0.00038,0.00730,0.99860,-3.17640,-0.28427,-0.01099,
1686286517984541184,-90.53089,-38.73746,-0.62284,-0.05233,-0.00166,0.00626,0.99861,-3.29646,-0.36204,-0.00334,
1686286518085441536,-90.86066,-38.77162,-0.61877,-0.05298,-0.00303,0.00532,0.99858,-3.26586,-0.33198,0.01601,
1686286518185691392,-91.19230,-38.80658,-0.61992,-0.05409,-0.00280,0.00494,0.99852,-3.32615,-0.29557,-0.00341,
1686286518284955136,-91.52506,-38.83704,-0.61814,-0.05468,-0.00326,0.00613,0.99848,-3.36976,-0.28344,0.01880,
1686286518384549888,-91.86751,-38.87316,-0.62380,-0.05478,-0.00227,0.00603,0.99848,-3.45931,-0.34621,-0.02000,
1686286518484958976,-92.20506,-38.90559,-0.62733,-0.05521,-0.00424,0.00595,0.99845,-3.43885,-0.38017,0.00377,
1686286518584925184,-92.54434,-38.93927,-0.62868,-0.05628,-0.00391,0.00615,0.99839,-3.35054,-0.31529,0.00100,
1686286518685304576,-92.88756,-38.96999,-0.62829,-0.05713,-0.00474,0.00628,0.99834,-3.38347,-0.32605,-0.01497,
1686286518784597248,-93.22478,-38.99812,-0.63599,-0.05769,-0.00460,0.00687,0.99830,-3.30033,-0.36121,0.00443,
1686286518884818944,-93.54449,-39.03929,-0.63701,-0.05797,-0.00323,0.00561,0.99830,-3.35056,-0.38487,-0.01610,
1686286518984663040,-93.87711,-39.07640,-0.63800,-0.05398,-0.00462,0.00093,0.99853,-3.34886,-0.21985,-0.02834,
1686286519085436160,-94.22624,-39.08837,-0.63626,-0.04080,-0.00481,-0.00028,0.99916,-3.31327,0.21640,-0.02006,
1686286519184630272,-94.56118,-39.05605,-0.64290,-0.02283,-0.00625,0.00302,0.99972,-3.33529,0.39519,-0.02604,
1686286519284618240,-94.85471,-39.01204,-0.64696,-0.01196,-0.00557,0.00877,0.99987,-3.25563,0.12455,0.00025,
1686286519384841472,-95.15553,-39.01096,-0.65692,-0.01060,-0.00655,0.00733,0.99990,-3.35891,-0.18993,-0.05936,
1686286519485052672,-95.44792,-39.02609,-0.66055,-0.01341,-0.00650,0.00308,0.99988,-3.22652,-0.21891,-0.00167,
1686286519584872704,-95.77951,-39.03871,-0.67124,-0.01520,-0.00720,0.00176,0.99986,-3.28379,-0.06567,-0.06526,
1686286519685128192,-96.10795,-39.04586,-0.67323,-0.01572,-0.00743,0.00184,0.99985,-3.19106,-0.01180,0.02232,
1686286519784816640,-96.41417,-39.04707,-0.67455,-0.01624,-0.00549,0.00275,0.99985,-3.22291,-0.08042,-0.02414,
1686286519885135872,-96.73954,-39.05443,-0.67624,-0.02069,-0.00526,0.00458,0.99976,-3.19348,-0.19784,-0.01417,
1686286519984651264,-97.05532,-39.08402,-0.67553,-0.02957,-0.00459,0.00374,0.99955,-3.08188,-0.44043,0.01250,
1686286520084712192,-97.33609,-39.13034,-0.67609,-0.03494,-0.00224,-0.00154,0.99939,-3.10822,-0.28647,0.00477,
1686286520184766720,-97.64882,-39.14920,-0.67287,-0.03598,-0.00249,-0.00009,0.99935,-3.16335,-0.06795,-0.00265,
1686286520285135360,-97.95451,-39.15722,-0.66874,-0.03672,-0.00047,0.00288,0.99932,-3.04048,-0.11303,0.05606,
1686286520384880384,-98.26687,-39.17353,-0.66756,-0.03776,-0.00107,0.00416,0.99928,-3.20878,-0.24364,-0.05271,
1686286520485379840,-98.58345,-39.20156,-0.66534,-0.03849,-0.00179,0.00265,0.99925,-3.01969,-0.27887,0.06744,
1686286520584672512,-98.89126,-39.22550,-0.66283,-0.04003,0.00021,0.00262,0.99920,-3.17016,-0.22669,-0.03233,
1686286520685406720,-99.21196,-39.24793,-0.66392,-0.04124,-0.00101,0.00301,0.99914,-3.15708,-0.19504,0.05672,
1686286520784948224,-99.51939,-39.26683,-0.66089,-0.04232,0.00041,0.00445,0.99909,-3.16336,-0.19920,0.00257,
1686286520884592896,-99.83122,-39.28836,-0.65283,-0.04302,0.00000,0.00438,0.99906,-3.14456,-0.29717,0.03722,
1686286520984696832,-100.14762,-39.31746,-0.64837,-0.04399,0.00085,0.00305,0.99903,-3.17048,-0.31560,0.00401,
1686286521085066240,-100.46900,-39.34844,-0.64559,-0.04549,0.00079,0.00176,0.99896,-3.19146,-0.30783,0.04344,
1686286521184581632,-100.77907,-39.37148,-0.63572,-0.04738,0.00120,0.00294,0.99887,-3.24394,-0.21412,0.00629,
1686286521284816128,-101.10663,-39.39772,-0.63389,-0.04822,-0.00083,0.00379,0.99883,-3.19485,-0.29681,0.04571,
1686286521385272832,-101.42754,-39.43484,-0.63116,-0.04832,0.00067,0.00116,0.99883,-3.16153,-0.42919,0.05834,
1686286521484975360,-101.71866,-39.46551,-0.62566,-0.05001,0.00280,-0.00037,0.99874,-3.21216,-0.31327,0.06753,
1686286521584893440,-102.03525,-39.49054,-0.62058,-0.05247,0.00494,0.00190,0.99861,-3.18460,-0.18744,0.06701,
1686286521684701696,-102.34611,-39.51154,-0.61967,-0.05308,0.00514,0.00384,0.99857,-3.26270,-0.28673,0.00823,
1686286521784781824,-102.67045,-39.54912,-0.61307,-0.05247,0.00505,0.00120,0.99861,-3.23160,-0.45263,0.09203,
1686286521884888320,-102.99361,-39.58619,-0.61100,-0.05449,0.00564,0.00064,0.99850,-3.27847,-0.32453,0.04815,
1686286521984818944,-103.31470,-39.61348,-0.60488,-0.05700,0.00551,0.00245,0.99836,-3.22087,-0.23372,0.09225,
1686286522084462848,-103.63335,-39.64121,-0.59753,-0.05781,0.00697,0.00433,0.99829,-3.25489,-0.32755,0.03738,
1686286522184941056,-103.96180,-39.68024,-0.59740,-0.05811,0.00698,0.00322,0.99828,-3.25750,-0.40725,0.07593,
1686286522285326592,-104.29458,-39.71923,-0.59016,-0.05968,0.00718,0.00303,0.99819,-3.31253,-0.37474,0.03505,
1686286522384562944,-104.62721,-39.75733,-0.58832,-0.06118,0.00611,0.00329,0.99810,-3.33051,-0.33027,0.06403,
1686286522484645120,-104.95944,-39.79485,-0.58497,-0.06235,0.00618,0.00428,0.99803,-3.27431,-0.37120,0.07708,
1686286522584724480,-105.28887,-39.83191,-0.58054,-0.06358,0.00638,0.00486,0.99794,-3.29397,-0.34420,0.00901,
1686286522685111808,-105.61514,-39.87308,-0.57315,-0.06444,0.00721,0.00416,0.99789,-3.20590,-0.40857,0.08462,
1686286522784569344,-105.94260,-39.91365,-0.57030,-0.06576,0.00677,0.00475,0.99780,-3.28941,-0.43211,0.01527,
1686286522884577024,-106.26285,-39.95512,-0.56227,-0.06717,0.00676,0.00446,0.99771,-3.19327,-0.37727,0.08053,
1686286522985217792,-106.59346,-39.99777,-0.56109,-0.06836,0.00587,0.00528,0.99763,-3.22930,-0.46191,0.00140,
1686286523084988928,-106.90532,-40.04540,-0.55459,-0.06899,0.00614,0.00379,0.99759,-3.10413,-0.43435,0.10679,
1686286523184494080,-107.21951,-40.09091,-0.55449,-0.07049,0.00761,0.00315,0.99748,-3.17767,-0.45338,0.01988,
1686286523284883456,-107.53231,-40.13426,-0.54848,-0.07105,0.00770,0.00185,0.99744,-3.12682,-0.40048,0.07036,
1686286523384626688,-107.84382,-40.16725,-0.54890,-0.06508,0.00838,0.00049,0.99784,-3.15387,-0.14540,0.00353,
1686286523484995840,-108.16518,-40.18023,-0.54545,-0.05567,0.00791,0.00199,0.99842,-3.17421,-0.07065,0.05715,
1686286523584847616,-108.48049,-40.19307,-0.53435,-0.04919,0.00688,0.00290,0.99876,-3.15229,-0.16198,0.00831,
1686286523684774400,-108.78792,-40.20258,-0.53012,-0.04346,0.00685,0.00289,0.99903,-3.09365,-0.05909,0.07060,
1686286523785151744,-109.09174,-40.20972,-0.52252,-0.04165,0.00637,0.00620,0.99909,-3.13898,-0.20377,0.00245,
1686286523885553920,-109.39792,-40.23763,-0.51847,-0.04311,0.00515,0.00390,0.99905,-3.05475,-0.33564,0.05485,
1686286523984590592,-109.69090,-40.27054,-0.51155,-0.04446,0.00559,0.00184,0.99899,-3.01354,-0.29636,0.01057,
1686286524084621824,-109.99799,-40.29773,-0.51178,-0.04562,0.00382,0.00135,0.99895,-2.99375,-0.21697,0.02893,
1686286524184674560,-110.29372,-40.32289,-0.50467,-0.04379,0.00324,-0.00127,0.99903,-2.98897,-0.14963,0.02803,
1686286524285485312,-110.60463,-40.32986,-0.50220,-0.03250,0.00339,-0.00325,0.99946,-3.00610,0.16371,0.00966,
1686286524384558848,-110.90546,-40.30254,-0.49733,-0.01359,0.00392,-0.00325,0.99989,-2.89457,0.48284,0.08342,
1686286524484768256,-111.19568,-40.24500,-0.49298,0.00419,0.00488,0.00354,0.99997,-2.94305,0.53606,-0.01591,
1686286524586024448,-111.48802,-40.20787,-0.48847,0.01257,0.00519,0.00606,0.99989,-2.88227,0.18375,0.08328,
1686286524685159680,-111.77155,-40.19928,-0.48190,0.01290,0.00500,0.00439,0.99989,-2.93013,-0.07901,-0.02920,
1686286524785047040,-112.06092,-40.20850,-0.47809,0.01069,0.00405,-0.00032,0.99993,-2.88067,-0.07140,0.06778,
1686286524885039104,-112.35094,-40.20181,-0.47449,0.00870,0.00399,-0.00007,0.99995,-2.91887,0.11851,-0.00174,
1686286524984434944,-112.64113,-40.18938,-0.47082,0.00821,0.00276,0.00066,0.99996,-2.89783,0.13522,0.05930,
1686286525084867840,-112.93048,-40.18155,-0.46780,0.00716,0.00246,0.00066,0.99997,-2.88873,0.01421,0.01775,
1686286525184593152,-113.21827,-40.18637,-0.46727,0.00844,0.00246,-0.00426,0.99995,-2.83384,0.00200,0.01858,
1686286525284711424,-113.50193,-40.16878,-0.46537,0.01390,0.00289,-0.00481,0.99989,-2.78931,0.36254,0.03910,
1686286525385314304,-113.77833,-40.13070,-0.46021,0.01754,0.00344,0.00009,0.99984,-2.80214,0.25410,0.02438,
1686286525485239808,-114.06713,-40.11778,-0.45956,0.01639,0.00274,0.00018,0.99986,-2.75371,0.00565,0.05260,
1686286525584888320,-114.33845,-40.11668,-0.45422,0.01477,0.00360,-0.00215,0.99988,-2.71864,0.03963,0.02000,
1686286525685083648,-114.61372,-40.10872,-0.45451,0.01407,0.00284,-0.00317,0.99989,-2.74121,0.09696,0.01254,
1686286525785163264,-114.88222,-40.09399,-0.45091,0.01309,0.00316,-0.00235,0.99991,-2.67562,0.14119,0.04034,
1686286525885047040,-115.17148,-40.08042,-0.45052,0.01250,0.00314,-0.00203,0.99991,-2.70386,0.08360,-0.00337,
1686286525984902656,-115.44121,-40.07083,-0.44862,0.01167,0.00204,-0.00166,0.99993,-2.66656,0.08886,0.04671,
1686286526084471552,-115.70469,-40.06442,-0.44566,0.01065,0.00216,-0.00272,0.99994,-2.68790,0.07233,-0.00445,
1686286526185396480,-115.97612,-40.05393,-0.44418,0.01001,0.00222,-0.00247,0.99994,-2.59623,0.05406,0.05556,
1686286526285236736,-116.23331,-40.04900,-0.44072,0.00942,0.00329,-0.00370,0.99994,-2.63052,0.02280,0.01008,
1686286526384637184,-116.49191,-40.04373,-0.43413,0.00847,0.00440,-0.00407,0.99995,-2.50139,0.08692,0.10425,
1686286526484840448,-116.74941,-40.03581,-0.42455,0.00751,0.00735,-0.00343,0.99994,-2.61221,0.13886,0.00991,
1686286526584853248,-116.99968,-40.01611,-0.41947,0.00732,0.00746,-0.00034,0.99995,-2.59598,0.14283,0.07892,
1686286526684895488,-117.26117,-40.00543,-0.41418,0.00752,0.00748,0.00015,0.99994,-2.66773,0.06385,-0.00654,
1686286526784707328,-117.51848,-40.00307,-0.40807,0.00756,0.00765,-0.00113,0.99994,-2.53241,-0.03895,0.15295,
1686286526884549632,-117.77287,-40.01068,-0.39470,0.00648,0.00955,-0.00612,0.99991,-2.57285,-0.06460,0.06274,
1686286526984916736,-118.02888,-40.01114,-0.38935,0.00337,0.01042,-0.00710,0.99991,-2.58745,-0.01096,0.03267,
1686286527085135360,-118.27798,-40.00457,-0.38678,0.00116,0.00952,-0.00629,0.99993,-2.52656,0.15956,0.06723,
1686286527184835840,-118.52813,-39.99155,-0.37841,0.00067,0.01158,-0.00279,0.99993,-2.54133,0.09761,0.06148,
1686286527284687360,-118.78770,-39.99222,-0.37438,0.00188,0.00905,-0.00371,0.99995,-2.65468,-0.06177,0.04253,
1686286527384641536,-119.04911,-39.99619,-0.36634,0.00228,0.00536,-0.00624,0.99996,-2.59723,-0.08833,0.02078,
1686286527485146112,-119.30420,-40.00361,-0.36838,0.00065,0.00440,-0.00900,0.99995,-2.44994,0.01264,0.01568,
1686286527584555008,-119.55324,-39.99820,-0.36572,-0.00109,0.00441,-0.00774,0.99996,-2.57324,0.10224,0.01587,
1686286527685681152,-119.81435,-39.98883,-0.36524,-0.00192,-0.00012,-0.00566,0.99998,-2.50111,0.07777,0.00815,
1686286527785029376,-120.06271,-39.99024,-0.36727,-0.00172,-0.00123,-0.00637,0.99998,-2.44596,-0.05403,-0.00709,
1686286527885470720,-120.30409,-39.99766,-0.36651,-0.00062,-0.00251,-0.01010,0.99995,-2.44741,-0.00365,-0.01485,
1686286527984860672,-120.54816,-39.98274,-0.36828,0.00689,-0.00386,-0.01124,0.99991,-2.36817,0.37399,-0.00716,
1686286528084636928,-120.79117,-39.93682,-0.36794,0.01938,-0.00364,-0.00754,0.99978,-2.32722,0.59624,0.05989,
1686286528185348864,-121.03268,-39.87843,-0.36163,0.02917,-0.00251,-0.00176,0.99957,-2.40981,0.42908,-0.00232,
1686286528285474560,-121.26472,-39.85227,-0.36369,0.03308,-0.00304,-0.00189,0.99945,-2.34249,0.02004,0.04440,
1686286528384678400,-121.49249,-39.85555,-0.36036,0.03092,0.00035,-0.00666,0.99950,-2.26516,-0.07353,0.04007,
1686286528485342208,-121.72330,-39.85393,-0.35803,0.02755,0.00285,-0.00962,0.99957,-2.31550,0.15884,0.02091,
1686286528584549888,-121.95520,-39.83299,-0.35272,0.02928,0.00397,-0.01009,0.99951,-2.32718,0.35955,0.05829,
1686286528684902400,-122.19348,-39.79367,-0.35246,0.04155,0.00353,-0.01124,0.99907,-2.32737,0.54866,-0.03601,
1686286528784734464,-122.43114,-39.73195,-0.35348,0.06203,0.00202,-0.01252,0.99799,-2.23061,0.87742,0.06249,
1686286528884680960,-122.65741,-39.62985,-0.34924,0.08042,0.00337,-0.00298,0.99675,-2.18388,1.06139,0.05160,
1686286528984541184,-122.87531,-39.53094,-0.34564,0.09663,0.00394,0.00242,0.99531,-2.25166,0.87728,0.04746,
1686286529085120000,-123.09961,-39.46114,-0.34116,0.11190,0.00337,-0.00099,0.99371,-2.22583,0.59534,0.06696,
1686286529184563456,-123.31714,-39.39702,-0.33727,0.12616,0.00562,-0.00630,0.99197,-2.15763,0.72879,-0.00029,
1686286529284526080,-123.54011,-39.31216,-0.33791,0.13883,0.00538,-0.00828,0.99027,-2.18304,1.02130,0.00987,
1686286529384657152,-123.75407,-39.20656,-0.33335,0.15016,0.00498,-0.00669,0.98863,-2.11247,1.09876,0.03202,
1686286529484566272,-123.96505,-39.09529,-0.33289,0.16703,0.00342,-0.00668,0.98592,-2.01236,1.18514,0.03203,
1686286529585589760,-124.16896,-38.97618,-0.32692,0.18573,0.00417,-0.00631,0.98257,-1.97640,1.22262,0.04319,
1686286529684923648,-124.36765,-38.84982,-0.32230,0.20219,0.00372,-0.00545,0.97932,-1.87722,1.31255,0.08713,
1686286529784941568,-124.54901,-38.72444,-0.30951,0.21936,0.00796,-0.00613,0.97559,-1.72254,1.32256,0.17021,
1686286529884936448,-124.72711,-38.58747,-0.30299,0.23757,0.01199,-0.00627,0.97128,-1.84412,1.39092,-0.03753,
1686286529984835840,-124.91241,-38.44388,-0.30153,0.25468,0.01153,-0.00741,0.96693,-1.82599,1.47501,0.05240,
1686286530085120512,-125.09604,-38.28961,-0.29392,0.27015,0.01099,-0.00580,0.96274,-1.80388,1.68411,-0.01570,
1686286530184690688,-125.27178,-38.11547,-0.28984,0.28625,0.00945,-0.00032,0.95811,-1.72568,1.81260,0.11296,
1686286530285099264,-125.44682,-37.93718,-0.28146,0.30292,0.00662,0.00241,0.95299,-1.77723,1.80604,-0.00258,
1686286530384885248,-125.62908,-37.76759,-0.28586,0.31892,0.00254,0.00063,0.94778,-1.74761,1.58586,0.01947,
1686286530484561152,-125.80421,-37.60638,-0.28877,0.33401,0.00150,-0.00338,0.94256,-1.69737,1.71190,0.02147,
1686286530584595968,-125.96949,-37.43414,-0.28384,0.34434,0.00310,-0.00360,0.93883,-1.66604,1.81203,0.03669,
1686286530685286400,-126.14211,-37.25180,-0.28560,0.35171,0.00169,-0.00349,0.93610,-1.71703,1.82635,-0.02811,
1686286530784728576,-126.30860,-37.07319,-0.28435,0.36070,0.00105,-0.00305,0.93268,-1.58817,1.80273,0.05831,
1686286530885210880,-126.47331,-36.89109,-0.28455,0.36923,0.00155,-0.00254,0.92933,-1.64638,1.80787,-0.01827,
1686286530984928768,-126.64578,-36.70883,-0.28090,0.37147,0.00148,-0.00070,0.92844,-1.82593,1.74281,0.03544,
1686286531085461248,-126.83236,-36.53905,-0.28019,0.36961,0.00033,-0.00186,0.92918,-1.72714,1.63213,0.07807,
1686286531184516608,-127.00308,-36.38112,-0.27253,0.36925,0.00374,-0.00459,0.92931,-1.71279,1.60977,0.05736,
1686286531284965376,-127.17031,-36.21064,-0.26603,0.36778,0.00744,-0.00398,0.92987,-1.64608,1.72882,0.04021,
1686286531384399104,-127.34698,-36.03927,-0.26583,0.36667,0.00720,-0.00327,0.93032,-1.84229,1.75799,-0.01419,
1686286531485037568,-127.52727,-35.86907,-0.26426,0.36630,0.00698,-0.00363,0.93046,-1.75260,1.65515,0.05276,
1686286531584762112,-127.70358,-35.69692,-0.26031,0.36454,0.00737,-0.00282,0.93116,-1.77127,1.79997,0.00514,
1686286531684988160,-127.88300,-35.51756,-0.25817,0.36389,0.00588,0.00125,0.93142,-1.76883,1.90298,0.00330,
1686286531784705280,-128.06410,-35.34155,-0.25722,0.36489,0.00301,0.00275,0.93104,-1.80878,1.64661,0.01019,
1686286531884558592,-128.24966,-35.17838,-0.26079,0.36458,0.00202,-0.00009,0.93117,-1.90366,1.61842,-0.01198,
1686286531984630016,-128.43524,-35.00807,-0.25507,0.36240,0.00225,-0.00002,0.93202,-1.73173,1.81501,0.05935,
1686286532084563712,-128.61105,-34.82317,-0.25180,0.36062,0.00280,0.00487,0.93270,-1.75701,1.95644,-0.04872,
1686286532185174528,-128.78257,-34.64525,-0.24855,0.36081,0.00508,0.00783,0.93259,-1.72017,1.70258,0.13575,
1686286532285278976,-128.96709,-34.48333,-0.24467,0.36172,0.00493,0.00574,0.93225,-1.99894,1.68250,-0.11571,
1686286532384723712,-129.16484,-34.32174,-0.24717,0.36134,0.00165,0.00165,0.93243,-1.89956,1.55179,0.08360,
1686286532484643840,-129.34716,-34.15394,-0.24254,0.36231,0.00168,-0.00162,0.93205,-1.70704,1.89909,-0.01148,
1686286532585456384,-129.51844,-33.95611,-0.24639,0.36774,0.00240,0.00326,0.92992,-1.63095,1.98390,0.00840,
1686286532684512256,-129.68544,-33.76404,-0.24423,0.37416,0.00173,0.00496,0.92735,-1.68776,1.89694,-0.01709,
1686286532785496320,-129.86880,-33.57522,-0.24866,0.37992,0.00039,0.00281,0.92502,-1.73986,1.78083,0.01150,
1686286532884408576,-130.03791,-33.38872,-0.24728,0.38481,0.00061,0.00218,0.92299,-1.71811,1.92591,-0.00382,
1686286532985098496,-130.21499,-33.19572,-0.24491,0.38498,-0.00049,0.00364,0.92292,-1.78642,1.82617,0.03836,
1686286533085622272,-130.39356,-33.01751,-0.24407,0.38300,-0.00031,0.00273,0.92375,-1.78214,1.73957,-0.01363,
1686286533184625920,-130.58191,-32.84158,-0.24528,0.38258,-0.00099,-0.00000,0.92392,-1.76625,1.69564,0.02809,
1686286533284975360,-130.75760,-32.67285,-0.24216,0.38284,-0.00093,-0.00371,0.92381,-1.74112,1.79713,-0.01483,
1686286533385430528,-130.92419,-32.48954,-0.24156,0.38925,-0.00175,-0.00547,0.92111,-1.50410,2.01971,0.04007,
1686286533484871936,-131.07915,-32.27957,-0.23894,0.40095,-0.00070,-0.00358,0.91609,-1.37821,2.12368,0.00087,
1686286533585401344,-131.22192,-32.06503,-0.23864,0.41224,-0.00066,-0.00092,0.91107,-1.39562,2.05475,0.02661,
1686286533684528896,-131.37695,-31.85362,-0.23793,0.42234,-0.00126,-0.00270,0.90643,-1.44570,2.06262,-0.00785,
1686286533785648896,-131.52613,-31.63781,-0.23771,0.43441,-0.00172,-0.00432,0.90070,-1.30328,2.14333,0.02873,
1686286533885394688,-131.65676,-31.41376,-0.23729,0.44670,-0.00141,-0.00314,0.89468,-1.22444,2.26369,-0.00006,
1686286533984822272,-131.77913,-31.18937,-0.23621,0.45876,-0.00085,-0.00269,0.88855,-1.14480,2.24335,0.03872,
1686286534084882688,-131.89480,-30.96068,-0.23520,0.47122,-0.00091,-0.00228,0.88201,-1.12225,2.29728,-0.00807,
1686286534185096960,-132.00492,-30.73328,-0.23650,0.48419,-0.00154,-0.00316,0.87496,-1.06215,2.28898,0.01750,
1686286534284521728,-132.11029,-30.50328,-0.23568,0.49681,-0.00119,-0.00367,0.86785,-0.98269,2.32087,0.01100,
1686286534384638976,-132.20902,-30.26614,-0.23433,0.50930,-0.00121,-0.00440,0.86058,-0.90798,2.39677,0.01518,
1686286534484817152,-132.29451,-30.02623,-0.23292,0.52182,-0.00114,-0.00398,0.85304,-0.80266,2.40089,0.02745,
1686286534584470528,-132.37163,-29.78485,-0.23025,0.53408,-0.00047,-0.00377,0.84542,-0.72528,2.41610,0.01693,
1686286534684783104,-132.44753,-29.54157,-0.22995,0.54638,-0.00058,-0.00477,0.83752,-0.75584,2.36963,0.02538,
1686286534784720896,-132.51854,-29.29805,-0.22855,0.55871,-0.00086,-0.00622,0.82934,-0.64699,2.42423,0.00581,
1686286534884625408,-132.57919,-29.04545,-0.23283,0.57217,-0.00218,-0.00654,0.82010,-0.46275,2.56288,-0.02259,
1686286534985473792,-132.62085,-28.78891,-0.23136,0.58586,-0.00136,-0.00494,0.81039,-0.33679,2.54394,0.00994,
1686286535085025536,-132.65291,-28.52863,-0.23482,0.60138,-0.00242,-0.00334,0.79895,-0.21225,2.58537,-0.00261,
1686286535185090048,-132.67669,-28.27202,-0.23221,0.61730,-0.00282,-0.00364,0.78672,-0.15997,2.55021,-0.00833,
1686286535286412288,-132.69238,-28.00821,-0.23658,0.63243,-0.00285,-0.00296,0.77461,-0.07679,2.53199,0.00536,
1686286535386140928,-132.69472,-27.75302,-0.23518,0.64773,-0.00271,-0.00376,0.76186,0.10428,2.55622,-0.00032,
1686286535484745984,-132.68191,-27.49892,-0.23736,0.66240,-0.00244,-0.00332,0.74914,0.18882,2.51875,0.00028,
1686286535584839936,-132.65818,-27.24043,-0.23633,0.67743,-0.00169,-0.00250,0.73558,0.31267,2.52915,-0.00697,
1686286535684530944,-132.62651,-26.98375,-0.23699,0.69063,-0.00024,-0.00070,0.72321,0.33067,2.51634,-0.01068,
1686286535784745984,-132.60113,-26.72714,-0.24017,0.69900,0.00117,0.00037,0.71512,0.15033,2.53609,-0.00942,
1686286535885394688,-132.59076,-26.46722,-0.23921,0.70254,0.00165,0.00097,0.71164,0.04384,2.49891,0.01336,
1686286535984624640,-132.59444,-26.21195,-0.23864,0.70326,0.00013,-0.00072,0.71094,-0.07271,2.50186,-0.01654,
1686286536084584960,-132.59467,-25.95961,-0.23850,0.70231,0.00068,-0.00074,0.71187,0.00667,2.57592,-0.01844,
1686286536184579584,-132.59313,-25.69949,-0.23888,0.70143,0.00017,0.00090,0.71274,0.04859,2.54077,0.00497,
1686286536286469376,-132.59256,-25.44553,-0.23715,0.70088,0.00105,-0.00012,0.71328,-0.01631,2.52811,0.00989,
1686286536384550400,-132.59517,-25.19164,-0.23780,0.70012,0.00033,0.00004,0.71402,-0.03379,2.63231,-0.03453,
1686286536484454912,-132.59875,-24.92965,-0.23597,0.69937,0.00053,0.00030,0.71476,0.01705,2.58611,0.04126,
1686286536585321472,-132.60069,-24.66223,-0.23753,0.69871,0.00152,-0.00040,0.71541,0.01742,2.76255,-0.06858,
1686286536684802304,-132.60444,-24.38603,-0.23808,0.69811,0.00039,0.00106,0.71599,-0.04930,2.79126,0.03231,
1686286536784557312,-132.61806,-24.10563,-0.23332,0.69616,-0.00004,0.00075,0.71789,-0.16022,2.85633,-0.03029,
1686286536884546048,-132.63164,-23.81590,-0.23594,0.69417,-0.00173,-0.00039,0.71981,-0.04556,2.94788,0.02086,
1686286536985955840,-132.63271,-23.51780,-0.23471,0.69371,-0.00063,0.00062,0.72026,-0.01268,2.96193,-0.01180,
1686286537084806912,-132.64022,-23.22194,-0.23150,0.69352,-0.00026,0.00012,0.72043,-0.04075,3.04660,-0.00279,
1686286537184780032,-132.64785,-22.91150,-0.22848,0.69284,-0.00105,0.00204,0.72109,-0.08269,3.07638,0.00185,
1686286537284786944,-132.65777,-22.60681,-0.22721,0.69212,-0.00030,0.00142,0.72178,-0.06661,3.06470,0.03330,
1686286537384508416,-132.67652,-22.29559,-0.22435,0.69179,-0.00131,0.00097,0.72210,-0.17393,3.15336,-0.01511,
1686286537485098240,-132.68849,-21.98318,-0.22253,0.69083,-0.00184,0.00099,0.72301,-0.07382,3.08443,0.00780,
1686286537584960768,-132.69430,-21.66956,-0.22210,0.68959,-0.00147,0.00214,0.72420,-0.09476,3.12175,0.02601,
1686286537684554496,-132.70631,-21.35774,-0.22058,0.68920,-0.00133,0.00210,0.72457,-0.11643,3.15769,-0.01645,
1686286537784520448,-132.72403,-21.04313,-0.21860,0.68883,-0.00194,0.00133,0.72492,-0.17652,3.16151,0.03551,
1686286537884890624,-132.73856,-20.72654,-0.22022,0.68783,-0.00147,0.00095,0.72587,-0.11430,3.15962,-0.01887,
1686286537984486144,-132.75282,-20.40933,-0.22142,0.68691,-0.00169,0.00161,0.72674,-0.13122,3.15969,0.04784,
1686286538084562176,-132.76992,-20.09392,-0.22241,0.68627,-0.00099,0.00203,0.72734,-0.14943,3.18018,-0.04289,
1686286538185024256,-132.78520,-19.77219,-0.22666,0.68557,-0.00148,0.00180,0.72801,-0.16625,3.12601,0.04064,
1686286538284429824,-132.80111,-19.45670,-0.22698,0.68475,-0.00119,0.00117,0.72877,-0.13785,3.20883,-0.04187,
1686286538384655872,-132.81856,-19.13383,-0.22879,0.68382,-0.00051,0.00233,0.72965,-0.13142,3.15377,0.05404,
1686286538484605184,-132.83265,-18.81753,-0.22920,0.68300,0.00012,0.00280,0.73041,-0.16251,3.19796,-0.04977,
1686286538584797184,-132.85888,-18.49721,-0.22875,0.68266,-0.00116,0.00146,0.73073,-0.25395,3.09637,0.06137,
1686286538684693248,-132.87951,-18.18377,-0.23004,0.68150,-0.00020,0.00085,0.73182,-0.19015,3.21587,-0.03805,
1686286538784685312,-132.89570,-17.86631,-0.22499,0.68008,0.00093,0.00155,0.73314,-0.11308,3.15805,0.07890,
1686286538884769792,-132.91340,-17.54927,-0.22107,0.67855,0.00216,0.00242,0.73455,-0.27459,3.26952,-0.05517,
1686286538984680704,-132.94651,-17.22609,-0.21624,0.67746,0.00057,0.00098,0.73555,-0.30786,3.19479,0.06942,
1686286539084807424,-132.97193,-16.89614,-0.21313,0.67641,0.00144,0.00034,0.73652,-0.22411,3.34429,-0.00952,
1686286539184625664,-133.00391,-16.56003,-0.20699,0.67489,0.00032,0.00009,0.73792,-0.24343,3.38654,0.04588,
1686286539284683776,-133.02704,-16.22443,-0.20376,0.67354,0.00151,0.00152,0.73914,-0.28525,3.42690,0.01276,
1686286539385993984,-133.05854,-15.87847,-0.20025,0.67309,0.00095,0.00062,0.73956,-0.30122,3.39495,0.05056,
1686286539485218816,-133.08940,-15.53613,-0.19948,0.67222,0.00034,0.00072,0.74035,-0.30700,3.46394,-0.00879,
1686286539584817152,-133.12240,-15.18890,-0.19648,0.67113,0.00020,0.00051,0.74134,-0.29259,3.47902,0.06868,
1686286539684820992,-133.15115,-14.84101,-0.19133,0.67023,0.00090,0.00057,0.74216,-0.35053,3.54844,-0.01851,
1686286539785103104,-133.18634,-14.48336,-0.19297,0.66963,-0.00067,0.00144,0.74270,-0.31941,3.47198,0.05363,
1686286539885137408,-133.22305,-14.13683,-0.18853,0.66866,-0.00047,-0.00029,0.74357,-0.36844,3.48438,-0.00373,
1686286539984630528,-133.25872,-13.77772,-0.18584,0.66763,-0.00136,0.00058,0.74449,-0.31228,3.53132,0.06400,
1686286540084681728,-133.29199,-13.42805,-0.18411,0.66678,-0.00108,0.00071,0.74525,-0.35228,3.51116,-0.01947,
1686286540184527616,-133.33053,-13.07544,-0.18209,0.66628,-0.00134,0.00042,0.74570,-0.37549,3.44043,0.05358,
1686286540285301248,-133.36838,-12.72301,-0.18031,0.66547,-0.00185,0.00046,0.74642,-0.38020,3.56609,-0.02127,
1686286540384827648,-133.40508,-12.36633,-0.17714,0.66417,-0.00120,0.00172,0.74758,-0.29783,3.46266,0.07220,
1686286540485218560,-133.43742,-12.01535,-0.17573,0.66355,0.00025,0.00224,0.74813,-0.33872,3.57088,-0.01542,
1686286540585835008,-133.47597,-11.66148,-0.17473,0.66325,-0.00039,0.00219,0.74840,-0.38391,3.48314,0.03981,
1686286540685171968,-133.51959,-11.30647,-0.17628,0.66211,0.00035,0.00146,0.74941,-0.38732,3.55629,-0.01583,
1686286540784860416,-133.55010,-10.95285,-0.17685,0.66072,0.00036,0.00439,0.75062,-0.32673,3.52026,0.03760,
1686286540884546048,-133.59030,-10.59554,-0.17597,0.66015,0.00055,0.00406,0.75112,-0.39783,3.49089,0.01406,
1686286540984664320,-133.63102,-10.24927,-0.17191,0.65967,0.00129,0.00286,0.75155,-0.48220,3.47802,0.03239,
1686286541085360128,-133.67369,-9.89477,-0.16899,0.65829,0.00200,0.00185,0.75276,-0.42173,3.49323,0.04452,
1686286541184518912,-133.71308,-9.54951,-0.16729,0.65699,0.00308,0.00227,0.75389,-0.36638,3.55723,-0.00377,
1686286541286580992,-133.75603,-9.18683,-0.16645,0.65667,0.00257,0.00322,0.75417,-0.44243,3.48659,0.03922,
1686286541384714752,-133.80099,-8.84486,-0.16033,0.65613,0.00291,0.00310,0.75464,-0.46226,3.47969,0.01382,
1686286541484704256,-133.85148,-8.48906,-0.15911,0.65507,0.00230,0.00317,0.75556,-0.42186,3.48939,0.02469,
1686286541584770560,-133.89102,-8.14489,-0.16194,0.65382,0.00241,0.00266,0.75665,-0.47582,3.45694,0.03182,
1686286541684773632,-133.93318,-7.80112,-0.16154,0.65296,0.00278,0.00236,0.75738,-0.50864,3.50264,0.00863,
1686286541784488960,-133.99050,-7.45224,-0.15802,0.65207,0.00220,0.00176,0.75815,-0.44714,3.45076,0.01675,
1686286541884942848,-134.04155,-7.10462,-0.15328,0.65113,0.00253,0.00209,0.75896,-0.46802,3.51379,0.01736,
1686286541984530688,-134.09448,-6.75390,-0.15014,0.65057,0.00234,0.00280,0.75944,-0.51359,3.53422,0.00169,
1686286542085116416,-134.14857,-6.40289,-0.14426,0.65011,0.00107,0.00160,0.75984,-0.54660,3.50149,0.06294,
1686286542184970752,-134.20886,-6.05011,-0.13280,0.64872,0.00152,0.00099,0.76103,-0.50809,3.57010,0.00861,
1686286542284998656,-134.25818,-5.69322,-0.12475,0.64750,0.00094,0.00258,0.76206,-0.51760,3.49304,0.05541,
1686286542385554944,-134.30939,-5.33870,-0.12177,0.64691,0.00218,0.00222,0.76256,-0.52344,3.51948,0.03246,
1686286542484876288,-134.37483,-4.98155,-0.12097,0.64654,0.00055,0.00169,0.76288,-0.57931,3.56257,0.03564,
1686286542586284288,-134.42674,-4.63065,-0.11713,0.64518,0.00177,0.00166,0.76403,-0.54814,3.58878,0.02294,
1686286542685395968,-134.49480,-4.26763,-0.11567,0.64428,0.00019,0.00331,0.76479,-0.55664,3.55813,0.03954,
1686286542784521472,-134.55207,-3.92116,-0.10838,0.64345,0.00125,0.00184,0.76549,-0.59798,3.49665,0.03385,
1686286542884833792,-134.61613,-3.56608,-0.10397,0.64280,-0.00010,0.00119,0.76603,-0.64872,3.51924,0.04354,
1686286542984850944,-134.67498,-3.20958,-0.09818,0.64362,0.00030,0.00059,0.76534,-0.43847,3.51534,0.04877,
1686286543085384960,-134.72106,-2.85243,-0.09566,0.64578,0.00061,0.00140,0.76352,-0.39739,3.53484,0.02808,
1686286543184543488,-134.77452,-2.49472,-0.08840,0.64839,0.00183,0.00107,0.76131,-0.48100,3.53285,0.08758,
1686286543284808960,-134.82582,-2.14583,-0.08073,0.65158,0.00142,-0.00135,0.75858,-0.39216,3.52082,0.06957,
1686286543384710912,-134.86569,-1.78279,-0.07616,0.65573,0.00329,-0.00020,0.75499,-0.22241,3.51798,0.04056,
1686286543484623360,-134.89326,-1.43015,-0.07289,0.65807,0.00550,0.00305,0.75293,-0.39052,3.43220,0.09276,
1686286543584531968,-134.94614,-1.08242,-0.06522,0.65733,0.00493,0.00076,0.75359,-0.54516,3.46405,0.04187,
1686286543684770560,-134.99421,-0.73929,-0.06034,0.65556,0.00405,0.00077,0.75513,-0.41179,3.43904,0.08973,
1686286543785151488,-135.03550,-0.39407,-0.05657,0.65472,0.00557,0.00175,0.75585,-0.42022,3.44402,0.03455,
1686286543885203200,-135.08220,-0.05113,-0.05391,0.65442,0.00532,0.00272,0.75611,-0.47907,3.39881,0.04298,
1686286543984729856,-135.13476,0.28811,-0.05140,0.65369,0.00413,0.00194,0.75675,-0.50679,3.35702,0.07366,
1686286544084957696,-135.18388,0.62417,-0.04735,0.65256,0.00405,0.00085,0.75772,-0.47587,3.38747,0.01127,
1686286544184685312,-135.22675,0.96637,-0.04824,0.65465,0.00200,0.00134,0.75592,-0.29728,3.34346,0.04566,
1686286544285153536,-135.26371,1.31210,-0.04233,0.65913,0.00395,0.00050,0.75202,-0.22480,3.36017,0.04551,
1686286544384487168,-135.28475,1.64654,-0.03546,0.66396,0.00294,0.00083,0.74776,-0.29623,3.44893,0.00665,
1686286544485096192,-135.31185,2.00255,-0.03469,0.66700,0.00236,0.00047,0.74506,-0.24377,3.33932,0.08105,
1686286544585256704,-135.33971,2.35577,-0.02946,0.67029,0.00296,0.00007,0.74209,-0.13859,3.45867,0.00269,
1686286544686311168,-135.36024,2.69361,-0.02124,0.67071,0.00384,0.00129,0.74171,-0.37385,3.34121,0.07244,
1686286544784546304,-135.40018,3.03038,-0.01886,0.66957,0.00284,-0.00103,0.74274,-0.38174,3.38306,0.02246,
1686286544884958208,-135.43220,3.36709,-0.01265,0.66830,0.00309,-0.00117,0.74388,-0.30448,3.32961,0.07384,
1686286544984603904,-135.46838,3.70367,-0.00892,0.66778,0.00245,-0.00180,0.74436,-0.31960,3.38897,0.06291,
1686286545085028096,-135.51077,4.04547,-0.00124,0.66704,0.00485,-0.00367,0.74499,-0.31707,3.29544,0.09507,
1686286545184481024,-135.54541,4.37821,-0.00145,0.66608,0.00536,-0.00358,0.74585,-0.34814,3.40726,0.04259,
1686286545284786944,-135.58069,4.71308,0.00654,0.66537,0.00558,-0.00395,0.74648,-0.37716,3.36109,0.05147,
1686286545386558464,-135.62846,5.06747,0.00961,0.66491,0.00354,-0.00366,0.74691,-0.42065,3.40542,0.05490,
1686286545484480256,-135.67022,5.39669,0.00994,0.66379,0.00293,-0.00379,0.74790,-0.39380,3.32586,0.04320,
1686286545584435456,-135.71496,5.73132,0.01503,0.66312,0.00148,-0.00423,0.74850,-0.35601,3.36108,0.02337,
1686286545684836608,-135.75739,6.08707,0.01821,0.66386,0.00117,-0.00321,0.74785,-0.29508,3.40350,0.04738,
1686286545785448192,-135.78836,6.41884,0.02637,0.66549,0.00157,-0.00280,0.74640,-0.30925,3.37842,0.05455,
1686286545885304320,-135.81937,6.76098,0.02805,0.66576,0.00197,-0.00127,0.74616,-0.37428,3.37721,0.02579,
1686286545984597248,-135.86374,7.11344,0.03460,0.66441,0.00086,-0.00184,0.74737,-0.37717,3.37385,0.04126,
1686286546084804864,-135.90163,7.44765,0.04122,0.66311,0.00042,-0.00130,0.74852,-0.44444,3.38749,0.01993,
1686286546184646656,-135.94631,7.80105,0.04191,0.66539,-0.00241,-0.00243,0.74649,-0.24974,3.39935,0.01733,
1686286546284998144,-135.95916,8.13549,0.04602,0.67076,-0.00232,-0.00226,0.74166,-0.04236,3.39113,0.02885,
1686286546384588544,-135.96580,8.47624,0.05049,0.67662,-0.00188,0.00007,0.73633,-0.03027,3.45340,0.04557,
1686286546484936448,-135.97078,8.83560,0.04955,0.68214,-0.00209,0.00086,0.73122,-0.05675,3.40221,0.00378,
1686286546584798720,-135.97791,9.18107,0.05662,0.68471,-0.00008,0.00105,0.72881,-0.13826,3.34024,0.08596,
1686286546684571392,-136.00150,9.52499,0.06058,0.68330,-0.00050,-0.00069,0.73014,-0.30047,3.44934,-0.00598,
1686286546784688640,-136.02467,9.86111,0.06256,0.68156,-0.00092,-0.00156,0.73176,-0.19709,3.37225,0.05384,
1686286546884584960,-136.05229,10.20792,0.06581,0.68106,-0.00146,-0.00187,0.73222,-0.20544,3.44804,0.03824,
1686286546984440832,-136.07203,10.54601,0.07240,0.68046,-0.00095,-0.00159,0.73278,-0.17036,3.41535,0.02963,
1686286547084806400,-136.09953,10.88893,0.07633,0.67997,-0.00106,-0.00181,0.73324,-0.21394,3.36248,0.08859,
1686286547184642304,-136.12293,11.22616,0.08430,0.67918,-0.00001,-0.00283,0.73396,-0.29370,3.42961,0.01400,
1686286547284867072,-136.14466,11.57378,0.08424,0.68146,-0.00291,-0.00263,0.73185,-0.02625,3.41561,0.06108,
1686286547384455168,-136.14836,11.91566,0.08904,0.68371,0.00031,-0.00125,0.72975,-0.09456,3.41223,0.02913,
1686286547484827648,-136.16692,12.27341,0.08837,0.68300,-0.00107,0.00033,0.73042,-0.18964,3.46022,0.03079,
1686286547584556544,-136.18973,12.61274,0.09039,0.68139,-0.00223,0.00031,0.73192,-0.24721,3.39035,0.02151,
1686286547686489344,-136.21122,12.95636,0.09126,0.68055,-0.00158,-0.00059,0.73270,-0.23190,3.38366,0.05329,
1686286547784791552,-136.23516,13.28658,0.09323,0.68021,-0.00211,-0.00066,0.73301,-0.22658,3.44265,0.01066,
1686286547885011968,-136.25454,13.62861,0.09602,0.67902,-0.00030,-0.00046,0.73412,-0.18462,3.33544,0.06454,
1686286547984915456,-136.27260,13.96855,0.09573,0.67831,-0.00090,0.00046,0.73478,-0.20253,3.47841,-0.00922,
1686286548085017088,-136.29843,14.31012,0.10458,0.67764,-0.00094,0.00028,0.73539,-0.27483,3.35053,0.04191,
1686286548185505024,-136.32307,14.65571,0.10731,0.67677,-0.00094,0.00050,0.73619,-0.24348,3.41208,0.02219,
1686286548284691968,-136.34411,14.99075,0.11018,0.67576,0.00031,0.00104,0.73712,-0.19730,3.37854,0.04656,
1686286548384875776,-136.36854,15.34487,0.10637,0.67521,-0.00055,0.00291,0.73762,-0.25372,3.40748,0.00848,
1686286548485605632,-136.39584,15.68084,0.11023,0.67462,0.00091,0.00160,0.73816,-0.29268,3.33500,0.03913,
1686286548584593408,-136.42175,16.01584,0.11314,0.67364,0.00101,0.00180,0.73906,-0.29862,3.42627,0.02229,
1686286548684985856,-136.44842,16.36592,0.11486,0.67263,0.00149,0.00149,0.73997,-0.25373,3.36523,0.05255,
1686286548784544256,-136.48143,16.70165,0.12162,0.67174,0.00148,0.00179,0.74078,-0.26345,3.37740,0.02915,
1686286548884947456,-136.51491,17.03738,0.12539,0.67117,0.00234,0.00150,0.74130,-0.34274,3.37146,0.04416,
1686286548984425216,-136.55186,17.38341,0.12245,0.67064,0.00136,-0.00032,0.74178,-0.34170,3.36930,0.01999,
1686286549085381120,-136.58807,17.72194,0.12866,0.67055,0.00037,-0.00044,0.74187,-0.25458,3.38668,0.02487,
1686286549185090048,-136.60442,18.05981,0.13126,0.67248,0.00107,0.00028,0.74011,-0.15910,3.33071,0.05882,
1686286549284524288,-136.61647,18.40851,0.13183,0.67478,0.00165,-0.00012,0.73801,-0.24720,3.42445,0.01559,
1686286549386620160,-136.63341,18.74841,0.12863,0.67582,0.00130,0.00034,0.73707,-0.15656,3.36427,0.05469,
1686286549484531456,-136.64628,19.09025,0.13258,0.67681,0.00072,0.00002,0.73616,-0.19648,3.44749,-0.02258,
1686286549584762368,-136.67024,19.43105,0.13533,0.67996,-0.00248,0.00003,0.73325,-0.11891,3.37283,0.05496,
1686286549686205952,-136.67552,19.77461,0.13760,0.68863,-0.00431,-0.00263,0.72510,0.24774,3.39403,-0.02229,
1686286549785740032,-136.63441,20.12446,0.13203,0.70026,-0.00226,0.00027,0.71388,0.57042,3.38879,0.00407,
1686286549884485120,-136.58887,20.48506,0.13203,0.71024,-0.00048,0.00281,0.70395,0.41200,3.36241,0.01636,
1686286549984623360,-136.55706,20.84168,0.12951,0.71963,-0.00253,0.00086,0.69436,0.39397,3.35262,0.01157,
1686286550085721600,-136.51139,21.19365,0.13155,0.72865,-0.00023,-0.00011,0.68488,0.57873,3.30191,0.02076,
1686286550185003264,-136.46136,21.54111,0.12705,0.73190,0.00331,0.00154,0.68141,0.41704,3.42600,0.00554,
1686286550284833536,-136.44134,21.90281,0.12223,0.73065,0.00189,0.00233,0.68275,0.17823,3.44710,-0.03968,
1686286550384786176,-136.43087,22.25419,0.11917,0.72956,-0.00054,0.00127,0.68392,0.21356,3.40674,0.00246,
1686286550484682496,-136.40816,22.59505,0.11715,0.72890,-0.00257,0.00187,0.68461,0.22733,3.40330,-0.03461,
1686286550585438720,-136.38404,22.94633,0.11435,0.72952,-0.00312,0.00174,0.68395,0.41666,3.35178,-0.04432,
1686286550684996608,-136.34084,23.28027,0.11124,0.73361,-0.00271,0.00267,0.67956,0.53569,3.30086,0.00843,
1686286550785276416,-136.28354,23.61228,0.11013,0.73947,0.00052,0.00371,0.67318,0.63545,3.30561,-0.04786,
1686286550884766464,-136.23172,23.96152,0.10707,0.74205,0.00341,0.00615,0.67031,0.42022,3.31371,0.01440,
1686286550985196032,-136.19553,24.31094,0.10446,0.74068,0.00277,0.00495,0.67183,0.26067,3.42671,-0.05793,
1686286551084630784,-136.16632,24.64713,0.10183,0.73913,0.00155,0.00450,0.67354,0.31852,3.30109,0.01249,
1686286551184811520,-136.13532,24.98393,0.10099,0.73833,0.00140,0.00318,0.67443,0.33204,3.42017,-0.03995,
1686286551284646400,-136.09608,25.32448,0.09869,0.73743,0.00224,0.00514,0.67540,0.39246,3.38650,0.00385,
1686286551384993536,-136.05522,25.66993,0.10294,0.73713,0.00387,0.00448,0.67572,0.34550,3.44556,-0.02820,
1686286551484826112,-136.02235,26.01593,0.09786,0.73675,0.00214,0.00503,0.67614,0.27398,3.44103,0.00082,
1686286551584510208,-135.99018,26.35460,0.09871,0.73588,0.00310,0.00369,0.67709,0.34610,3.40972,-0.03760,
1686286551684471552,-135.95794,26.72150,0.09416,0.73211,0.00482,0.00606,0.68114,0.20907,3.51373,0.01324,
1686286551784695552,-135.94608,27.06733,0.10335,0.72418,0.00523,0.00678,0.68955,-0.10295,3.53342,-0.01055,
1686286551884762880,-135.95912,27.42661,0.10379,0.71517,0.00244,0.00524,0.69893,-0.18901,3.54903,-0.02831,
1686286551984547328,-135.97906,27.77894,0.10503,0.70657,0.00091,0.00405,0.70763,-0.24919,3.55166,0.02162,
1686286552084846592,-136.00014,28.12885,0.10967,0.70088,-0.00074,0.00170,0.71328,-0.04701,3.55261,0.00826,
1686286552185121536,-135.99397,28.48808,0.11026,0.69953,0.00066,0.00372,0.71459,0.09225,3.58897,-0.01002,
1686286552284937728,-135.98824,28.84090,0.11288,0.69915,0.00164,0.00464,0.71496,-0.01237,3.59716,0.00612,
1686286552384569856,-135.99622,29.19946,0.11471,0.69849,0.00061,0.00458,0.71560,-0.04723,3.63710,-0.01250,
1686286552485445120,-136.00486,29.56495,0.11205,0.69724,-0.00070,0.00525,0.71682,-0.04993,3.62142,0.01131,
1686286552584646400,-136.00596,29.92050,0.11529,0.69611,0.00024,0.00586,0.71791,-0.02257,3.59216,-0.00181,
1686286552684519424,-136.00799,30.28086,0.11890,0.69542,0.00070,0.00571,0.71859,-0.08167,3.61243,0.01105,
1686286552784625408,-136.02023,30.64847,0.11836,0.69453,-0.00008,0.00487,0.71945,-0.10524,3.63376,0.00181,
1686286552884636160,-136.02725,31.00979,0.12289,0.69322,0.00016,0.00425,0.72071,-0.04609,3.62329,0.02826,
1686286552984807936,-136.02970,31.38095,0.11860,0.69204,-0.00009,0.00599,0.72183,-0.07212,3.69909,-0.01662,
1686286553084811520,-136.03877,31.74528,0.12041,0.69165,0.00081,0.00468,0.72222,-0.10673,3.62057,0.04916,
1686286553187627264,-136.04927,32.11817,0.12487,0.69078,0.00055,0.00456,0.72305,-0.09094,3.70429,0.01378,
1686286553284876800,-136.06238,32.48674,0.12313,0.68945,0.00100,0.00537,0.72431,-0.08895,3.63295,0.01570,
1686286553384814848,-136.07117,32.84465,0.12926,0.68851,0.00175,0.00457,0.72521,-0.13307,3.60476,0.04590,
1686286553484624896,-136.09026,33.22086,0.13025,0.68767,0.00148,0.00441,0.72601,-0.17039,3.70022,-0.00684,
1686286553586917376,-136.10492,33.58634,0.13365,0.68650,0.00175,0.00351,0.72712,-0.12956,3.66549,0.05260,
1686286553684531456,-136.11850,33.95172,0.13275,0.68547,0.00192,0.00456,0.72808,-0.12127,3.67476,0.06153,
1686286553785390080,-136.13587,34.31377,0.13895,0.68469,0.00301,0.00384,0.72882,-0.16621,3.63150,-0.02482,
1686286553885421056,-136.15520,34.68334,0.13832,0.68394,0.00249,0.00325,0.72952,-0.18837,3.53830,0.09621,
1686286553984501248,-136.17006,35.04420,0.14213,0.68259,0.00284,0.00314,0.73079,-0.21374,3.77574,-0.08067,
1686286554084811264,-136.18315,35.42164,0.13719,0.68150,0.00060,0.00462,0.73180,-0.18634,3.53984,0.09603,
1686286554185169920,-136.20386,35.78098,0.14102,0.68063,0.00203,0.00237,0.73262,-0.22317,3.70416,-0.00331,
1686286554285144576,-136.22596,36.15317,0.13808,0.67959,0.00074,0.00257,0.73359,-0.16956,3.65492,0.01943,
1686286554384910336,-136.24646,36.51499,0.14397,0.67865,0.00025,0.00280,0.73446,-0.23952,3.62236,0.03487,
1686286554484423168,-136.27247,36.88948,0.14181,0.67916,0.00012,0.00263,0.73399,-0.14639,3.69195,-0.02739,
1686286554584819200,-136.28836,37.25410,0.14460,0.68066,-0.00075,0.00256,0.73260,-0.11825,3.56222,0.05373,
1686286554685199616,-136.30523,37.62345,0.14582,0.68133,0.00101,0.00279,0.73197,-0.10804,3.72178,-0.00710,
1686286554786143744,-136.32285,37.98557,0.15253,0.68048,0.00062,0.00334,0.73276,-0.24787,3.57862,0.05032,
1686286554884458752,-136.36181,38.34439,0.15673,0.67955,0.00004,0.00154,0.73362,-0.30909,3.64712,0.01291,
1686286554984624896,-136.38941,38.70698,0.16201,0.67838,0.00026,0.00081,0.73471,-0.18039,3.58224,0.04309,
1686286555085549056,-136.41706,39.08643,0.15816,0.67746,-0.00108,0.00236,0.73556,-0.24253,3.70558,-0.02261,
1686286555184745216,-136.43722,39.44129,0.16084,0.67661,0.00002,0.00235,0.73634,-0.26331,3.55840,0.09178,
1686286555284653824,-136.47180,39.81345,0.16001,0.67607,-0.00123,0.00117,0.73684,-0.32309,3.68253,-0.02496,
1686286555384904192,-136.49673,40.17098,0.16204,0.67594,-0.00031,-0.00013,0.73696,-0.16152,3.53919,0.07830,
1686286555485676800,-136.51240,40.53761,0.15792,0.67630,0.00015,0.00125,0.73663,-0.13353,3.68272,-0.03318,
1686286555584538880,-136.53257,40.89807,0.15927,0.67718,0.00093,0.00154,0.73581,-0.22528,3.54924,0.02870,
1686286555684762368,-136.56243,41.26391,0.15995,0.67828,-0.00060,0.00103,0.73480,-0.23582,3.67379,-0.00998,
1686286555785702400,-136.57840,41.62596,0.16841,0.67826,-0.00046,0.00125,0.73482,-0.16868,3.64811,0.02438,
1686286555887466240,-136.60601,42.00682,0.16923,0.67857,-0.00114,0.00199,0.73454,-0.18462,3.60588,-0.00604,
1686286555984723968,-136.63255,42.35966,0.16911,0.67977,-0.00184,0.00102,0.73342,-0.24364,3.62496,-0.00467,
1686286556087150080,-136.65325,42.73094,0.16937,0.68161,-0.00320,-0.00003,0.73171,-0.07549,3.62156,-0.00938,
1686286556184956416,-136.66381,43.09900,0.17056,0.68495,-0.00315,0.00206,0.72858,0.04238,3.65189,0.02846,
1686286556284807680,-136.66060,43.46254,0.17033,0.68789,0.00004,0.00395,0.72580,-0.03110,3.63074,-0.01762,
1686286556384666368,-136.67691,43.83936,0.17200,0.68756,-0.00066,0.00391,0.72612,-0.31024,3.55921,0.05968,
1686286556484510976,-136.69642,44.19454,0.17652,0.68583,0.00032,0.00132,0.72776,-0.14086,3.66164,-0.05180,
1686286556586376960,-136.71137,44.57711,0.17581,0.68474,-0.00040,0.00367,0.72878,-0.10773,3.56145,0.08418,
1686286556684533248,-136.72578,44.92746,0.17957,0.68414,0.00245,0.00312,0.72934,-0.19225,3.69884,-0.05313,
1686286556784772352,-136.74911,45.30901,0.17719,0.68350,0.00020,0.00428,0.72994,-0.22134,3.61422,0.03965,
1686286556884425984,-136.77020,45.67219,0.17699,0.68207,0.00067,0.00423,0.73128,-0.19449,3.72592,-0.05174,
1686286556985315840,-136.79208,46.04471,0.17069,0.68112,-0.00096,0.00609,0.73214,-0.20366,3.63311,0.00682,
1686286557084611072,-136.81557,46.41690,0.16720,0.68061,-0.00031,0.00606,0.73262,-0.19105,3.70539,-0.03855,
1686286557184780544,-136.83500,46.78159,0.16324,0.67991,0.00015,0.00668,0.73326,-0.21982,3.62782,0.00393,
1686286557284550400,-136.85670,47.15724,0.15879,0.67951,0.00034,0.00723,0.73363,-0.20022,3.64578,-0.06312,
1686286557385451776,-136.88115,47.52267,0.15796,0.68099,-0.00093,0.00522,0.73228,-0.25630,3.38183,0.15500,
1686286557484749056,-136.90647,47.87707,0.17352,0.68101,0.00363,-0.00250,0.73226,-0.33831,3.47862,0.06205,
1686286557585175040,-136.95007,48.22760,0.17923,0.67945,0.00105,-0.01111,0.73364,-0.53659,3.56362,0.05187,
1686286557684484864,-137.00300,48.58212,0.18652,0.67726,-0.00233,-0.01904,0.73549,-0.51159,3.63333,0.02807,
1686286557785240576,-137.04520,48.95493,0.18575,0.67610,-0.00935,-0.01721,0.73655,-0.24035,3.71767,-0.01066,
1686286557885375744,-137.06960,49.32875,0.19019,0.67573,-0.00979,-0.01367,0.73695,-0.17479,3.62201,0.02605,
1686286557984769792,-137.09233,49.69634,0.18749,0.67742,-0.01274,-0.00997,0.73542,-0.22926,3.73387,-0.06169,
1686286558085568768,-137.11044,50.06934,0.18181,0.67860,-0.01314,-0.00674,0.73436,-0.06771,3.65025,-0.07522,
1686286558185442816,-137.11381,50.44730,0.16798,0.67747,-0.01182,0.00233,0.73545,0.02372,3.74321,-0.07455,
1686286558286102528,-137.11904,50.81731,0.16605,0.67620,-0.00676,0.00866,0.73664,-0.13205,3.53490,0.08172,
1686286558384552704,-137.13964,51.17198,0.16477,0.67561,-0.00555,0.00907,0.73718,-0.29310,3.62390,-0.12044,
1686286558484496896,-137.17545,51.52955,0.16357,0.67410,-0.00281,0.00481,0.73862,-0.31498,3.34829,0.08873,
1686286558584599552,-137.19919,51.87510,0.16923,0.67131,0.00315,0.00250,0.74117,-0.23939,3.59945,-0.05431,
1686286558684922880,-137.22973,52.24172,0.17068,0.67050,0.00236,0.00453,0.74190,-0.30781,3.58213,0.03214,
1686286558786284800,-137.26294,52.60546,0.17665,0.67007,0.00202,0.00401,0.74228,-0.36423,3.65291,0.03013,
1686286558884918784,-137.30032,52.96260,0.18078,0.66922,0.00127,0.00371,0.74306,-0.35862,3.58357,0.06424,
1686286558985076992,-137.33352,53.32047,0.18445,0.66816,0.00231,0.00322,0.74401,-0.29725,3.41307,0.05734,
1686286559085058816,-137.36533,53.67667,0.18654,0.66722,0.00377,0.00299,0.74484,-0.34152,3.63105,-0.05284,
1686286559184894720,-137.40076,54.03696,0.19246,0.66651,0.00288,0.00347,0.74549,-0.38360,3.53693,0.15827,
1686286559284692480,-137.43747,54.38618,0.20232,0.66572,0.00546,0.00110,0.74618,-0.36878,3.68995,-0.00489,
1686286559384596736,-137.47215,54.74776,0.20178,0.66472,0.00429,0.00276,0.74708,-0.29919,3.62603,0.09688,
1686286559484879360,-137.50730,55.11160,0.21043,0.66397,0.00541,0.00328,0.74774,-0.37234,3.59052,0.01253,
1686286559584549632,-137.54860,55.47728,0.20994,0.66336,0.00307,0.00502,0.74828,-0.41238,3.58543,0.01557,
1686286559684834304,-137.59017,55.83608,0.21348,0.66240,0.00370,0.00389,0.74913,-0.39976,3.54905,0.05214,
1686286559786655744,-137.63657,56.21756,0.21512,0.66123,0.00364,0.00443,0.75016,-0.40902,3.71869,0.00368,
1686286559884415232,-137.67668,56.56977,0.21502,0.66040,0.00221,0.00579,0.75089,-0.40965,3.56281,0.05489,
1686286559984712704,-137.71859,56.92373,0.21286,0.65966,0.00236,0.00537,0.75154,-0.43891,3.51872,-0.01659,
1686286560087781632,-137.76649,57.29914,0.20893,0.65889,0.00241,0.00492,0.75222,-0.41035,3.45687,0.04539,
1686286560185160960,-137.80622,57.63786,0.21166,0.65784,0.00279,0.00520,0.75314,-0.44219,3.55143,-0.01131,
1686286560284892672,-137.84974,57.98921,0.21236,0.65930,0.00154,0.00395,0.75187,-0.28060,3.47015,0.03450,
1686286560384762624,-137.87836,58.35037,0.20737,0.66242,0.00314,0.00463,0.74911,-0.29282,3.54680,-0.01327,
1686286560484477696,-137.90578,58.70562,0.20846,0.66518,0.00371,0.00488,0.74666,-0.24015,3.52352,0.02541,
1686286560584967936,-137.93373,59.07966,0.20800,0.66715,0.00361,0.00596,0.74490,-0.24875,3.59800,-0.01231,
1686286560684854016,-137.95564,59.43090,0.21020,0.66947,0.00422,0.00597,0.74280,-0.23324,3.53030,0.03170,
1686286560784595200,-137.97977,59.79383,0.21087,0.67175,0.00398,0.00504,0.74075,-0.25396,3.59459,-0.00301,
1686286560884560640,-138.00156,60.15140,0.21139,0.67380,0.00369,0.00522,0.73889,-0.14084,3.58153,0.00651,
1686286560984763648,-138.01724,60.51978,0.21110,0.67614,0.00403,0.00606,0.73674,-0.12962,3.55521,0.03120,
1686286561085297152,-138.03043,60.87477,0.21383,0.67885,0.00459,0.00564,0.73425,-0.17007,3.60006,-0.01326,
1686286561184596224,-138.04816,61.24131,0.21333,0.68154,0.00397,0.00483,0.73175,-0.12070,3.54469,0.04328,
1686286561285016576,-138.05965,61.60178,0.21803,0.68398,0.00409,0.00358,0.72948,-0.08335,3.64792,-0.01118,
1686286561384806400,-138.06552,61.97084,0.21751,0.68772,0.00264,0.00459,0.72595,0.01444,3.59203,0.02890,
1686286561485026816,-138.06305,62.33099,0.22094,0.69308,0.00290,0.00311,0.72085,0.09157,3.62331,0.00408,
1686286561585209600,-138.05473,62.69988,0.22425,0.69839,0.00220,0.00328,0.71571,0.14076,3.63511,0.01964,
1686286561684733952,-138.03738,63.06582,0.22736,0.70330,0.00300,0.00402,0.71088,0.22349,3.55481,0.12537,
1686286561784721408,-138.02322,63.41555,0.24027,0.70853,0.00591,-0.00138,0.70566,0.23812,3.51656,0.04804,
1686286561885456896,-137.99802,63.78311,0.23865,0.71092,0.00894,0.00162,0.70321,0.12538,3.63321,0.00110,
1686286561984474880,-137.99514,64.14073,0.24383,0.70981,0.00815,0.00000,0.70434,0.01090,3.62924,-0.00781,
1686286562084723968,-138.00112,64.52755,0.23956,0.70880,-0.00066,0.00345,0.70540,-0.02484,3.79116,-0.07099,
1686286562185141760,-137.99505,64.89577,0.24058,0.70729,-0.00031,0.00614,0.70689,0.12762,3.54429,0.09686,
1686286562285778432,-137.99377,65.25362,0.24633,0.70629,0.00098,0.00281,0.70791,-0.01435,3.66580,0.02619,
1686286562384552192,-137.99102,65.60396,0.25006,0.70558,0.00372,0.00069,0.70862,0.03052,3.67636,-0.01261,
1686286562484948992,-137.98583,65.99197,0.23958,0.70460,0.00069,0.00538,0.70959,0.14075,3.73272,-0.04326,
1686286562586176768,-137.98072,66.35843,0.24973,0.70425,0.00119,0.00608,0.70992,-0.03497,3.48136,0.10308,
1686286562685266176,-137.98069,66.72311,0.25541,0.70402,0.00160,0.00458,0.71016,0.01693,3.60879,-0.01047,
1686286562784596736,-137.97694,67.07082,0.25467,0.70246,0.00582,0.00130,0.71170,0.05264,3.44262,0.09149,
1686286562884778496,-137.97533,67.42270,0.26822,0.70149,0.00874,-0.00140,0.71262,-0.02363,3.65771,0.11047,
1686286562986072832,-137.98141,67.79780,0.27579,0.70126,0.00664,-0.00137,0.71287,-0.06438,3.72031,0.02277,
1686286563084528640,-137.98593,68.15331,0.28316,0.70027,0.00724,-0.00258,0.71384,-0.01015,3.53647,0.10461,
1686286563186121472,-137.99029,68.52496,0.29309,0.69926,0.00703,-0.00230,0.71483,-0.04379,3.74079,0.03747,
1686286563286878720,-137.99625,68.89699,0.29729,0.69883,0.00472,-0.00140,0.71527,-0.07673,3.61832,0.08328,
1686286563384392960,-138.00550,69.24537,0.30417,0.69789,0.00560,-0.00386,0.71617,-0.10214,3.60611,0.10075,
1686286563485149696,-138.00902,69.61207,0.31177,0.69676,0.00629,-0.00438,0.71726,-0.02187,3.69379,0.05115,
1686286563584676096,-138.01271,69.97795,0.31524,0.69619,0.00583,-0.00288,0.71783,-0.04551,3.60291,0.06165,
1686286563684427776,-138.02423,70.33629,0.32223,0.69592,0.00676,-0.00469,0.71807,-0.09495,3.58753,0.10176,
1686286563785383680,-138.03437,70.70450,0.32644,0.69527,0.00534,-0.00406,0.71872,-0.06499,3.76345,-0.00939,
1686286563884674560,-138.03883,71.06727,0.33107,0.69405,0.00480,-0.00230,0.71991,-0.05856,3.59934,0.09929,
1686286563985466880,-138.04936,71.43722,0.33524,0.69337,0.00548,-0.00190,0.72055,-0.06846,3.69632,0.02631,
1686286564084448768,-138.05778,71.79759,0.34000,0.69291,0.00455,-0.00068,0.72101,-0.10899,3.53316,0.07663,
1686286564184404736,-138.07136,72.15324,0.34589,0.69217,0.00647,-0.00240,0.72171,-0.10955,3.51687,0.05360,
1686286564284868864,-138.08192,72.50690,0.35257,0.69123,0.00634,-0.00243,0.72261,-0.10409,3.56338,0.07045,
1686286564384528640,-138.09132,72.85719,0.36058,0.69028,0.00659,-0.00174,0.72351,-0.10897,3.48471,0.06598,
1686286564487232256,-138.10705,73.20780,0.37459,0.69003,0.00804,-0.00425,0.72372,-0.15383,3.33052,0.20041,
1686286564584665088,-138.11578,73.53778,0.38620,0.69039,0.01014,-0.00725,0.72333,-0.04366,3.49436,-0.00362,
1686286564685005312,-138.12079,73.89194,0.39093,0.68949,0.00960,-0.00490,0.72422,-0.11975,3.38301,0.13853,
1686286564784943104,-138.13807,74.23367,0.41013,0.68830,0.01088,-0.00679,0.72531,-0.18528,3.43439,0.11758,
1686286564884504064,-138.15911,74.57995,0.41932,0.68793,0.00814,-0.00598,0.72571,-0.18664,3.46998,0.06263,
1686286564984681728,-138.17519,74.92092,0.42997,0.68693,0.00860,-0.00642,0.72664,-0.12759,3.33297,0.13044,
1686286565085062144,-138.18567,75.26406,0.44474,0.68679,0.01006,-0.00756,0.72675,-0.09157,3.37026,0.15455,
1686286565184523520,-138.19541,75.60084,0.45424,0.68702,0.01036,-0.00705,0.72653,-0.11357,3.47179,0.03576,
1686286565285706240,-138.21189,75.94711,0.46108,0.68633,0.00908,-0.00677,0.72720,-0.19230,3.31969,0.15433,
1686286565384446208,-138.23182,76.28067,0.47553,0.68789,0.00787,-0.00958,0.72571,-0.03980,3.48028,0.04670,
1686286565484677888,-138.22539,76.63788,0.48064,0.69220,0.00595,-0.00410,0.72167,0.15297,3.45855,0.09326,
1686286565584801536,-138.21599,76.97179,0.48767,0.69401,0.00869,-0.00382,0.71990,-0.01454,3.35708,0.07983,
1686286565684615168,-138.22779,77.32548,0.49675,0.69470,0.00669,-0.00519,0.71925,-0.08766,3.45928,0.10227,
1686286565784742400,-138.23157,77.66813,0.50514,0.69530,0.00610,-0.00533,0.71868,-0.00627,3.43055,0.06491,
1686286565885263872,-138.22589,78.00676,0.50988,0.69599,0.00764,-0.00488,0.71800,0.07521,3.35047,0.13603,
1686286565984500224,-138.22386,78.33546,0.52369,0.69637,0.01059,-0.00601,0.71758,-0.03904,3.37284,0.10694,
1686286566085503488,-138.23237,78.68636,0.52590,0.69575,0.00868,-0.00604,0.71821,-0.13301,3.43259,0.04431,
1686286566186064896,-138.24417,79.02388,0.53822,0.69415,0.00844,-0.00726,0.71975,-0.07100,3.35992,0.12870,
1686286566284715264,-138.25304,79.35982,0.54933,0.69279,0.00830,-0.00627,0.72107,-0.05319,3.51221,0.06110,
1686286566386110976,-138.26178,79.70548,0.55449,0.69224,0.00769,-0.00466,0.72161,-0.07113,3.35587,0.11926,
1686286566485245696,-138.27485,80.03643,0.56862,0.69176,0.00940,-0.00697,0.72203,-0.10363,3.32166,0.12364,
1686286566585682944,-138.28939,80.38259,0.57955,0.69069,0.00948,-0.00608,0.72307,-0.08180,3.47905,0.05982,
1686286566684832512,-138.30063,80.72196,0.58805,0.68966,0.00958,-0.00511,0.72405,-0.09505,3.34276,0.12988,
1686286566784754688,-138.32027,81.05930,0.59663,0.68908,0.01002,-0.00672,0.72458,-0.22075,3.45166,0.07484,
1686286566884776704,-138.34558,81.41506,0.60427,0.68801,0.00690,-0.00555,0.72565,-0.16081,3.46789,0.06471,
1686286566985484544,-138.36506,81.75948,0.61353,0.68644,0.00629,-0.00479,0.72714,-0.14882,3.37311,0.10582,
1686286567085166080,-138.38224,82.10706,0.62412,0.68568,0.00666,-0.00460,0.72786,-0.17409,3.45411,0.08618,
1686286567184604416,-138.40377,82.44821,0.63181,0.68540,0.00546,-0.00487,0.72813,-0.22332,3.38265,0.10379,
1686286567284872704,-138.42807,82.79406,0.64158,0.68430,0.00593,-0.00700,0.72915,-0.23808,3.38859,0.07951,
1686286567384815616,-138.44476,83.13050,0.64999,0.68287,0.00643,-0.00684,0.73048,-0.07777,3.28299,0.14313,
1686286567485207296,-138.45571,83.46875,0.65515,0.68313,0.00653,-0.00497,0.73025,-0.17352,3.42013,-0.06358,
1686286567587111424,-138.48191,83.82170,0.65851,0.68687,0.00045,-0.00651,0.72676,-0.11898,3.15442,0.17110,
1686286567684737792,-138.48253,84.12507,0.67136,0.69261,0.00194,-0.00962,0.72125,0.18132,3.11743,0.06780,
1686286567784752640,-138.45462,84.47045,0.67355,0.69820,0.00242,-0.00278,0.71590,0.33953,3.10627,0.00330,
1686286567885297664,-138.42846,84.77762,0.67827,0.70232,0.00624,-0.00129,0.71184,0.06872,2.82290,0.11487,
1686286567984806144,-138.44007,85.07982,0.68431,0.70296,0.00343,-0.00483,0.71121,-0.26599,3.03332,0.00860,
1686286568084538880,-138.45770,85.36845,0.68812,0.70061,-0.00067,-0.00558,0.71353,-0.07096,2.76348,0.08807,
1686286568184948992,-138.45527,85.66006,0.68931,0.69909,0.00230,-0.00560,0.71501,0.06608,2.80957,-0.00857,
1686286568285143552,-138.45075,85.93506,0.69420,0.69907,0.00315,-0.00426,0.71503,-0.00648,2.73061,0.10262,
1686286568384846592,-138.45796,86.21594,0.69951,0.69893,0.00228,-0.00575,0.71517,-0.11476,2.72132,0.00119,
1686286568484926720,-138.46481,86.47799,0.70412,0.69796,0.00170,-0.00648,0.71610,-0.04382,2.62888,0.09562,
1686286568585479936,-138.46550,86.73679,0.71316,0.69693,0.00360,-0.00733,0.71709,0.04836,2.60652,0.04654,
1686286568684800000,-138.46752,87.00155,0.71894,0.69662,0.00552,-0.00684,0.71738,0.00504,2.54824,0.11124,
1686286568784738304,-138.46725,87.25629,0.72676,0.69617,0.00723,-0.00564,0.71782,-0.04919,2.60348,0.04178,
1686286568885882624,-138.47607,87.51367,0.73406,0.69597,0.00679,-0.00797,0.71800,-0.09317,2.51931,0.08762,
1686286568984257280,-138.48615,87.77166,0.74264,0.69493,0.00783,-0.00915,0.71898,-0.07701,2.56001,0.08313,
1686286569085310208,-138.49018,88.03036,0.75397,0.69408,0.00916,-0.01000,0.71977,-0.00928,2.64623,0.07531,
1686286569184669696,-138.49263,88.30240,0.75945,0.69338,0.00848,-0.00770,0.72048,-0.02035,2.78462,0.02769,
1686286569284591360,-138.50369,88.58825,0.76935,0.69298,0.00748,-0.00735,0.72088,-0.13484,2.75839,0.10454,
1686286569385012992,-138.51419,88.86959,0.77898,0.69248,0.00808,-0.00861,0.72134,-0.14205,2.97675,0.01232,
1686286569484903424,-138.52918,89.16666,0.78304,0.69172,0.00395,-0.00753,0.72211,-0.11152,2.92836,0.12734,
1686286569584583936,-138.54118,89.46134,0.79389,0.69088,0.00501,-0.00907,0.72290,-0.08372,2.91335,0.01472,
1686286569684678400,-138.55257,89.76287,0.79613,0.69011,0.00391,-0.00867,0.72365,-0.10315,2.99538,0.12870,
1686286569785280000,-138.56291,90.06503,0.80738,0.68936,0.00392,-0.00836,0.72436,-0.12264,2.95094,0.00172,
1686286569887109120,-138.57819,90.37425,0.81012,0.68920,0.00313,-0.00862,0.72451,-0.15453,3.03928,0.09909,
1686286569984914176,-138.59313,90.66710,0.82012,0.68868,0.00299,-0.00916,0.72500,-0.14571,2.99202,0.07201,
1686286570084755200,-138.60526,90.96253,0.82627,0.68777,0.00324,-0.00896,0.72587,-0.11553,2.96765,0.06403,
1686286570185697536,-138.61714,91.25933,0.83329,0.68703,0.00221,-0.00730,0.72659,-0.09519,2.88180,0.07025,
1686286570284663040,-138.62950,91.54048,0.84257,0.68644,0.00322,-0.00759,0.72714,-0.14495,2.85734,0.05617,
1686286570384620288,-138.64634,91.81838,0.84798,0.68603,0.00265,-0.00814,0.72752,-0.17638,2.80822,0.11770,
1686286570484612352,-138.66256,92.09866,0.85626,0.68539,0.00182,-0.00883,0.72812,-0.12944,2.80552,0.00311,
1686286570584890112,-138.67297,92.37821,0.85891,0.68433,0.00173,-0.00771,0.72913,-0.11633,2.73843,0.09596,
1686286570684800512,-138.68264,92.65050,0.86999,0.68352,0.00344,-0.00710,0.72989,-0.09710,2.70354,0.06182,
1686286570784677888,-138.69877,92.92187,0.87176,0.68330,0.00265,-0.00699,0.73010,-0.18715,2.70758,0.06075,
1686286570884800256,-138.71695,93.19035,0.87975,0.68289,0.00192,-0.00762,0.73048,-0.18319,2.61980,0.04540,
1686286570984968448,-138.72963,93.45325,0.88207,0.68185,0.00257,-0.00664,0.73145,-0.04102,2.57700,0.06762,
1686286571084645376,-138.73675,93.71275,0.89358,0.68122,0.00469,-0.00625,0.73203,-0.09339,2.55640,0.08566,
1686286571184905472,-138.74901,93.97226,0.89669,0.68126,0.00435,-0.00472,0.73201,-0.16682,2.55846,0.02992,
1686286571285726720,-138.76578,94.22409,0.90666,0.68125,0.00402,-0.00625,0.73202,-0.16955,2.47120,0.07277,
1686286571384748800,-138.78117,94.47226,0.90954,0.68066,0.00447,-0.00648,0.73256,-0.12084,2.48419,0.04060,
1686286571485042688,-138.79023,94.71986,0.91917,0.67985,0.00620,-0.00601,0.73330,-0.07393,2.45652,0.09340,
1686286571584585728,-138.80379,94.96942,0.92387,0.67967,0.00549,-0.00474,0.73348,-0.16670,2.52277,0.00951,
1686286571685006592,-138.82159,95.21558,0.92953,0.67916,0.00482,-0.00527,0.73396,-0.19047,2.36574,0.10784,
1686286571784862976,-138.84292,95.46058,0.93382,0.67831,0.00512,-0.00657,0.73473,-0.18309,2.47794,-0.00625,
1686286571884702208,-138.85892,95.70240,0.93723,0.67767,0.00506,-0.00597,0.73532,-0.12572,2.36973,0.10999,
1686286571984928000,-138.87686,95.94645,0.94458,0.67774,0.00528,-0.00676,0.73525,-0.12119,2.46276,0.00656,
1686286572085325312,-138.88810,96.18666,0.94783,0.67982,0.00490,-0.00666,0.73333,-0.05023,2.42117,0.08226,
1686286572184529408,-138.88994,96.42713,0.95392,0.68293,0.00558,-0.00539,0.73045,0.02883,2.47216,0.02585,
1686286572285318912,-138.89369,96.68055,0.95608,0.68535,0.00544,-0.00495,0.72818,-0.02732,2.38922,0.04527,
1686286572384431616,-138.89639,96.92889,0.96067,0.68775,0.00579,-0.00471,0.72591,-0.04238,2.48817,0.03378,
1686286572484535552,-138.89691,97.18199,0.96847,0.68884,0.00708,-0.00327,0.72487,-0.07983,2.49367,0.08746,
1686286572584782848,-138.91129,97.42489,0.97584,0.68764,0.00717,-0.00553,0.72600,-0.18861,2.46132,0.04125,
1686286572684940032,-138.93050,97.68137,0.97970,0.68666,0.00645,-0.00700,0.72692,-0.12843,2.46603,0.08930,
1686286572784564480,-138.93711,97.92704,0.98938,0.68576,0.00865,-0.00740,0.72774,-0.04563,2.53399,0.03081,
1686286572886657792,-138.94508,98.19988,0.99048,0.68538,0.00845,-0.00554,0.72812,-0.11901,2.63416,0.07261,
1686286572984400384,-138.96164,98.45002,1.00093,0.68543,0.00842,-0.00727,0.72805,-0.17584,2.63801,0.07575,
1686286573085309696,-138.98029,98.72672,1.00363,0.68506,0.00679,-0.00750,0.72841,-0.19313,2.63859,0.06184,
1686286573184642304,-138.99423,98.99149,1.01212,0.68384,0.00682,-0.00704,0.72957,-0.09101,2.80403,0.01608,
1686286573284939776,-139.00879,99.27382,1.01422,0.68328,0.00608,-0.00579,0.73011,-0.13618,2.76564,0.09758,
1686286573385425408,-139.02787,99.55064,1.02143,0.68356,0.00541,-0.00767,0.72984,-0.20765,2.82636,0.02893,
1686286573485039872,-139.04357,99.83895,1.02257,0.68742,0.00244,-0.00908,0.72620,0.06488,2.84159,0.04648,
1686286573584888064,-139.02562,100.12031,1.03218,0.69323,0.00510,-0.00643,0.72067,0.23012,2.83589,0.05189,
1686286573684601600,-139.01828,100.41070,1.03675,0.69655,0.00564,-0.00545,0.71746,0.03257,2.90875,0.05292,
1686286573786158848,-139.01959,100.70328,1.04198,0.69904,0.00383,-0.00525,0.71505,-0.03961,2.83216,0.04325,
1686286573884896256,-139.02182,100.98947,1.04286,0.70163,0.00155,-0.00639,0.71251,0.04605,2.85380,0.02956,
1686286573984498944,-139.01257,101.27286,1.05074,0.70383,0.00384,-0.00587,0.71034,0.12365,2.85637,0.06673,
1686286574084906496,-139.00269,101.56134,1.05660,0.70489,0.00440,-0.00476,0.70929,0.08336,2.89495,0.03863,
1686286574185554432,-139.00144,101.84985,1.06646,0.70526,0.00432,-0.00583,0.70891,0.04153,2.80866,0.09952,
1686286574284702976,-138.99840,102.13172,1.06983,0.70578,0.00374,-0.00657,0.70839,-0.04978,2.92468,-0.04849,
1686286574384805376,-139.00123,102.42062,1.07138,0.70859,-0.00071,-0.00787,0.70558,0.13646,2.71652,0.12840,
1686286574484863232,-138.97670,102.68867,1.08527,0.71317,0.00331,-0.00847,0.70093,0.36227,2.70594,0.05099,
1686286574584488704,-138.94394,102.96446,1.08948,0.71677,0.00462,-0.00470,0.69728,0.30904,2.75003,0.04625,
1686286574684839424,-138.92365,103.23046,1.09564,0.71756,0.00495,-0.00363,0.69647,0.01660,2.56020,0.05955,
1686286574784698368,-138.92475,103.49312,1.09692,0.71815,0.00309,-0.00733,0.69584,0.03322,2.59622,0.00392,
1686286574886250240,-138.91172,103.75347,1.10557,0.71794,0.00286,-0.00660,0.69606,0.16498,2.60088,0.04552,
1686286574984976128,-138.89595,104.02368,1.10494,0.71663,0.00244,-0.00218,0.69744,0.28157,2.70021,-0.05462,
1686286575084569600,-138.87261,104.28461,1.10230,0.71623,0.00379,0.00309,0.69784,0.04104,2.67312,0.00670,
1686286575185070336,-138.86302,104.56571,1.09582,0.71630,-0.00045,0.00675,0.69776,0.11546,2.77445,-0.11476,
1686286575284833536,-138.86086,104.82642,1.09070,0.71554,-0.00483,0.00755,0.69851,0.01843,2.52407,0.04997,
1686286575385388288,-138.85005,105.09518,1.08480,0.71458,-0.00438,0.00945,0.69947,0.12583,2.77135,-0.19008,
1686286575484686080,-138.83520,105.36840,1.07054,0.71378,-0.00691,0.01377,0.70020,0.13504,2.63481,0.00063,
1686286575584428288,-138.82946,105.62095,1.07089,0.71338,-0.00624,0.01132,0.70066,0.05429,2.57901,-0.06126,
1686286575685480960,-138.82289,105.89331,1.06147,0.71253,-0.00696,0.01113,0.70152,0.06315,2.72622,-0.06715,
1686286575785615616,-138.80763,106.15946,1.05960,0.71159,-0.00632,0.01487,0.70241,0.20357,2.67427,-0.06731,
1686286575885141504,-138.79541,106.42576,1.04702,0.71116,-0.00491,0.01586,0.70283,0.01738,2.54624,-0.04933,
1686286575984604416,-138.80128,106.68200,1.04662,0.71091,-0.00573,0.01152,0.70316,-0.11584,2.65079,-0.02447,
1686286576084664832,-138.80912,106.95288,1.04409,0.70805,-0.00648,0.01041,0.70606,-0.05578,2.55967,0.00907,
1686286576184600832,-138.81239,107.20153,1.05000,0.70149,-0.00222,0.00807,0.71263,-0.11532,2.51456,0.01410,
1686286576284576000,-138.82759,107.45922,1.05176,0.69568,-0.00144,0.00756,0.71831,-0.20075,2.65012,-0.06193,
1686286576386605056,-138.85847,107.71936,1.05400,0.69136,-0.00311,0.00533,0.72248,-0.30582,2.50789,0.04086,
1686286576484778496,-138.88701,107.97437,1.05478,0.68670,-0.00422,0.00498,0.72691,-0.34752,2.69395,-0.08344,
1686286576585172480,-138.92662,108.23672,1.05285,0.68044,-0.00868,0.00363,0.73274,-0.37081,2.55260,0.01838,
1686286576684765952,-138.96893,108.48652,1.05226,0.67290,-0.00966,0.00335,0.73967,-0.46515,2.43480,0.04706,
1686286576784664832,-139.00165,108.72215,1.06591,0.66275,-0.00238,0.00416,0.74882,-0.26460,2.36326,0.10191,
1686286576884669952,-139.04283,108.97120,1.06589,0.65318,-0.00080,0.00716,0.75717,-0.50891,2.53779,-0.07438,
1686286576984709376,-139.11218,109.20580,1.06519,0.64541,-0.00230,0.00433,0.76382,-0.79399,2.25662,0.05418,
1686286577084603392,-139.19359,109.43753,1.06126,0.63681,-0.00262,-0.00070,0.77102,-0.86533,2.39925,-0.08851,
1686286577184755712,-139.27094,109.68445,1.06404,0.62422,-0.00382,0.00131,0.78124,-0.73485,2.45785,0.07255,
1686286577284563456,-139.34434,109.93200,1.06516,0.60919,-0.00488,0.00820,0.79297,-0.75573,2.46163,-0.04532,
1686286577384757504,-139.42518,110.15676,1.06244,0.59845,-0.00358,0.00894,0.80110,-0.88806,2.17259,0.06722,
1686286577484743424,-139.52586,110.37518,1.05856,0.58953,-0.00526,0.00677,0.80770,-1.07121,2.21894,-0.08035,
1686286577584595712,-139.63120,110.59067,1.05530,0.57871,-0.00611,0.00457,0.81550,-1.00531,2.08077,0.06460,
1686286577684767744,-139.72939,110.80795,1.05695,0.56865,-0.00438,0.00440,0.82256,-0.98708,2.24551,-0.06428,
1686286577785144064,-139.82711,111.02861,1.05572,0.55996,-0.00408,0.00624,0.82849,-0.97220,2.13091,0.05346,
1686286577885892352,-139.92954,111.24266,1.05515,0.54988,-0.00243,0.00777,0.83520,-1.09207,2.08130,-0.01528,
1686286577984858880,-140.04765,111.43690,1.05396,0.53796,-0.00266,0.00663,0.84294,-1.23945,1.91390,0.03567,
1686286578084835072,-140.17392,111.62989,1.05007,0.52637,-0.00313,0.00576,0.85023,-1.24217,1.97697,-0.08927,
1686286578185226752,-140.30002,111.82556,1.04279,0.51495,-0.00429,0.00750,0.85718,-1.22694,1.84738,0.00705,
1686286578284710912,-140.42531,112.00918,1.04119,0.50342,-0.00390,0.00800,0.86400,-1.29229,1.81216,-0.04540,
1686286578385024000,-140.56260,112.18684,1.03730,0.49132,-0.00600,0.00780,0.87092,-1.41014,1.70797,0.01384,
1686286578484897024,-140.70373,112.35329,1.03692,0.47911,-0.00679,0.00602,0.87771,-1.40179,1.65053,-0.01348,
1686286578584692992,-140.84743,112.51703,1.03466,0.46708,-0.00761,0.00407,0.88417,-1.39889,1.58980,-0.01892,
1686286578685570304,-140.98284,112.68055,1.03438,0.45649,-0.00475,0.00356,0.88971,-1.29592,1.60221,0.01085,
1686286578784901120,-141.12349,112.83970,1.03535,0.44574,-0.00346,0.00320,0.89515,-1.49418,1.55999,-0.00027,
1686286578884606464,-141.27100,112.99101,1.03866,0.43498,-0.00263,0.00168,0.90043,-1.47242,1.49671,0.03926,
1686286578984855296,-141.41750,113.14109,1.04142,0.42782,-0.00205,-0.00119,0.90386,-1.40272,1.61052,0.00418,
1686286579084970752,-141.55669,113.30730,1.04045,0.42601,-0.00175,-0.00151,0.90472,-1.30888,1.71842,0.01315,
1686286579184615168,-141.69014,113.48263,1.04355,0.42372,0.00050,0.00105,0.90579,-1.39545,1.71497,0.02353,
1686286579284611072,-141.84240,113.64897,1.04504,0.41899,-0.00046,-0.00112,0.90799,-1.58537,1.65597,0.00543,
1686286579384851712,-141.99612,113.81758,1.04728,0.41742,-0.00097,-0.00344,0.90871,-1.45794,1.76803,0.03030,
1686286579484802304,-142.14521,114.00130,1.04839,0.41671,-0.00014,-0.00222,0.90904,-1.43608,1.89188,0.01166,
1686286579584544000,-142.29050,114.19055,1.05092,0.41626,0.00056,-0.00081,0.90925,-1.50510,1.88215,0.02322,
1686286579685790208,-142.44892,114.38016,1.05129,0.41554,-0.00016,-0.00049,0.90958,-1.61356,1.85193,0.01234,
1686286579784912128,-142.61291,114.55960,1.05354,0.41123,-0.00076,-0.00153,0.91153,-1.68753,1.79457,0.01285,
1686286579884859904,-142.79232,114.74124,1.05162,0.40705,-0.00196,-0.00235,0.91340,-1.69804,1.84869,0.01298,
1686286579986966528,-142.96221,114.92915,1.05270,0.40367,-0.00138,-0.00216,0.91490,-1.65260,1.84820,0.01036,
1686286580084456704,-143.13778,115.11300,1.05080,0.40024,-0.00143,-0.00130,0.91641,-1.69284,1.87672,0.00317,
1686286580184937984,-143.30645,115.29745,1.05215,0.39671,-0.00146,-0.00108,0.91794,-1.75487,1.79251,0.00658,
1686286580285555200,-143.49858,115.47994,1.05038,0.39273,-0.00246,-0.00193,0.91965,-1.77663,1.79163,0.01093,
1686286580384693504,-143.66966,115.65034,1.05178,0.38827,-0.00231,-0.00250,0.92154,-1.73384,1.73781,0.01573,
1686286580485150720,-143.85132,115.82683,1.04934,0.38417,-0.00186,-0.00196,0.92326,-1.74134,1.74679,-0.01160,
1686286580584365568,-144.02533,115.99548,1.05096,0.38173,-0.00212,-0.00353,0.92427,-1.69855,1.74811,0.01333,
1686286580685162240,-144.20639,116.17698,1.05022,0.38150,-0.00178,-0.00230,0.92437,-1.66496,1.79430,-0.00425,
1686286580784762112,-144.37690,116.34903,1.05290,0.38108,-0.00192,-0.00255,0.92454,-1.64498,1.71870,0.04222,
1686286580884626688,-144.54292,116.51918,1.05695,0.37930,-0.00123,-0.00167,0.92527,-1.65969,1.68012,0.00561,
1686286580984563712,-144.71166,116.68128,1.06029,0.37575,-0.00031,-0.00215,0.92672,-1.68151,1.53538,0.04424,
1686286581084538880,-144.90489,116.83984,1.06205,0.37038,0.00064,-0.00253,0.92888,-1.73718,1.53696,0.00420,
1686286581184446976,-145.07766,116.98971,1.06591,0.36370,0.00108,-0.00220,0.93151,-1.70587,1.45404,0.05226,
1686286581285394688,-145.26369,117.14364,1.06627,0.35653,0.00190,-0.00121,0.93428,-1.74867,1.45170,-0.00382,
1686286581385145088,-145.44087,117.28723,1.06858,0.34812,0.00143,-0.00005,0.93745,-1.78681,1.34477,0.04183,
1686286581485114624,-145.63792,117.42454,1.06892,0.33907,0.00019,-0.00069,0.94076,-1.84067,1.27785,-0.00137,
1686286581584727296,-145.82519,117.55301,1.06689,0.33043,0.00026,-0.00065,0.94383,-1.74158,1.29589,0.03729,
1686286581684550912,-146.00437,117.68495,1.06287,0.32227,0.00146,0.00199,0.94664,-1.75939,1.30409,0.00485,
1686286581784640768,-146.19036,117.80585,1.06601,0.31246,0.00102,0.00360,0.94992,-1.83474,1.07540,0.03087,
1686286581885687296,-146.37818,117.90849,1.06867,0.30205,0.00039,0.00110,0.95329,-1.86853,1.00071,-0.00198,
1686286581984521472,-146.56204,118.01673,1.06954,0.29536,0.00014,0.00016,0.95539,-1.71774,1.16396,0.04153,
1686286582085108992,-146.73920,118.14288,1.07235,0.28793,0.00154,0.00432,0.95764,-1.74273,1.15221,0.00803,
1686286582185062400,-146.91834,118.24792,1.07309,0.27733,0.00126,0.00634,0.96075,-1.82888,0.91807,0.02217,
1686286582284900608,-147.10707,118.33660,1.07445,0.26686,0.00059,0.00478,0.96372,-1.85199,0.80195,0.01776,
1686286582384525824,-147.30047,118.41667,1.07560,0.25447,-0.00001,0.00355,0.96707,-1.83721,0.70484,0.01843,
1686286582487030272,-147.48951,118.49507,1.07675,0.24046,0.00054,0.00385,0.97065,-1.79373,0.75475,0.02537,
1686286582585147136,-147.67187,118.56718,1.07782,0.22865,-0.00005,0.00441,0.97350,-1.84354,0.71063,-0.00596,
1686286582684794368,-147.86257,118.63451,1.07714,0.21704,-0.00070,0.00443,0.97615,-1.82376,0.59378,0.03502,
1686286582784427008,-148.05265,118.69306,1.07830,0.20448,-0.00030,0.00358,0.97886,-1.89437,0.57928,-0.00708,
1686286582885025536,-148.25186,118.75664,1.07638,0.19446,-0.00045,0.00311,0.98090,-1.89543,0.68640,0.02810,
1686286582985442048,-148.45200,118.82669,1.07798,0.18496,0.00052,0.00541,0.98273,-2.02606,0.63511,0.00620,
1686286583085039616,-148.66207,118.88457,1.07814,0.17279,0.00001,0.00570,0.98494,-2.12264,0.50108,0.01751,
1686286583187595008,-148.88427,118.92958,1.08081,0.15785,0.00057,0.00513,0.98745,-2.19396,0.36928,0.01990,
1686286583285086208,-149.10333,118.96237,1.08165,0.14220,0.00029,0.00400,0.98983,-2.28122,0.32097,0.01178,
1686286583384727808,-149.33028,118.98937,1.08510,0.12523,0.00041,0.00334,0.99212,-2.28554,0.25027,0.03428,
1686286583484856064,-149.56120,119.01394,1.08578,0.11139,0.00024,0.00133,0.99378,-2.31239,0.31952,-0.00365,
1686286583587231488,-149.79531,119.05022,1.08790,0.10481,0.00016,0.00037,0.99449,-2.27403,0.46041,0.03113,
1686286583684348672,-150.01998,119.09927,1.08905,0.10380,0.00037,0.00054,0.99460,-2.31447,0.60702,-0.00472,
1686286583784635904,-150.25331,119.15989,1.09093,0.10400,-0.00019,0.00277,0.99457,-2.32870,0.57827,0.02440,
1686286583884571904,-150.48970,119.21332,1.09177,0.10334,-0.00107,0.00274,0.99464,-2.37304,0.49172,-0.00182,
1686286583984534784,-150.73337,119.26341,1.09119,0.10174,-0.00218,0.00238,0.99481,-2.37218,0.49150,0.00277,
1686286584084506624,-150.97265,119.31265,1.09106,0.10081,-0.00319,0.00147,0.99490,-2.38944,0.51540,-0.00909,
1686286584184940032,-151.21200,119.36921,1.08992,0.10282,-0.00348,0.00127,0.99469,-2.34568,0.62775,0.00826,
1686286584285321216,-151.45456,119.43097,1.08842,0.10333,-0.00312,0.00302,0.99464,-2.40148,0.54881,0.01343,
1686286584384507136,-151.69394,119.47938,1.08935,0.10177,-0.00356,0.00205,0.99480,-2.40190,0.45667,0.00234,
1686286584484978432,-151.93942,119.52231,1.09085,0.10110,-0.00244,-0.00067,0.99487,-2.37710,0.49537,0.00857,
1686286584584433664,-152.17891,119.57770,1.08818,0.10430,-0.00331,-0.00225,0.99454,-2.39289,0.72549,-0.02799,
1686286584684494336,-152.41412,119.65025,1.09023,0.11135,-0.00280,-0.00115,0.99378,-2.29208,0.77547,0.02242,
1686286584784565248,-152.65527,119.73378,1.08817,0.11854,-0.00260,0.00145,0.99294,-2.36701,0.80661,-0.02016,
1686286584884985088,-152.90209,119.80134,1.09089,0.11944,-0.00299,0.00198,0.99283,-2.46875,0.52198,0.02695,
1686286584984744448,-153.15144,119.85021,1.09063,0.11717,-0.00444,-0.00124,0.99310,-2.42213,0.47710,-0.00144,
1686286585084795136,-153.39073,119.90391,1.09143,0.11515,-0.00353,-0.00226,0.99334,-2.36414,0.60966,0.00016,
1686286585184489472,-153.63209,119.96432,1.09190,0.11571,-0.00394,-0.00332,0.99327,-2.41638,0.65701,0.00729,
1686286585284602624,-153.87964,120.03433,1.09667,0.12238,-0.00370,-0.00572,0.99246,-2.38595,0.80990,0.01633,
1686286585385251584,-154.11873,120.12644,1.09645,0.13398,-0.00364,-0.00449,0.99097,-2.30519,1.07628,0.02291,
1686286585486365184,-154.36302,120.23214,1.10096,0.14110,-0.00260,0.00036,0.98999,-2.34024,0.88116,0.02495,
1686286585584438016,-154.60469,120.31098,1.10330,0.14074,-0.00285,0.00085,0.99004,-2.46540,0.61504,0.00396,
1686286585685009920,-154.85736,120.36554,1.10494,0.14080,-0.00405,-0.00595,0.99001,-2.44715,0.62765,0.01868,
1686286585784433920,-155.09345,120.44591,1.10716,0.14812,-0.00415,-0.00820,0.98893,-2.27453,1.06882,0.01852,
1686286585884869376,-155.31940,120.56408,1.10825,0.16043,-0.00332,-0.00381,0.98703,-2.18443,1.31284,0.02115,
1686286585984533248,-155.55119,120.69311,1.10831,0.17141,-0.00335,0.00289,0.98519,-2.28121,1.18652,0.00556,
1686286586084613632,-155.80261,120.80143,1.10780,0.17527,-0.00322,0.00405,0.98451,-2.38933,0.85385,0.01759,
1686286586185001472,-156.03620,120.87819,1.10980,0.17293,-0.00378,0.00139,0.98493,-2.47346,0.72706,-0.01188,
1686286586285503744,-156.27794,120.96027,1.11239,0.17051,-0.00296,-0.00026,0.98535,-2.39740,0.91207,0.03499,
1686286586384750336,-156.52120,121.05559,1.11147,0.16991,-0.00283,0.00171,0.98545,-2.45844,1.00557,-0.00185,
1686286586485830912,-156.76714,121.15244,1.11330,0.16940,-0.00254,0.00357,0.98554,-2.45240,0.91044,0.02591,
1686286586585021952,-157.01442,121.24452,1.11373,0.16844,-0.00184,0.00383,0.98570,-2.49114,0.89338,0.00778,
1686286586684805632,-157.26381,121.33553,1.11626,0.16711,-0.00151,0.00374,0.98593,-2.49751,0.90469,0.02234,
1686286586784792064,-157.51122,121.42922,1.11894,0.16576,-0.00036,0.00527,0.98615,-2.48969,0.93080,0.02234,
1686286586885110272,-157.76618,121.51878,1.11905,0.15892,0.00027,0.00857,0.98725,-2.58791,0.67498,0.02034,
1686286586985406464,-158.04448,121.57625,1.12196,0.14593,-0.00030,0.00618,0.98928,-2.69679,0.40363,0.01560,
1686286587085254656,-158.31325,121.62276,1.12394,0.13167,-0.00019,0.00415,0.99128,-2.69476,0.47496,0.02667,
1686286587185006080,-158.58836,121.67850,1.12357,0.11877,-0.00031,0.00576,0.99291,-2.74797,0.51762,0.00856,
1686286587284604672,-158.85932,121.72316,1.12282,0.10721,-0.00048,0.00532,0.99422,-2.76963,0.36985,0.01508,
1686286587384519936,-159.13841,121.76644,1.12195,0.10194,-0.00098,0.00201,0.99479,-2.78329,0.55716,0.00384,
1686286587485248000,-159.42161,121.83569,1.12059,0.10128,-0.00135,0.00387,0.99485,-2.77930,0.73090,0.02089,
1686286587584810496,-159.69826,121.90337,1.12403,0.10041,-0.00058,0.00536,0.99493,-2.81659,0.67091,0.01654,
1686286587685376256,-159.98757,121.96888,1.12192,0.09924,-0.00157,0.00594,0.99504,-2.88333,0.58635,-0.00557,
1686286587784689152,-160.26924,122.03529,1.12105,0.09847,-0.00096,0.00576,0.99512,-2.80998,0.62794,0.02460,
1686286587885295616,-160.55710,122.09886,1.12185,0.09756,0.00004,0.00621,0.99521,-2.92074,0.64562,0.00245,
1686286587984848640,-160.85135,122.16243,1.12261,0.09699,-0.00043,0.00620,0.99527,-2.93229,0.64712,0.02935,
1686286588085513472,-161.15131,122.23433,1.11912,0.09531,0.00065,0.00679,0.99542,-3.01289,0.65948,-0.01650,
1686286588185578240,-161.45386,122.29835,1.11870,0.09411,0.00076,0.00680,0.99554,-3.03165,0.64960,0.02287,
1686286588286322176,-161.76544,122.36258,1.11857,0.09347,0.00029,0.00626,0.99560,-3.09213,0.64084,-0.01228,
1686286588384367872,-162.07145,122.42985,1.11654,0.09345,-0.00044,0.00603,0.99561,-3.05997,0.69201,0.02254,
1686286588484862464,-162.37829,122.49833,1.11837,0.09289,0.00002,0.00736,0.99565,-3.10944,0.69637,-0.03753,
1686286588585562624,-162.69417,122.56302,1.11750,0.09252,-0.00141,0.00686,0.99569,-3.12282,0.64251,0.01078,
1686286588684725248,-163.00812,122.62350,1.11826,0.09425,-0.00199,0.00456,0.99554,-3.15034,0.71913,-0.03924,
1686286588784858112,-163.32181,122.70093,1.11707,0.10039,-0.00345,0.00460,0.99493,-3.01055,0.91939,0.02983,
1686286588884862464,-163.63530,122.79908,1.11895,0.10820,-0.00240,0.00741,0.99410,-3.02148,1.03290,-0.04651,
1686286588984889088,-163.93755,122.89793,1.11415,0.11664,-0.00276,0.00815,0.99314,-2.97687,0.96664,0.03450,
1686286589085116416,-164.24540,122.99630,1.11663,0.12124,0.00004,0.00995,0.99257,-3.00648,0.87096,-0.01690,
1686286589187855872,-164.57482,123.07748,1.11412,0.11963,-0.00143,0.00831,0.99278,-3.09663,0.71155,-0.00669,
1686286589284455936,-164.86562,123.14681,1.11694,0.11678,-0.00058,0.00720,0.99313,-3.02523,0.79814,0.01070,
1686286589385106688,-165.18684,123.22631,1.11616,0.11616,-0.00097,0.00736,0.99320,-3.11338,0.84435,0.00206,
1686286589484729088,-165.48982,123.30265,1.11964,0.11610,-0.00021,0.00710,0.99321,-3.05222,0.78776,0.01920,
1686286589584613888,-165.81114,123.37832,1.11831,0.11544,-0.00049,0.00673,0.99329,-3.14185,0.76816,-0.02942,
1686286589686112256,-166.12580,123.45724,1.12041,0.11282,-0.00063,0.00776,0.99358,-3.09912,0.76198,0.01915,
1686286589784826880,-166.45059,123.52565,1.11921,0.10948,-0.00157,0.00774,0.99396,-3.20710,0.73568,-0.03153,
1686286589885311232,-166.76588,123.59455,1.12148,0.10479,-0.00160,0.00905,0.99445,-3.13980,0.60484,0.03073,
1686286589984517120,-167.09245,123.64537,1.12191,0.09716,-0.00193,0.00814,0.99523,-3.26196,0.49913,-0.03878,
1686286590084748544,-167.41818,123.69290,1.12248,0.08594,-0.00274,0.00935,0.99625,-3.18405,0.37505,0.04867,
1686286590185263872,-167.74912,123.71916,1.12413,0.07551,-0.00210,0.00626,0.99712,-3.28559,0.33579,-0.04917,
1686286590284695296,-168.07884,123.75387,1.12329,0.07014,-0.00301,0.00546,0.99752,-3.21680,0.40352,0.05612,
1686286590384819968,-168.40156,123.80086,1.12781,0.06898,-0.00073,0.00586,0.99760,-3.19493,0.60125,-0.00984,
1686286590484887552,-168.73242,123.85809,1.12669,0.06859,-0.00124,0.00810,0.99761,-3.27337,0.54074,0.03803,
1686286590584781312,-169.05436,123.90880,1.12911,0.06745,-0.00007,0.00860,0.99769,-3.29756,0.44358,-0.04993,
1686286590685772032,-169.40041,123.94857,1.12135,0.06653,-0.00225,0.00576,0.99777,-3.34336,0.40411,0.03652,
1686286590786552320,-169.73090,123.99521,1.12761,0.06490,-0.00103,0.00567,0.99788,-3.35640,0.49929,-0.03582,
1686286590884534528,-170.07438,124.05224,1.12027,0.06380,-0.00296,0.00747,0.99793,-3.39836,0.56624,0.01559,
1686286590984525568,-170.40781,124.10293,1.12444,0.06344,-0.00084,0.00777,0.99795,-3.37695,0.45577,-0.01099,
1686286591085240320,-170.76432,124.15167,1.12032,0.06284,-0.00165,0.00625,0.99800,-3.48365,0.44194,0.00526,
1686286591184542208,-171.10236,124.19727,1.12496,0.06189,-0.00038,0.00515,0.99807,-3.41493,0.49857,0.02960,
1686286591284579072,-171.45290,124.25550,1.12324,0.06205,-0.00035,0.00633,0.99805,-3.49656,0.60776,-0.02103,
1686286591384538112,-171.79727,124.31100,1.12552,0.06318,0.00015,0.00713,0.99798,-3.45226,0.54216,0.03599,
1686286591484849152,-172.15057,124.36368,1.12610,0.06416,0.00038,0.00664,0.99792,-3.51989,0.50364,0.00245,
1686286591584535296,-172.49719,124.41433,1.12912,0.06706,0.00013,0.00392,0.99774,-3.45284,0.61906,0.02555,
1686286591684768512,-172.85360,124.48624,1.12902,0.06912,0.00086,0.00864,0.99757,-3.51618,0.73979,-0.03034,
1686286591785148672,-173.20830,124.54303,1.12834,0.06804,-0.00045,0.00840,0.99765,-3.53794,0.48986,0.02891,
1686286591884773120,-173.57089,124.58720,1.12787,0.06685,-0.00059,0.00700,0.99774,-3.59713,0.48705,-0.03652,
1686286591984861184,-173.93126,124.63602,1.12630,0.06593,-0.00248,0.00554,0.99781,-3.57239,0.53549,0.00454,
1686286592084858624,-174.29384,124.69072,1.12684,0.06444,-0.00175,0.00804,0.99789,-3.61901,0.59993,-0.04924,
1686286592184508672,-174.66453,124.74619,1.11941,0.06402,-0.00511,0.00842,0.99790,-3.71026,0.54538,-0.06371,
1686286592284821760,-175.03208,124.79045,1.11911,0.06525,-0.00501,0.00558,0.99784,-3.61807,0.52860,0.02102,
1686286592384463104,-175.39472,124.85665,1.11824,0.06984,-0.00487,0.00643,0.99753,-3.64283,0.83937,-0.01253,
1686286592484517376,-175.75263,124.93515,1.11842,0.07456,-0.00192,0.01010,0.99716,-3.53893,0.78889,0.02079,
1686286592584876032,-176.11302,125.00833,1.11845,0.07604,0.00038,0.01230,0.99703,-3.68591,0.58079,0.00067,
1686286592685114112,-176.48483,125.05643,1.12118,0.07450,-0.00005,0.00927,0.99718,-3.68674,0.50035,0.01235,
1686286592784870400,-176.85550,125.11375,1.12407,0.07230,-0.00051,0.00875,0.99734,-3.69377,0.64208,-0.02783,
1686286592884965632,-177.22501,125.17745,1.12717,0.07119,-0.00107,0.01039,0.99741,-3.62483,0.62228,0.05979,
1686286592985649408,-177.59278,125.24060,1.13081,0.06983,-0.00007,0.01263,0.99748,-3.70547,0.57664,-0.02592,
1686286593085363712,-177.97504,125.28354,1.13001,0.06351,-0.00184,0.01123,0.99792,-3.71745,0.24224,0.03213,
1686286593185978624,-178.34214,125.31596,1.13170,0.05855,-0.00078,0.00735,0.99826,-3.72308,0.50304,-0.01723,
1686286593284851968,-178.71492,125.37122,1.12844,0.05776,-0.00263,0.01019,0.99828,-3.71368,0.57478,0.00434,
1686286593384632320,-179.09081,125.42399,1.12818,0.05726,-0.00269,0.01103,0.99830,-3.74550,0.48931,-0.04864,
1686286593485259264,-179.47051,125.47152,1.12229,0.05618,-0.00590,0.01083,0.99834,-3.78396,0.47885,-0.03143,
1686286593585164288,-179.84595,125.51771,1.11845,0.05436,-0.00663,0.01112,0.99844,-3.74835,0.48857,-0.04016,
1686286593684574208,-180.21530,125.56252,1.11134,0.05352,-0.00771,0.01138,0.99847,-3.72592,0.46731,-0.03073,
1686286593784490496,-180.58899,125.60387,1.10882,0.05297,-0.00694,0.01107,0.99851,-3.70570,0.42844,-0.04997,
1686286593884884992,-180.96333,125.65168,1.10436,0.05131,-0.00731,0.01201,0.99858,-3.74413,0.48608,-0.05017,
1686286593985434112,-181.34385,125.69397,1.10014,0.05027,-0.00681,0.01198,0.99864,-3.70400,0.44556,-0.02021,
1686286594084769024,-181.71316,125.73525,1.09650,0.04967,-0.00616,0.01184,0.99868,-3.74740,0.40253,-0.02487,
1686286594185378560,-182.09212,125.77575,1.09626,0.04856,-0.00521,0.01127,0.99874,-3.67920,0.42962,-0.00586,
1686286594284747008,-182.45817,125.82011,1.09580,0.04687,-0.00418,0.01202,0.99882,-3.70598,0.43527,-0.01128,
1686286594384510208,-182.83493,125.86023,1.09514,0.04612,-0.00264,0.01202,0.99886,-3.65204,0.39804,0.03594,
1686286594484817152,-183.19870,125.89788,1.09467,0.04554,-0.00094,0.01150,0.99890,-3.69565,0.36274,0.00396,
1686286594585207808,-183.57706,125.93801,1.09623,0.04412,0.00060,0.01199,0.99895,-3.66722,0.41697,0.02858,
1686286594685543936,-183.94713,125.97709,1.09825,0.04277,0.00068,0.01258,0.99901,-3.70277,0.42312,-0.00771,
1686286594784394240,-184.31824,126.01534,1.10108,0.04005,0.00083,0.01530,0.99908,-3.68367,0.33851,0.04058,
1686286594884732160,-184.69193,126.04081,1.10360,0.02999,0.00006,0.01801,0.99939,-3.73109,0.04538,-0.00136,
1686286594985285888,-185.08518,126.03290,1.10261,0.01122,-0.00077,0.01850,0.99977,-3.67696,-0.34124,0.04761,
1686286595084648448,-185.44066,125.98542,1.10088,-0.00451,0.00055,0.01088,0.99993,-3.62994,-0.37075,0.01891,
1686286595184855808,-185.80166,125.96194,1.10251,-0.01036,0.00154,0.00904,0.99990,-3.65999,0.00501,0.03353,
1686286595284661504,-186.17461,125.96980,1.10639,-0.01139,0.00180,0.01244,0.99986,-3.68328,0.14804,0.00533,
1686286595384563456,-186.54602,125.97485,1.10947,-0.01187,0.00087,0.01306,0.99984,-3.65646,-0.08165,0.03459,
1686286595485419776,-186.90951,125.97029,1.11022,-0.00738,0.00122,0.00890,0.99993,-3.64248,0.10997,0.01917,
1686286595584591872,-187.26843,125.99045,1.11701,-0.00175,0.00267,0.01084,0.99994,-3.61031,0.21971,0.05458,
1686286595685081600,-187.63276,126.00733,1.12104,0.00046,0.00329,0.01157,0.99993,-3.68572,0.12504,0.01783,
1686286595784833792,-188.00260,126.02278,1.12460,0.00131,0.00222,0.01274,0.99992,-3.63192,0.14900,0.01823,
1686286595884657152,-188.36895,126.02420,1.12697,0.00346,0.00182,0.00864,0.99995,-3.67406,0.04591,0.01205,
1686286595984797184,-188.74106,126.04030,1.12920,0.00816,0.00070,0.00898,0.99993,-3.60251,0.30521,0.07510,
1686286596087080960,-189.10351,126.06371,1.13663,0.00933,0.00307,0.00966,0.99991,-3.58775,0.14898,0.03374,
1686286596184838912,-189.45991,126.07974,1.13293,0.01533,0.00077,0.00658,0.99986,-3.37833,0.42425,0.02237,
1686286596285491200,-189.79225,126.12586,1.13929,0.02661,0.00502,0.00992,0.99958,-3.33265,0.54145,-0.00603,
1686286596384536320,-190.13729,126.16271,1.13830,0.02997,0.00300,0.01147,0.99948,-3.51109,0.20668,0.03566,
1686286596485130496,-190.49807,126.17256,1.13900,0.02714,-0.00102,0.00947,0.99959,-3.53397,0.14917,-0.06526,
1686286596585029888,-190.84842,126.18975,1.13297,0.03081,-0.00294,0.00432,0.99951,-3.37705,0.40252,0.02654,
1686286596685325824,-191.19947,126.24162,1.13701,0.04084,-0.00125,0.00898,0.99912,-3.50115,0.63020,-0.03730,
1686286596784855040,-191.54867,126.29945,1.13397,0.04361,-0.00399,0.01308,0.99895,-3.46586,0.41821,0.00985,
1686286596886455296,-191.90976,126.32411,1.13576,0.04075,-0.00219,0.01125,0.99910,-3.46203,0.20747,-0.00681,
1686286596986134784,-192.25672,126.34895,1.13182,0.03929,-0.00249,0.00959,0.99918,-3.53410,0.25838,-0.03359,
1686286597085271296,-192.60929,126.37623,1.12928,0.03856,-0.00319,0.00933,0.99921,-3.48121,0.33015,-0.00484,
1686286597184690432,-192.95850,126.41148,1.12759,0.03713,-0.00338,0.01025,0.99925,-3.55064,0.36890,-0.03786,
1686286597285296896,-193.32805,126.44597,1.12603,0.03651,-0.00521,0.01081,0.99926,-3.55301,0.29931,-0.02639,
1686286597385001472,-193.67699,126.47300,1.12430,0.03587,-0.00401,0.01005,0.99930,-3.49462,0.27990,0.01230,
1686286597484970240,-194.04082,126.49798,1.12403,0.03487,-0.00415,0.00874,0.99934,-3.57879,0.26211,-0.03268,
1686286597585197568,-194.38745,126.52730,1.12482,0.03325,-0.00256,0.00925,0.99940,-3.42000,0.30494,0.05402,
1686286597684581120,-194.74701,126.55227,1.12070,0.03232,-0.00128,0.00899,0.99944,-3.65089,0.26395,-0.11514,
1686286597784875264,-195.10615,126.57713,1.11896,0.03222,-0.00278,0.00789,0.99945,-3.48856,0.26035,0.09119,
1686286597885235712,-195.46799,126.60393,1.12024,0.03229,-0.00144,0.00756,0.99945,-3.64582,0.31853,-0.06570,
1686286597984540160,-195.82565,126.63641,1.11793,0.03180,-0.00342,0.00880,0.99945,-3.46237,0.31307,0.06107,
1686286598084518400,-196.17828,126.66421,1.12075,0.03141,0.00060,0.00872,0.99947,-3.55323,0.24308,-0.03531,
1686286598187045632,-196.55271,126.68556,1.11563,0.03043,-0.00087,0.00789,0.99951,-3.57741,0.21612,0.03223,
1686286598284401152,-196.89561,126.70898,1.11826,0.02897,0.00035,0.00763,0.99955,-3.60594,0.27987,-0.02944,
1686286598384618752,-197.26951,126.73618,1.11141,0.02791,-0.00232,0.00830,0.99957,-3.60532,0.25316,0.00479,
1686286598484624128,-197.62035,126.75879,1.11583,0.02726,-0.00104,0.00795,0.99960,-3.53335,0.21446,-0.00754,
1686286598585009408,-197.98523,126.77648,1.11380,0.02614,-0.00250,0.00678,0.99963,-3.61943,0.17548,-0.02054,
1686286598684994560,-198.33814,126.79873,1.11533,0.02437,-0.00154,0.00727,0.99968,-3.55466,0.24999,0.00386,
1686286598784757504,-198.71140,126.82028,1.11202,0.02340,-0.00279,0.00735,0.99970,-3.61754,0.22571,-0.03060,
1686286598884998400,-199.06608,126.84001,1.11265,0.02290,-0.00215,0.00727,0.99971,-3.54542,0.18274,0.02150,
1686286598985871616,-199.43867,126.85663,1.10994,0.02203,-0.00249,0.00646,0.99973,-3.63435,0.19475,-0.03471,
1686286599084541440,-199.79030,126.87858,1.11129,0.02034,-0.00237,0.00761,0.99976,-3.57293,0.22251,0.01629,
1686286599184538624,-200.15893,126.89633,1.10930,0.01953,-0.00269,0.00789,0.99977,-3.62645,0.18419,-0.03317,
1686286599284575744,-200.51859,126.91294,1.10945,0.01893,-0.00250,0.00720,0.99979,-3.56388,0.14563,0.00960,
1686286599384798464,-200.89179,126.92751,1.10872,0.01758,-0.00319,0.00677,0.99982,-3.61629,0.17823,-0.04355,
1686286599484869632,-201.24674,126.94670,1.10952,0.01598,-0.00449,0.00754,0.99983,-3.47067,0.18022,0.01720,
1686286599584538624,-201.59997,126.96161,1.10840,0.01539,-0.00409,0.00747,0.99985,-3.44274,0.12333,-0.02050,
1686286599685439232,-201.95511,126.97154,1.10835,0.01473,-0.00394,0.00649,0.99986,-3.36135,0.07301,0.00458,
1686286599785172736,-202.28542,126.98230,1.10707,0.01311,-0.00319,0.00616,0.99989,-3.35826,0.14533,-0.02043,
1686286599884576768,-202.62671,126.99645,1.10487,0.01176,-0.00309,0.00668,0.99990,-3.35297,0.14583,0.01412,
1686286599984923904,-202.96186,127.00917,1.10412,0.01124,-0.00225,0.00688,0.99991,-3.37490,0.09343,-0.00875,
1686286600084930816,-203.30893,127.01675,1.10192,0.01062,-0.00213,0.00585,0.99992,-3.36682,0.06657,0.00066,
1686286600184907008,-203.64238,127.02563,1.10318,0.00904,-0.00110,0.00594,0.99994,-3.36272,0.13102,0.00305,
1686286600284966656,-203.99057,127.03624,1.10497,0.00777,-0.00110,0.00633,0.99995,-3.45855,0.11668,0.00690,
1686286600384822016,-204.33024,127.04727,1.10692,0.00716,-0.00048,0.00666,0.99995,-3.42991,0.07476,0.01664,
1686286600484615168,-204.68588,127.05175,1.10841,0.00647,0.00005,0.00575,0.99996,-3.50828,0.03891,0.00544,
1686286600586261760,-205.04142,127.05978,1.10890,0.00495,-0.00016,0.00630,0.99997,-3.52620,0.10209,0.01669,
1686286600686341376,-205.40280,127.06699,1.10932,0.00379,-0.00072,0.00662,0.99997,-3.50814,0.08578,0.00835,
1686286600784802560,-205.74595,127.07361,1.11089,0.00296,-0.00098,0.00706,0.99997,-3.44690,0.04944,0.02141,
1686286600884731136,-206.09774,127.07550,1.11086,0.00212,-0.00115,0.00620,0.99998,-3.31151,0.03579,0.01453,
1686286600984897792,-206.42052,127.08090,1.11320,0.00051,-0.00072,0.00700,0.99998,-3.19899,0.07546,0.02850,
1686286601087689728,-206.75334,127.08739,1.11343,-0.00034,-0.00200,0.00750,0.99997,-3.00683,0.07050,-0.00229,
1686286601184788224,-207.03396,127.08994,1.11279,-0.00084,-0.00304,0.00753,0.99997,-2.70564,0.00953,0.01087,
1686286601284814592,-207.31521,127.08883,1.11277,-0.00144,-0.00247,0.00669,0.99997,-2.44904,-0.03840,0.02514,
1686286601384453888,-207.55331,127.08449,1.11415,-0.00269,-0.00189,0.00551,0.99998,-2.25796,-0.00152,0.00714,
1686286601485060352,-207.79825,127.08547,1.11234,-0.00406,-0.00138,0.00637,0.99997,-2.16938,0.06949,-0.01792,
1686286601584528640,-208.01513,127.09338,1.11352,-0.00461,-0.00141,0.00823,0.99995,-2.11586,0.04072,0.02243,
1686286601684989952,-208.24870,127.09580,1.11401,-0.00454,-0.00076,0.00833,0.99995,-2.14360,-0.02485,-0.00801,
1686286601785424384,-208.45997,127.09081,1.11338,-0.00526,-0.00097,0.00715,0.99996,-2.14647,-0.05488,0.02157,
1686286601887642624,-208.69739,127.08593,1.11284,-0.00593,-0.00119,0.00601,0.99996,-2.20744,-0.05753,-0.01257,
1686286601984605184,-208.90744,127.08581,1.11254,-0.00678,-0.00093,0.00612,0.99996,-2.24551,0.03560,0.00628,
1686286602086432000,-209.15296,127.09266,1.11150,-0.00788,0.00030,0.00741,0.99994,-2.37548,0.04693,-0.00655,
1686286602185110272,-209.38993,127.09482,1.11103,-0.00824,-0.00036,0.00799,0.99993,-2.49338,-0.01293,0.00776,
1686286602284799744,-209.63803,127.09049,1.11109,-0.00864,-0.00013,0.00697,0.99994,-2.56079,-0.05770,-0.00624,
1686286602384589568,-209.91004,127.08659,1.10902,-0.00964,-0.00019,0.00617,0.99993,-2.60454,-0.03327,0.01662,
1686286602484884736,-210.17407,127.08389,1.10779,-0.01048,0.00042,0.00603,0.99993,-2.69622,0.00647,-0.03068,
1686286602584452352,-210.45421,127.08551,1.10666,-0.01119,0.00008,0.00657,0.99992,-2.71083,0.00076,0.02449,
1686286602685512448,-210.72686,127.08337,1.10880,-0.01208,0.00007,0.00664,0.99990,-2.75197,-0.03588,-0.02087,
1686286602784648448,-211.00358,127.07935,1.10984,-0.01276,0.00030,0.00609,0.99990,-2.73069,-0.06596,0.02062,
1686286602884461824,-211.27702,127.07309,1.11384,-0.01369,0.00096,0.00578,0.99989,-2.62548,-0.03237,0.12939,
1686286602985188608,-211.52663,127.06732,1.14029,-0.01463,0.01247,0.00468,0.99980,-2.18984,-0.09414,0.39503,
1686286603084841984,-211.75083,127.05888,1.16593,-0.01634,0.02743,0.00423,0.99948,-2.48057,-0.07905,0.06227,
1686286603186916096,-212.02941,127.04523,1.17185,-0.01758,0.02940,0.00236,0.99941,-2.66431,-0.05868,0.06476,
1686286603286117120,-212.29472,127.03690,1.18177,-0.01821,0.03198,0.00223,0.99932,-2.66464,-0.10835,0.02724,
1686286603385394944,-212.58964,127.02981,1.18277,-0.01853,0.02178,0.00203,0.99959,-3.26371,-0.07938,-0.00938,
1686286603484977408,-212.90805,127.01854,1.17933,-0.01825,0.00518,0.00133,0.99982,-3.12795,-0.04774,-0.09115,
1686286603588073728,-213.23356,127.01079,1.15318,-0.01893,-0.01079,0.00130,0.99976,-3.19947,-0.13735,-0.40770,
1686286603684752384,-213.55313,127.00509,1.11934,-0.02004,-0.02777,0.00238,0.99941,-3.16815,0.14030,-0.19560,
1686286603785200384,-213.85654,127.01548,1.11043,-0.02070,-0.03321,0.00858,0.99920,-2.82386,0.09222,0.05089,
1686286603885387008,-214.14252,127.01713,1.11205,-0.02125,-0.02884,0.01201,0.99929,-2.72253,-0.12851,0.02066,
1686286603985116672,-214.40652,126.99289,1.11078,-0.02193,-0.01911,0.00719,0.99955,-2.45743,-0.27100,-0.03499,
1686286604084615168,-214.66504,126.97986,1.10781,-0.02561,-0.00063,0.00890,0.99963,-2.60306,0.07112,-0.07908,
1686286604185063680,-214.95954,126.98472,1.11282,-0.02903,0.00287,0.01400,0.99948,-3.03024,0.01042,0.11728,
1686286604284929024,-215.25654,126.96562,1.12433,-0.02805,0.00160,0.01158,0.99954,-2.92080,-0.34716,0.00127,
1686286604384604416,-215.54576,126.93240,1.12325,-0.02850,-0.00006,0.00617,0.99957,-2.81035,-0.31301,0.01446,
1686286604485671168,-215.83545,126.91910,1.12598,-0.03244,0.00275,0.00788,0.99944,-2.69684,0.02539,-0.00129,
1686286604585194496,-216.11399,126.91701,1.12842,-0.03471,0.00447,0.01183,0.99932,-2.94889,-0.04649,0.03633,
1686286604684828416,-216.41351,126.89604,1.13369,-0.03213,0.00022,0.00909,0.99944,-2.88286,-0.33564,0.03547,
1686286604785472000,-216.69398,126.86776,1.13345,-0.03243,0.00114,0.00528,0.99946,-2.69081,-0.23343,0.03618,
1686286604884706560,-216.97006,126.85076,1.13746,-0.03468,0.00253,0.00493,0.99938,-2.83340,-0.06875,-0.01725,
1686286604984525056,-217.26482,126.84296,1.13727,-0.03487,-0.00012,0.00802,0.99936,-2.78641,-0.06463,0.03525,
1686286605085079040,-217.53971,126.82807,1.14180,-0.03513,-0.00007,0.00762,0.99935,-2.74325,-0.25006,0.02031,
1686286605184622080,-217.81349,126.80469,1.14213,-0.03667,-0.00117,0.00586,0.99931,-2.74787,-0.21852,-0.01379,
1686286605285196288,-218.09503,126.78475,1.14118,-0.03841,-0.00116,0.00534,0.99925,-2.59383,-0.14757,0.07497,
1686286605385163008,-218.35218,126.77014,1.14447,-0.03917,0.00038,0.00706,0.99921,-2.66140,-0.12137,-0.02054,
1686286605484559360,-218.62758,126.75487,1.14096,-0.03941,-0.00191,0.00806,0.99919,-2.66818,-0.15209,0.00410,
1686286605584866048,-218.89282,126.73755,1.14145,-0.03790,-0.00360,0.00682,0.99925,-2.66314,-0.11922,-0.07963,
1686286605684445952,-219.15238,126.73278,1.13584,-0.03128,-0.00561,0.00510,0.99948,-2.48943,0.10197,0.05675,
1686286605785901824,-219.41265,126.75529,1.14043,-0.02323,-0.00512,0.01039,0.99966,-2.47659,0.23569,-0.01406,
1686286605885385472,-219.65777,126.76249,1.13574,-0.02138,-0.00689,0.01235,0.99967,-2.35931,-0.07688,-0.02029,
1686286605985535232,-219.90390,126.74053,1.13595,-0.02403,-0.00462,0.00972,0.99965,-2.34744,-0.26502,0.01923,
1686286606085017600,-220.13761,126.72194,1.13138,-0.02586,-0.00247,0.00735,0.99964,-2.34823,-0.08719,0.01252,
1686286606185037312,-220.37516,126.71386,1.13519,-0.02638,-0.00082,0.00765,0.99962,-2.38495,-0.04561,0.02031,
1686286606284783872,-220.63094,126.70953,1.13181,-0.02665,-0.00240,0.00968,0.99959,-2.36051,-0.05120,-0.00249,
1686286606384587008,-220.85953,126.69944,1.13714,-0.02714,0.00048,0.00914,0.99959,-2.27066,-0.13544,0.02764,
1686286606484747776,-221.09298,126.68079,1.13598,-0.02773,0.00156,0.00639,0.99959,-2.34308,-0.21289,0.01433,
1686286606584585984,-221.33589,126.66144,1.13604,-0.02913,0.00168,0.00481,0.99956,-2.36216,-0.11554,-0.01283,
1686286606685405952,-221.57359,126.65304,1.13571,-0.03086,-0.00091,0.00570,0.99951,-2.32035,-0.01620,0.00187,
1686286606784736768,-221.80494,126.65090,1.13790,-0.03096,-0.00026,0.00849,0.99948,-2.28546,-0.05119,-0.00955,
1686286606886414336,-222.04260,126.63983,1.13353,-0.03050,-0.00284,0.00783,0.99950,-2.34115,-0.15276,-0.03125,
1686286606984652544,-222.26240,126.62178,1.13685,-0.03084,-0.00402,0.00564,0.99950,-2.24466,-0.20287,-0.01695,
1686286607084998144,-222.50139,126.59942,1.12846,-0.03173,-0.00721,0.00324,0.99947,-2.29975,-0.14291,-0.08335,
1686286607185078272,-222.72262,126.58938,1.12830,-0.03298,-0.00705,0.00380,0.99942,-2.16829,-0.02867,0.03891,
1686286607286119936,-222.94946,126.58157,1.12579,-0.03336,-0.00879,0.00458,0.99939,-2.29368,-0.09190,-0.07882,
1686286607386206208,-223.17501,126.56873,1.12284,-0.03285,-0.00909,0.00376,0.99941,-2.10475,-0.15156,0.03557,
1686286607485406976,-223.39025,126.55229,1.12328,-0.03254,-0.00801,0.00117,0.99944,-2.24323,-0.13561,-0.07239,
1686286607584761856,-223.60848,126.54446,1.11989,-0.03033,-0.00787,0.00035,0.99951,-2.12001,-0.01259,0.01095,
1686286607685082624,-223.82739,126.54285,1.11858,-0.02780,-0.00689,0.00131,0.99959,-2.22937,-0.00015,-0.05596,
1686286607785641216,-224.05640,126.53687,1.11537,-0.02560,-0.00859,0.00052,0.99964,-2.16439,-0.04272,-0.02318,
1686286607884629504,-224.26620,126.54244,1.12065,-0.02242,-0.00687,0.00252,0.99972,-1.93085,0.10822,0.16552,
1686286607986620672,-224.46629,126.55373,1.12918,-0.01653,-0.00079,0.00337,0.99986,-2.04325,0.20110,-0.00192,
1686286608085194752,-224.68254,126.56427,1.12992,-0.00991,0.00041,0.00398,0.99994,-2.04672,0.10702,0.01762,
1686286608186201344,-224.89993,126.57568,1.13201,-0.00325,0.00132,0.00293,0.99999,-2.12959,0.10571,-0.05910,
1686286608285785856,-225.10566,126.58936,1.13040,0.00436,0.00152,0.00105,0.99999,-1.98219,0.21331,0.05751,
1686286608384858112,-225.31126,126.61665,1.13218,0.01272,0.00318,0.00223,0.99991,-2.14341,0.40157,-0.03673,
1686286608484534272,-225.52798,126.65777,1.13235,0.02071,-0.00263,0.00552,0.99977,-2.12165,0.45018,0.03063,
1686286608584505088,-225.74493,126.69318,1.12890,0.03004,-0.00632,0.00667,0.99951,-1.98805,0.29641,-0.02351,
1686286608685256704,-225.95181,126.71496,1.12469,0.03901,-0.00627,0.00307,0.99921,-1.91545,0.22389,0.00631,
1686286608784871168,-226.14987,126.74339,1.12121,0.04631,-0.00391,0.00144,0.99892,-1.96126,0.38561,-0.00612,
1686286608884585984,-226.35054,126.78796,1.12006,0.05397,-0.00405,0.00300,0.99853,-1.91496,0.53879,0.04163,
1686286608984964096,-226.53754,126.83549,1.12373,0.06105,-0.00183,0.00481,0.99812,-1.85401,0.36811,0.00418,
1686286609084728320,-226.73501,126.86668,1.11822,0.06726,-0.00126,0.00153,0.99773,-1.91026,0.34896,-0.02248,
1686286609184674304,-226.92784,126.90386,1.11788,0.07354,-0.00051,-0.00041,0.99729,-1.86961,0.43406,0.01805,
1686286609285430784,-227.11541,126.95792,1.11710,0.08390,0.00051,-0.00118,0.99647,-1.87929,0.67839,-0.03580,
1686286609384701696,-227.30632,127.02475,1.11025,0.09581,-0.00057,-0.00032,0.99540,-1.83808,0.69483,0.01352,
1686286609484549632,-227.49281,127.08891,1.11098,0.10555,0.00023,0.00015,0.99441,-1.84241,0.64371,-0.02211,
1686286609584641536,-227.68350,127.15478,1.10907,0.11590,-0.00072,-0.00039,0.99326,-1.85195,0.69313,0.02321,
1686286609684701696,-227.86947,127.22663,1.11123,0.12715,-0.00002,-0.00036,0.99188,-1.80438,0.83169,0.00387,
1686286609786072064,-228.05695,127.31138,1.11019,0.13880,0.00024,0.00041,0.99032,-1.83556,0.89819,-0.02929,
1686286609885195264,-228.23930,127.39955,1.10911,0.15200,-0.00089,0.00128,0.98838,-1.72566,0.88567,-0.02083,
1686286609984843008,-228.41621,127.48885,1.10747,0.16550,0.00059,0.00079,0.98621,-1.77649,0.93784,-0.02637,
1686286610085140992,-228.59434,127.58893,1.10789,0.17748,-0.00049,0.00223,0.98412,-1.73983,1.04240,0.00855,
1686286610184873472,-228.76793,127.69171,1.10796,0.18866,-0.00121,0.00393,0.98203,-1.69145,1.02680,-0.02124,
1686286610285398272,-228.94178,127.78994,1.10596,0.19832,-0.00257,0.00371,0.98013,-1.71514,0.95295,-0.01712,
1686286610384574208,-229.10949,127.88543,1.10437,0.20749,-0.00297,0.00285,0.97823,-1.63006,1.00277,-0.02597,
1686286610484558592,-229.27764,127.99124,1.10152,0.21782,-0.00414,0.00348,0.97597,-1.60565,1.13604,-0.03159,
1686286610584689664,-229.43774,128.10310,1.10132,0.22759,-0.00327,0.00455,0.97374,-1.52976,1.12407,0.00885,
1686286610684744960,-229.60090,128.21545,1.09965,0.23804,-0.00267,0.00394,0.97124,-1.66565,1.16729,-0.04113,
1686286610784530944,-229.76804,128.33140,1.09933,0.24901,-0.00366,0.00325,0.96849,-1.64543,1.19393,0.01368,
1686286610884496640,-229.93139,128.45345,1.09819,0.25962,-0.00327,0.00276,0.96570,-1.58606,1.32666,-0.03064,
1686286610985327360,-230.09355,128.58931,1.09883,0.27054,-0.00228,0.00429,0.96270,-1.56844,1.36374,0.01602,
1686286611085114368,-230.25708,128.72696,1.09712,0.28241,-0.00212,0.00377,0.95928,-1.66415,1.43114,-0.05957,
1686286611184521216,-230.42691,128.86796,1.09530,0.29398,-0.00367,0.00241,0.95580,-1.66212,1.44447,0.01152,
1686286611284697088,-230.59523,129.01318,1.09482,0.30566,-0.00372,0.00024,0.95213,-1.61674,1.54434,-0.00804,
1686286611384412672,-230.75122,129.17453,1.09529,0.31699,-0.00234,0.00255,0.94842,-1.50222,1.69170,0.01464,
1686286611485557504,-230.90303,129.34733,1.09602,0.32952,-0.00059,0.00523,0.94413,-1.45163,1.77113,-0.02094,
1686286611584508160,-231.05575,129.51707,1.09461,0.34258,-0.00065,0.00542,0.93947,-1.54744,1.65837,0.01356,
1686286611684957952,-231.21227,129.67983,1.09714,0.35528,-0.00041,0.00190,0.93476,-1.57980,1.68731,-0.00401,
1686286611785417728,-231.36947,129.85001,1.09629,0.36678,-0.00169,-0.00098,0.93031,-1.47644,1.79350,0.00776,
1686286611885676288,-231.50994,130.03649,1.09594,0.37786,-0.00094,0.00076,0.92586,-1.31419,1.93494,-0.02658,
1686286611984778240,-231.64567,130.22624,1.09504,0.39002,-0.00106,0.00123,0.92081,-1.30830,1.94074,0.02072,
1686286612086160128,-231.78317,130.41759,1.09514,0.40307,-0.00087,0.00004,0.91517,-1.39135,1.94095,-0.03096,
1686286612184485888,-231.91564,130.61181,1.09451,0.41655,-0.00280,-0.00006,0.90911,-1.18780,2.04021,0.03984,
1686286612284500224,-232.03047,130.81428,1.10045,0.43102,-0.00131,0.00110,0.90234,-1.01836,2.09508,0.00133,
1686286612386706176,-232.14070,131.03386,1.09975,0.44786,-0.00121,0.00278,0.89410,-0.95563,2.18138,0.00499,
1686286612486615808,-232.23592,131.25073,1.10140,0.46450,0.00107,0.00452,0.88556,-0.90792,2.21075,-0.00631,
1686286612585149952,-232.33298,131.46619,1.10227,0.47957,-0.00054,0.00489,0.87749,-0.92402,2.20038,-0.01200,
1686286612684581632,-232.42339,131.67965,1.10512,0.49203,0.00074,0.00536,0.87056,-0.88521,2.14161,0.01089,
1686286612784870144,-232.51917,131.90055,1.10335,0.50093,-0.00015,0.00677,0.86546,-0.93550,2.23696,-0.00017,
1686286612884618240,-232.61077,132.11267,1.10573,0.50783,0.00088,0.00676,0.86143,-0.88977,2.08056,0.04140,
1686286612984988928,-232.70713,132.32997,1.10197,0.51683,-0.00040,0.00528,0.85607,-0.85444,2.27361,-0.07193,
1686286613084912896,-232.78487,132.55379,1.09863,0.52831,-0.00011,0.00618,0.84903,-0.59671,2.23584,0.01453,
1686286613186875904,-232.85748,132.78824,1.09776,0.53935,0.00132,0.00660,0.84205,-0.71972,2.44134,-0.06295,
1686286613287146496,-232.93295,133.03237,1.09354,0.55070,-0.00105,0.00799,0.83467,-0.70619,2.42531,0.00299,
1686286613385239296,-233.00311,133.27059,1.09285,0.56146,-0.00279,0.00709,0.82747,-0.67302,2.49891,-0.02901,
1686286613485518848,-233.05642,133.52014,1.09111,0.57510,-0.00208,0.00697,0.81805,-0.27302,2.52368,0.02702,
1686286613584556032,-233.09322,133.77739,1.08809,0.58795,0.00110,0.00951,0.80884,-0.44914,2.67812,-0.10482,
1686286613684501248,-233.14320,134.04087,1.08498,0.59634,0.00106,0.01060,0.80267,-0.53055,2.58150,0.00858,
1686286613785654272,-233.20654,134.30784,1.08245,0.60026,0.00118,0.01093,0.79973,-0.67473,2.71684,-0.07204,
1686286613887268096,-233.28114,134.58255,1.07941,0.59983,-0.00084,0.01235,0.80003,-0.77146,2.63069,-0.00783,
1686286613984569856,-233.35974,134.83670,1.07352,0.59782,-0.00219,0.01146,0.80154,-0.72468,2.64661,-0.07649,
1686286614087084288,-233.43595,135.10732,1.06976,0.59740,-0.00159,0.01124,0.80186,-0.72877,2.68027,0.00534,
1686286614184555776,-233.50643,135.36881,1.06699,0.59758,-0.00082,0.01136,0.80173,-0.70936,2.77681,-0.07032,
1686286614285339648,-233.57671,135.64782,1.06262,0.59959,-0.00210,0.01139,0.80022,-0.59863,2.74428,-0.00946,
1686286614384643840,-233.63536,135.91671,1.05946,0.60379,-0.00058,0.01137,0.79706,-0.56361,2.81580,-0.05691,
1686286614484580864,-233.69415,136.20130,1.05614,0.60831,-0.00069,0.01144,0.79362,-0.58236,2.91778,-0.04173,
1686286614584579584,-233.75564,136.48870,1.05169,0.61254,-0.00113,0.01141,0.79036,-0.52043,2.90127,-0.05141,
1686286614685718784,-233.81518,136.78304,1.04873,0.61688,-0.00149,0.01049,0.78699,-0.54722,2.89039,-0.00135,
1686286614784680192,-233.86411,137.07182,1.05143,0.62281,-0.00062,0.00872,0.78232,-0.39404,2.98967,-0.01760,
1686286614885375744,-233.90293,137.37425,1.04820,0.63058,0.00033,0.00830,0.77608,-0.32905,3.03404,-0.00895,
1686286614984942080,-233.93839,137.67722,1.04814,0.63826,0.00137,0.00643,0.76979,-0.31823,3.05892,-0.01155,
1686286615085021696,-233.97237,137.98367,1.04713,0.64523,0.00179,0.00480,0.76397,-0.29338,3.13005,-0.01104,
1686286615184835840,-234.00106,138.30655,1.04477,0.65170,0.00041,0.00684,0.75845,-0.22253,3.21264,-0.04257,
1686286615285557504,-234.02652,138.62816,1.04283,0.65557,0.00144,0.00814,0.75509,-0.23875,3.14733,0.00482,
1686286615385022208,-234.06827,138.94617,1.04423,0.65522,0.00172,0.00764,0.75540,-0.55143,3.24452,-0.02821,
1686286615485520384,-234.12198,139.26940,1.04305,0.65338,-0.00096,0.00581,0.75701,-0.50099,3.17428,0.01251,
1686286615584504576,-234.17426,139.58327,1.04248,0.65229,-0.00098,0.00361,0.75796,-0.44672,3.22411,-0.03074,
1686286615684738816,-234.21799,139.91055,1.04130,0.65131,-0.00129,0.00446,0.75880,-0.43992,3.24364,0.01772,
1686286615785035264,-234.27098,140.23552,1.04292,0.65082,-0.00164,0.00306,0.75923,-0.50797,3.28332,-0.04415,
1686286615884784384,-234.32003,140.56521,1.03822,0.65013,-0.00316,0.00335,0.75981,-0.42248,3.33136,-0.03552,
1686286615986532096,-234.36734,140.89994,1.04061,0.64937,-0.00151,0.00454,0.76046,-0.37450,3.28337,0.04036,
1686286616084590336,-234.40447,141.22752,1.03933,0.64920,-0.00015,0.00722,0.76058,-0.40439,3.39355,-0.05778,
1686286616185032192,-234.46107,141.56451,1.03594,0.64961,-0.00214,0.00635,0.76024,-0.54338,3.28783,0.01467,
1686286616285479936,-234.51335,141.89324,1.03663,0.64944,-0.00110,0.00274,0.76041,-0.48592,3.38915,-0.02530,
1686286616384564480,-234.55119,142.23597,1.03493,0.65211,-0.00185,0.00503,0.75811,-0.22527,3.51625,0.00782,
1686286616484500992,-234.57888,142.57876,1.03517,0.65605,-0.00076,0.00546,0.75470,-0.29328,3.37144,-0.01463,
1686286616585141760,-234.61686,142.92677,1.03374,0.66016,-0.00191,0.00346,0.75111,-0.40585,3.51665,-0.03303,
1686286616684542976,-234.65111,143.27317,1.03252,0.66328,-0.00355,0.00189,0.74836,-0.30812,3.47535,0.00491,
1686286616784608000,-234.67794,143.62641,1.03186,0.66606,-0.00385,0.00264,0.74588,-0.17238,3.57429,-0.02560,
1686286616884665856,-234.69749,143.97818,1.03036,0.66946,-0.00359,0.00332,0.74283,-0.18641,3.44815,0.02698,
1686286616984510976,-234.72206,144.32976,1.02920,0.67295,-0.00326,0.00182,0.73968,-0.22962,3.53093,-0.04324,
1686286617084961536,-234.74259,144.68168,1.02769,0.67616,-0.00405,0.00082,0.73675,-0.10755,3.48880,0.02052,
1686286617184836096,-234.75877,145.03660,1.02461,0.67952,-0.00433,0.00099,0.73365,-0.12716,3.60245,-0.07826,
1686286617284448512,-234.77605,145.39320,1.01951,0.68286,-0.00775,0.00020,0.73051,-0.16687,3.49920,0.03167,
1686286617384651776,-234.77902,145.74219,1.02558,0.68815,-0.00505,-0.00187,0.72555,0.16256,3.53293,-0.01080,
1686286617485275136,-234.76086,146.10218,1.02072,0.69593,-0.00434,0.00031,0.71809,0.22926,3.53214,-0.02277,
1686286617586144768,-234.74180,146.46176,1.02039,0.70255,-0.00314,0.00029,0.71163,0.16232,3.47681,-0.01087,
1686286617684786944,-234.72527,146.81672,1.02112,0.70323,-0.00157,0.00388,0.71095,0.02820,3.57139,-0.02222,
1686286617785865984,-234.73216,147.17724,1.02113,0.70157,-0.00300,0.00244,0.71259,-0.06370,3.48127,0.01223,
1686286617885189120,-234.73698,147.52995,1.01895,0.70105,-0.00280,0.00099,0.71310,-0.02712,3.56472,-0.02916,
1686286617984473600,-234.73796,147.88244,1.02100,0.70043,-0.00225,0.00164,0.71371,0.04055,3.53453,0.04745,
1686286618084908032,-234.73496,148.23749,1.02139,0.69931,-0.00123,0.00270,0.71481,0.05386,3.57245,-0.04341,
1686286618185104640,-234.73922,148.59452,1.01971,0.69893,-0.00117,0.00379,0.71518,-0.02953,3.48532,0.01473,
1686286618284886016,-234.74361,148.94767,1.01802,0.69805,-0.00132,0.00335,0.71604,-0.08137,3.60949,-0.05941,
1686286618384878336,-234.75325,149.30942,1.01492,0.69703,-0.00309,0.00455,0.71702,-0.02641,3.52556,0.05298,
1686286618484872448,-234.75755,149.65953,1.01528,0.69601,-0.00203,0.00385,0.71802,-0.06231,3.54656,-0.04483,
1686286618585039104,-234.76431,150.01575,1.01371,0.69548,-0.00154,0.00401,0.71853,-0.06385,3.48534,0.02183,
1686286618684907776,-234.77257,150.36598,1.01309,0.69484,-0.00122,0.00320,0.71915,-0.06449,3.56153,-0.01511,
1686286618784641280,-234.77995,150.72125,1.01318,0.69395,-0.00116,0.00392,0.72001,-0.10275,3.50467,0.01002,
1686286618884807680,-234.79225,151.07589,1.01277,0.69333,-0.00212,0.00310,0.72061,-0.13027,3.55490,-0.01848,
1686286618986468096,-234.80563,151.43284,1.01643,0.69229,-0.00173,0.00120,0.72161,-0.11493,3.49929,0.03014,
1686286619084815616,-234.81356,151.78397,1.01523,0.69087,-0.00160,0.00290,0.72297,-0.06514,3.60514,-0.03433,
1686286619185233664,-234.82117,152.14245,1.01632,0.69027,-0.00082,0.00422,0.72354,-0.07620,3.49857,0.01937,
1686286619284528128,-234.83673,152.49397,1.02001,0.69039,-0.00201,0.00275,0.72343,-0.18912,3.56992,0.01857,
1686286619384820480,-234.85368,152.84914,1.02144,0.68929,-0.00202,0.00197,0.72448,-0.14405,3.48837,0.02479,
1686286619485427968,-234.86361,153.19897,1.02204,0.68779,0.00002,0.00234,0.72591,-0.03961,3.48715,-0.00466,
1686286619584661504,-234.87831,153.55054,1.02489,0.68740,0.00054,0.00243,0.72627,-0.19251,3.52930,0.03058,
1686286619684904960,-234.89736,153.90256,1.02626,0.68721,0.00006,0.00164,0.72646,-0.19188,3.53837,0.00274,
1686286619784898048,-234.91730,154.26154,1.02725,0.68587,-0.00047,0.00130,0.72772,-0.14403,3.54305,0.05866,
1686286619884613632,-234.93114,154.60981,1.03263,0.68465,0.00140,0.00120,0.72887,-0.14065,3.51254,0.02521,
1686286619984556032,-234.95276,154.96551,1.03153,0.68448,0.00037,0.00037,0.72903,-0.23717,3.52250,0.00560,
1686286620084805120,-234.97414,155.31782,1.03512,0.68366,0.00112,-0.00123,0.72980,-0.21344,3.46575,0.04929,
1686286620185345536,-234.99682,155.67451,1.03729,0.68255,0.00075,-0.00156,0.73084,-0.18942,3.62087,0.01109,
1686286620285154304,-235.01489,156.03122,1.03844,0.68174,0.00014,0.00052,0.73160,-0.21630,3.51348,0.03340,
1686286620384506112,-235.04424,156.38209,1.04134,0.68261,-0.00188,-0.00309,0.73078,-0.23472,3.55550,-0.00531,
1686286620486528256,-235.05691,156.74757,1.04074,0.68479,-0.00220,-0.00135,0.72874,-0.02579,3.62578,0.00537,
1686286620585097728,-235.06000,157.09908,1.04076,0.68631,-0.00084,0.00035,0.72731,-0.01657,3.52873,0.02424,
1686286620684683520,-235.06933,157.45812,1.04219,0.68719,-0.00106,0.00096,0.72648,-0.19262,3.57363,0.00745,
1686286620784535040,-235.09006,157.80852,1.04526,0.68781,-0.00193,-0.00186,0.72589,-0.15541,3.45047,0.06113,
1686286620884630016,-235.09966,158.15816,1.04919,0.68791,0.00004,-0.00309,0.72579,-0.03462,3.58160,-0.01593,
1686286620984649728,-235.10091,158.51560,1.05345,0.68883,0.00166,-0.00047,0.72492,0.00169,3.53400,0.07301,
1686286621088248576,-235.10962,158.88164,1.05940,0.69100,0.00122,-0.00127,0.72286,-0.08214,3.61718,-0.01714,
1686286621184715264,-235.11146,159.23457,1.06117,0.69436,-0.00001,0.00048,0.71963,0.09754,3.56753,0.03468,
1686286621285256960,-235.09867,159.59684,1.06178,0.69803,0.00111,0.00126,0.71606,0.16139,3.59768,0.00581,
1686286621385955328,-235.08373,159.96160,1.06331,0.69989,0.00198,0.00476,0.71423,0.03386,3.64280,0.01560,
1686286621484837888,-235.09290,160.31702,1.06438,0.69886,-0.00047,0.00341,0.71525,-0.20767,3.62248,0.00074,
1686286621584901120,-235.10255,160.67789,1.06447,0.69724,-0.00025,0.00284,0.71683,-0.06016,3.59831,0.04112,
1686286621684859648,-235.10869,161.03921,1.06565,0.69632,0.00017,0.00232,0.71773,-0.00270,3.66525,0.00603,
1686286621784551936,-235.11196,161.40577,1.06560,0.69570,0.00100,0.00350,0.71833,-0.07127,3.61171,0.03285,
1686286621885373440,-235.11984,161.77332,1.06822,0.69499,0.00161,0.00267,0.71901,-0.09425,3.68488,0.00644,
1686286621984801280,-235.12724,162.14088,1.06702,0.69390,0.00089,0.00380,0.72006,-0.09722,3.69075,0.00523,
1686286622085395456,-235.13297,162.50736,1.06873,0.69277,0.00177,0.00368,0.72115,-0.06899,3.65432,0.02665,
1686286622184663040,-235.14167,162.87546,1.06824,0.69172,0.00168,0.00462,0.72215,-0.11577,3.72735,-0.00138,
1686286622285146112,-235.15176,163.24389,1.06975,0.69093,0.00237,0.00384,0.72291,-0.10790,3.64819,0.03117,
1686286622384459008,-235.16521,163.61346,1.06921,0.68997,0.00157,0.00393,0.72382,-0.14121,3.79793,-0.02735,
1686286622484695552,-235.17563,163.98933,1.06997,0.68868,0.00119,0.00591,0.72504,-0.09050,3.69497,0.02892,
1686286622584593408,-235.19257,164.36368,1.07062,0.68789,0.00042,0.00543,0.72580,-0.21466,3.70599,0.00025,
1686286622684718848,-235.21137,164.73226,1.07437,0.68688,0.00074,0.00404,0.72676,-0.19068,3.62758,0.03449,
1686286622784634112,-235.22593,165.10978,1.07295,0.68553,0.00201,0.00400,0.72803,-0.06876,3.78402,-0.02128,
1686286622884733440,-235.23751,165.48145,1.07570,0.68490,0.00323,0.00496,0.72861,-0.17472,3.66366,0.06737,
1686286622984451584,-235.25813,165.86041,1.07463,0.68517,0.00170,0.00462,0.72837,-0.22487,3.80105,-0.05599,
1686286623084778496,-235.28116,166.22835,1.07520,0.68409,0.00049,0.00380,0.72938,-0.18656,3.58671,0.06721,
1686286623184585216,-235.29932,166.59319,1.07809,0.68256,0.00200,0.00348,0.73082,-0.15119,3.78973,-0.06185,
1686286623287150080,-235.31873,166.97621,1.07699,0.68240,0.00051,0.00535,0.73096,-0.23307,3.70180,0.03141,
1686286623384786944,-235.33983,167.34013,1.07769,0.68205,0.00049,0.00503,0.73129,-0.22912,3.75255,-0.02735,
1686286623484889600,-235.36372,167.71298,1.07795,0.68103,-0.00051,0.00502,0.73224,-0.15603,3.65602,0.09107,
1686286623584457728,-235.37945,168.07997,1.08254,0.67951,0.00281,0.00516,0.73364,-0.19485,3.70201,-0.05621,
1686286623685259008,-235.40729,168.44820,1.08095,0.67922,0.00106,0.00440,0.73392,-0.30522,3.65958,0.04162,
1686286623785252096,-235.43814,168.81913,1.08462,0.67852,0.00063,0.00230,0.73457,-0.32054,3.71909,-0.01260,
1686286623884569600,-235.46450,169.18747,1.08254,0.67675,-0.00067,0.00443,0.73620,-0.18842,3.73208,0.00362,
1686286623985004288,-235.48836,169.55732,1.08532,0.67587,0.00046,0.00455,0.73701,-0.23672,3.70519,0.01825,
1686286624084624384,-235.51600,169.92945,1.08454,0.67590,-0.00003,0.00523,0.73697,-0.31147,3.74390,-0.01288,
1686286624184571904,-235.54598,170.30298,1.08249,0.67524,-0.00086,0.00529,0.73757,-0.25436,3.64568,0.02269,
1686286624285438720,-235.57157,170.67554,1.08230,0.67386,0.00124,0.00579,0.73884,-0.20296,3.73799,-0.01083,
1686286624386438144,-235.60162,171.04493,1.08280,0.67413,-0.00016,0.00492,0.73860,-0.29480,3.65096,0.05647,
1686286624484957184,-235.62362,171.39829,1.08552,0.67727,0.00186,0.00208,0.73573,-0.13966,3.65157,0.01382,
1686286624585809408,-235.64089,171.77211,1.08618,0.67771,0.00258,0.00271,0.73532,-0.25886,3.68316,0.03282,
1686286624684925184,-235.67089,172.13785,1.08910,0.67549,0.00272,0.00151,0.73736,-0.34860,3.63673,0.02454,
1686286624784727552,-235.70367,172.50719,1.08889,0.67469,0.00126,0.00189,0.73809,-0.31929,3.74980,-0.02244,
1686286624884578048,-235.73425,172.87674,1.08984,0.67453,-0.00004,0.00217,0.73825,-0.27502,3.65650,0.02093,
1686286624984787968,-235.76315,173.25124,1.08985,0.67439,-0.00162,0.00276,0.73837,-0.25715,3.74258,-0.00762,
1686286625084943360,-235.77944,173.61901,1.09066,0.68031,-0.00300,0.00060,0.73292,0.03127,3.64453,0.03318,
1686286625184485632,-235.77026,173.99251,1.08811,0.69050,-0.00208,0.00137,0.72333,0.23746,3.75483,-0.03499,
1686286625284762624,-235.73660,174.36805,1.08896,0.69932,0.00104,0.00329,0.71480,0.38123,3.63283,0.05490,
1686286625387357440,-235.70814,174.74315,1.09344,0.70427,0.00407,0.00428,0.70991,0.06840,3.64208,0.04329,
1686286625485226496,-235.71437,175.10717,1.09313,0.70413,0.00279,0.00155,0.71007,-0.19913,3.70143,-0.01736,
1686286625584598528,-235.72900,175.47591,1.09431,0.70183,0.00105,-0.00062,0.71234,0.00532,3.75267,0.02079,
1686286625686479616,-235.72909,175.85558,1.09786,0.70212,-0.00139,0.00044,0.71205,0.11596,3.78631,0.02909,
1686286625785249536,-235.70582,176.22483,1.09613,0.70900,-0.00132,0.00207,0.70521,0.40074,3.66719,-0.05190,
1686286625889217024,-235.65974,176.60750,1.09657,0.71818,0.00098,0.00410,0.69585,0.54413,3.57160,0.03571,
1686286625984547072,-235.60708,176.95548,1.09846,0.72326,0.00541,0.00738,0.69052,0.50777,3.67609,-0.01386,
1686286626084830976,-235.57149,177.32795,1.09756,0.72421,0.00597,0.01001,0.68948,0.19151,3.70607,0.00269,
1686286626184610560,-235.56647,177.70146,1.09725,0.72281,0.00327,0.00656,0.69101,0.03910,3.67331,0.00951,
1686286626284824576,-235.55217,178.07371,1.09666,0.72112,0.00276,0.00591,0.69278,0.22879,3.72404,-0.02745,
1686286626385024768,-235.52726,178.44984,1.09348,0.72022,0.00405,0.00783,0.69369,0.28916,3.70912,0.02846,
1686286626484914176,-235.50234,178.81768,1.09392,0.72004,0.00515,0.00848,0.69387,0.16850,3.73333,-0.01716,
1686286626585407744,-235.48743,179.19479,1.09078,0.71982,0.00328,0.00734,0.69412,0.13615,3.66620,-0.00064,
1686286626685270528,-235.47109,179.55905,1.09178,0.71859,0.00396,0.00669,0.69539,0.19901,3.68642,-0.02716,
1686286626784813312,-235.44828,179.93021,1.09183,0.71767,0.00534,0.00847,0.69631,0.24035,3.69824,0.02642,
1686286626884660224,-235.42980,180.29722,1.09441,0.71737,0.00599,0.00854,0.69662,0.14297,3.70992,0.00374,
1686286626984921344,-235.41471,180.66641,1.09587,0.71645,0.00781,0.00874,0.69754,0.21006,3.66738,0.01128,
1686286627085079808,-235.39687,181.04136,1.09445,0.71026,0.01202,0.01316,0.70371,-0.04192,3.71274,-0.01300,
1686286627184471296,-235.42224,181.42824,1.09421,0.69833,0.01110,0.01417,0.71555,-0.51322,3.68003,0.02515,
1686286627285541376,-235.48795,181.79977,1.09813,0.68581,0.00600,0.00870,0.72770,-0.68639,3.66818,-0.00994,
1686286627384547584,-235.54419,182.15016,1.09816,0.67950,0.00265,0.00456,0.73365,-0.32774,3.64871,0.01203,
1686286627484785152,-235.56273,182.51704,1.10075,0.67796,0.00504,0.00632,0.73506,-0.10207,3.72751,0.00216,
1686286627584566272,-235.57792,182.89708,1.09906,0.67740,0.00471,0.01010,0.73553,-0.24840,3.76898,-0.04391,
1686286627684634368,-235.61265,183.26700,1.09821,0.67721,0.00230,0.00868,0.73573,-0.39337,3.66828,0.00058,
1686286627785381888,-235.64791,183.64137,1.09808,0.67598,-0.00002,0.00745,0.73688,-0.35248,3.72386,-0.01518,
1686286627884970240,-235.67324,184.00617,1.09874,0.67402,0.00185,0.00825,0.73867,-0.18137,3.64050,0.02290,
1686286627984547072,-235.70123,184.37254,1.09978,0.67309,0.00300,0.00723,0.73952,-0.35461,3.66460,0.01396,
1686286628085959680,-235.73664,184.73886,1.10313,0.67262,0.00384,0.00487,0.73996,-0.37314,3.63652,0.02958,
1686286628185454336,-235.77092,185.10485,1.10495,0.67113,0.00336,0.00411,0.74132,-0.31971,3.67497,0.01528,
1686286628285208576,-235.80009,185.46745,1.11075,0.66971,0.00494,0.00427,0.74260,-0.29072,3.61268,0.05021,
1686286628384397824,-235.83614,185.82714,1.11304,0.66936,0.00340,0.00244,0.74293,-0.46865,3.62397,0.01961,
1686286628485094144,-235.88390,186.19225,1.11501,0.66829,0.00115,-0.00108,0.74390,-0.51847,3.67277,-0.01346,
1686286628585303040,-235.92621,186.56300,1.11453,0.66583,-0.00037,-0.00024,0.74611,-0.25029,3.79729,0.01204,
1686286628685197312,-235.95931,186.93066,1.11825,0.66460,-0.00054,0.00260,0.74720,-0.38984,3.69112,0.03641,
1686286628784612864,-236.00430,187.30088,1.11442,0.66463,-0.00236,0.00292,0.74716,-0.43578,3.66592,-0.06414,
1686286628884884480,-236.04912,187.66722,1.11280,0.66427,-0.00356,0.00131,0.74748,-0.38514,3.47156,0.05888,
1686286628984465664,-236.09126,188.03890,1.11445,0.66200,-0.00181,0.00074,0.74950,-0.37455,3.71706,-0.06022,
1686286629084879872,-236.13094,188.40856,1.11341,0.66092,-0.00244,0.00203,0.75045,-0.38915,3.66376,0.02006,
1686286629184849152,-236.17297,188.77365,1.11665,0.66009,-0.00094,0.00132,0.75119,-0.47758,3.67163,0.01207,
1686286629285003776,-236.22124,189.14299,1.11562,0.65935,-0.00265,0.00157,0.75183,-0.45132,3.67104,0.01018,
1686286629385210112,-236.26408,189.50845,1.11635,0.65781,-0.00208,0.00211,0.75318,-0.40021,3.58710,0.00051,
1686286629485035008,-236.31050,189.87065,1.11680,0.65668,-0.00152,0.00127,0.75417,-0.51114,3.62857,0.02273,
1686286629584788224,-236.36361,190.23076,1.12061,0.65838,-0.00334,-0.00250,0.75267,-0.40646,3.63618,0.00917,
1686286629684633856,-236.39163,190.59830,1.11924,0.66198,-0.00213,-0.00076,0.74952,-0.16440,3.71196,-0.00862,
1686286629784712192,-236.41902,190.97519,1.11836,0.66734,-0.00389,-0.00199,0.74474,-0.21885,3.66854,0.02503,
1686286629884593920,-236.42626,191.34994,1.11945,0.67979,-0.00608,-0.00378,0.73337,0.18960,3.70910,-0.00607,
1686286629984759296,-236.39526,191.73128,1.11830,0.69616,-0.00472,-0.00231,0.71787,0.59252,3.62594,0.04993,
1686286630085047808,-236.32689,192.10025,1.11875,0.70870,0.00348,0.00337,0.70549,0.60820,3.67505,-0.00635,
1686286630185307136,-236.29223,192.46581,1.12256,0.71420,0.00351,0.00439,0.69992,0.14071,3.68063,0.03153,
1686286630284705280,-236.28918,192.82981,1.12515,0.71335,0.00241,0.00278,0.70080,-0.06889,3.68048,-0.00615,
1686286630384747520,-236.29488,193.19497,1.12967,0.71127,0.00128,-0.00011,0.70292,0.13286,3.62619,0.07173,
1686286630484638720,-236.27664,193.56299,1.13166,0.70986,0.00385,0.00303,0.70433,0.18646,3.74347,-0.02043,
1686286630584679936,-236.26935,193.93354,1.13366,0.71004,0.00293,0.00333,0.70415,0.04062,3.61363,0.03150,
1686286630685167360,-236.26925,194.30540,1.13517,0.70940,0.00072,0.00220,0.70481,-0.04177,3.73229,-0.02492,
1686286630785001984,-236.26425,194.67455,1.14127,0.70738,0.00198,0.00320,0.70682,0.17699,3.56989,0.09925,
1686286630884540672,-236.25630,195.03742,1.14332,0.70640,0.00321,0.00278,0.70780,0.03277,3.75134,-0.04740,
1686286630985109248,-236.25898,195.41413,1.14742,0.70673,0.00189,0.00203,0.70748,-0.03112,3.63762,0.09452,
1686286631084841728,-236.25807,195.78024,1.15066,0.70566,0.00152,0.00129,0.70855,0.04779,3.79670,-0.02800,
1686286631184925696,-236.25431,196.16330,1.15283,0.70425,0.00081,0.00363,0.70994,0.04416,3.65878,0.05965,
1686286631284958464,-236.25514,196.53101,1.15461,0.70389,0.00072,0.00242,0.71031,-0.01567,3.69311,-0.01118,
1686286631384412416,-236.25299,196.90611,1.15600,0.70173,0.00132,0.00373,0.71243,-0.07026,3.66217,0.05819,
1686286631485251584,-236.26746,197.27157,1.16171,0.69782,0.00101,0.00163,0.71627,-0.13860,3.71180,-0.00242,
1686286631584767232,-236.27136,197.63387,1.16380,0.69691,0.00083,0.00290,0.71715,-0.06028,3.70822,0.01593,
1686286631686352128,-236.27723,198.00831,1.16709,0.69661,0.00133,0.00271,0.71744,-0.00933,3.67332,0.05700,
1686286631785167360,-236.27723,198.36823,1.17090,0.69252,0.00460,0.00631,0.72135,-0.20307,3.68477,0.02572,
1686286631884755712,-236.31080,198.73287,1.17509,0.68712,0.00166,0.00316,0.72653,-0.37565,3.59706,0.05631,
1686286631984580352,-236.34108,199.08918,1.17522,0.68578,0.00121,0.00023,0.72781,-0.19014,3.63853,0.00083,
1686286632084880384,-236.35920,199.46269,1.17589,0.68496,0.00118,0.00126,0.72857,-0.14021,3.68152,0.02097,
1686286632185889536,-236.37464,199.83386,1.17677,0.68370,0.00151,0.00243,0.72976,-0.17320,3.71586,0.01613,
1686286632284548352,-236.39535,200.20202,1.17843,0.68284,0.00014,0.00264,0.73056,-0.24426,3.65334,0.05470,
1686286632384603904,-236.41983,200.56722,1.18163,0.68212,-0.00030,0.00100,0.73124,-0.23773,3.65328,0.00203,
1686286632485197824,-236.44292,200.93827,1.18225,0.68095,0.00033,0.00095,0.73233,-0.20916,3.63139,0.03186,
1686286632585286656,-236.46470,201.30157,1.18668,0.68001,0.00094,0.00108,0.73320,-0.21274,3.71408,0.02608,
1686286632684921600,-236.48985,201.66991,1.18916,0.67916,-0.00004,0.00145,0.73399,-0.24395,3.65237,0.03506,
1686286632784787712,-236.51290,202.03487,1.19097,0.67815,0.00127,0.00153,0.73492,-0.21307,3.64787,0.02061,
1686286632884722432,-236.53765,202.40216,1.19363,0.67744,0.00212,0.00133,0.73557,-0.22786,3.63622,0.05363,
1686286632984853248,-236.56150,202.76774,1.19703,0.67656,0.00263,0.00174,0.73638,-0.24918,3.68468,0.02213,
1686286633085723648,-236.59100,203.14137,1.19862,0.67534,0.00269,0.00173,0.73750,-0.26300,3.61444,0.04784,
1686286633186824704,-236.62363,203.50699,1.20265,0.67491,0.00246,0.00022,0.73789,-0.30598,3.66648,0.00711,
1686286633284601088,-236.64851,203.86926,1.20456,0.67616,0.00225,0.00016,0.73675,-0.14751,3.63938,0.06407,
1686286633384830720,-236.66918,204.23576,1.20855,0.67528,0.00405,0.00123,0.73754,-0.31144,3.70367,0.01350,
1686286633484647424,-236.70559,204.60842,1.20712,0.67394,0.00258,0.00153,0.73878,-0.31124,3.67052,0.02035,
1686286633584687872,-236.73855,204.97644,1.20997,0.67329,0.00111,0.00121,0.73938,-0.35846,3.69417,-0.01846,
1686286633684870400,-236.77488,205.35416,1.20899,0.67345,-0.00113,0.00152,0.73923,-0.24672,3.69471,0.02231,
1686286633784628480,-236.79628,205.71803,1.21129,0.67662,-0.00208,0.00090,0.73633,-0.14846,3.69934,-0.01534,
1686286633885239808,-236.80515,206.09348,1.20937,0.68205,-0.00146,0.00193,0.73130,-0.00375,3.70240,0.01287,
1686286633984578048,-236.80490,206.45802,1.20988,0.68737,0.00004,0.00185,0.72630,0.05374,3.61302,0.01935,
1686286634084822016,-236.79755,206.83206,1.21040,0.68919,0.00373,0.00548,0.72455,-0.06049,3.68154,-0.00507,
1686286634186196736,-236.81795,207.20665,1.21080,0.68823,0.00198,0.00381,0.72548,-0.27406,3.64876,0.00356,
1686286634284568064,-236.84116,207.56788,1.21183,0.68676,0.00115,0.00232,0.72688,-0.25124,3.73485,-0.01853,
1686286634384918272,-236.85985,207.94269,1.21170,0.68504,0.00040,0.00344,0.72850,-0.15022,3.72178,0.00999,
1686286634484667904,-236.87428,208.31171,1.21415,0.68408,0.00047,0.00477,0.72939,-0.14915,3.70174,0.00419,
1686286634584655872,-236.89477,208.68238,1.21628,0.68458,0.00058,0.00403,0.72893,-0.20674,3.60760,0.02938,
1686286634685064960,-236.91821,209.04948,1.21679,0.68443,0.00054,0.00269,0.72908,-0.22926,3.65624,0.00647,
1686286634784634112,-236.93537,209.42487,1.22025,0.68297,0.00204,0.00402,0.73043,-0.01690,3.72558,0.01699,
1686286634884532992,-236.94584,209.79146,1.22293,0.68213,0.00374,0.00558,0.73120,-0.16210,3.64114,0.04744,
1686286634985631744,-236.96912,210.16264,1.22686,0.68212,0.00394,0.00434,0.73122,-0.29496,3.67703,-0.00446,
1686286635084608512,-236.99494,210.52436,1.22750,0.68109,0.00324,0.00317,0.73219,-0.21880,3.59636,0.06181,
1686286635184513024,-237.01736,210.89300,1.23408,0.67923,0.00534,0.00331,0.73390,-0.17981,3.70693,0.01375,
1686286635284874752,-237.04067,211.26242,1.23609,0.67882,0.00411,0.00427,0.73428,-0.25977,3.67627,0.04263,
1686286635384485376,-237.07222,211.63092,1.24017,0.67859,0.00358,0.00211,0.73451,-0.33582,3.66653,0.01296,
1686286635485025536,-237.10181,211.99979,1.23783,0.67955,0.00046,0.00083,0.73363,-0.15356,3.68554,0.03904,
1686286635584599296,-237.11178,212.36205,1.24456,0.68171,0.00256,0.00187,0.73162,-0.10388,3.66160,0.02309,
1686286635684922624,-237.12183,212.73089,1.24584,0.68249,0.00399,0.00387,0.73087,-0.16962,3.70174,0.01208,
1686286635784647936,-237.14714,213.09809,1.24979,0.68153,0.00276,0.00270,0.73178,-0.27215,3.67666,0.02150,
1686286635884662528,-237.16867,213.47275,1.25070,0.68046,0.00184,0.00517,0.73277,-0.21544,3.69439,0.01026,
1686286635986973440,-237.19531,213.84396,1.25315,0.68001,0.00134,0.00376,0.73319,-0.23832,3.61157,0.01628,
1686286636084685056,-237.21735,214.20080,1.25282,0.67938,0.00202,0.00391,0.73378,-0.20501,3.67093,0.01533,
1686286636184615680,-237.23671,214.56921,1.25611,0.67881,0.00363,0.00412,0.73429,-0.16829,3.65951,0.03254,
1686286636285032960,-237.25648,214.93605,1.25797,0.67896,0.00283,0.00553,0.73415,-0.23796,3.67760,0.00834,
1686286636384741888,-237.28132,215.30162,1.26118,0.67930,0.00283,0.00438,0.73385,-0.22170,3.57402,0.04319,
1686286636484574720,-237.30581,215.66341,1.25891,0.67911,0.00312,0.00393,0.73402,-0.21806,3.62006,-0.00857,
1686286636584838912,-237.32570,216.02750,1.25850,0.67881,0.00407,0.00492,0.73429,-0.18398,3.62494,0.03366,
1686286636684660736,-237.34411,216.38901,1.26094,0.68061,0.00279,0.00459,0.73262,-0.13542,3.62624,0.00963,
1686286636784509952,-237.35434,216.74745,1.26125,0.68398,0.00386,0.00435,0.72948,-0.07643,3.58172,0.02800,
1686286636885380352,-237.36431,217.11078,1.26243,0.68859,0.00258,0.00267,0.72514,-0.00386,3.57998,0.00840,
1686286636984727296,-237.35488,217.46934,1.26541,0.69382,0.00427,0.00330,0.72013,0.17234,3.58450,0.02348,
1686286637084741632,-237.33602,217.83300,1.26656,0.70001,0.00430,0.00479,0.71411,0.20998,3.61030,0.01057,
1686286637184577280,-237.31703,218.19103,1.27210,0.70471,0.00599,0.00506,0.70946,0.11740,3.56209,0.03865,
1686286637284726016,-237.30347,218.55050,1.27532,0.70906,0.00448,0.00371,0.70513,0.21715,3.58283,0.00567,
1686286637385416448,-237.27225,218.91471,1.27712,0.71633,0.00419,0.00363,0.69774,0.51075,3.52406,0.02471,
1686286637485085184,-237.21243,219.26564,1.27836,0.72442,0.00864,0.00752,0.68926,0.58735,3.54901,0.00515,
1686286637584491776,-237.16964,219.61813,1.27922,0.72661,0.00954,0.00900,0.68693,0.21294,3.54277,0.04146,
1686286637684940032,-237.15283,219.96948,1.28276,0.72481,0.00895,0.00687,0.68886,0.11219,3.55069,0.02878,
1686286637784582144,-237.13683,220.32351,1.28461,0.72370,0.00789,0.00516,0.69005,0.18507,3.55110,0.04197,
1686286637885138432,-237.11758,220.67746,1.28620,0.72351,0.00841,0.00395,0.69025,0.24030,3.59124,0.02173,
1686286637984521472,-237.09649,221.03348,1.29028,0.72298,0.00844,0.00326,0.69081,0.21766,3.55743,0.05566,
1686286638084978944,-237.08039,221.39542,1.29419,0.72229,0.00807,0.00294,0.69154,0.18334,3.67809,0.00505,
1686286638185348096,-237.06572,221.75395,1.29595,0.72181,0.00650,0.00217,0.69206,0.12749,3.54624,0.05319,
1686286638284494848,-237.04328,222.11156,1.29960,0.71882,0.00815,0.00323,0.69514,0.03816,3.70183,-0.02050,
1686286638384723200,-237.05124,222.48083,1.30059,0.70998,0.00635,0.00434,0.70418,-0.30898,3.59341,0.06176,
1686286638484622592,-237.08439,222.83588,1.30565,0.70138,0.00287,0.00006,0.71278,-0.22988,3.62953,0.00512,
1686286638584698880,-237.10459,223.17894,1.30831,0.69950,0.00254,-0.00035,0.71463,0.04102,3.54492,0.07118,
1686286638684641792,-237.10202,223.53170,1.31494,0.69930,0.00583,0.00028,0.71480,0.03134,3.63390,-0.01922,
1686286638784460288,-237.10379,223.89678,1.31624,0.69842,0.00552,0.00118,0.71567,-0.04858,3.56692,0.10038,
1686286638885016320,-237.11257,224.25865,1.32589,0.69688,0.00584,0.00032,0.71716,-0.08491,3.65877,0.00341,
1686286638984800256,-237.12127,224.62257,1.32708,0.69594,0.00468,0.00081,0.71809,-0.10129,3.58722,0.07012,
1686286639084607488,-237.12999,224.97601,1.33346,0.69523,0.00524,-0.00121,0.71876,-0.15911,3.60487,0.05473,
1686286639185109504,-237.14586,225.34195,1.33952,0.69416,0.00354,-0.00298,0.71981,-0.11194,3.64625,0.01496,
1686286639284432384,-237.15367,225.70618,1.33869,0.69255,0.00247,-0.00147,0.72137,-0.12710,3.60527,0.01124,
1686286639384725760,-237.16642,226.07116,1.33776,0.69177,0.00203,-0.00089,0.72211,-0.12080,3.59171,0.05097,
1686286639484863744,-237.18223,226.43950,1.34346,0.69154,0.00093,-0.00172,0.72233,-0.13338,3.61736,0.01537,
1686286639584559872,-237.19460,226.79926,1.34661,0.69035,0.00109,-0.00151,0.72347,-0.10501,3.58443,0.08816,
1686286639685056000,-237.20455,227.16209,1.35427,0.68911,0.00396,-0.00400,0.72464,-0.13151,3.62781,0.04881,
1686286639784808960,-237.22022,227.52458,1.35948,0.68850,0.00329,-0.00328,0.72522,-0.18027,3.68590,0.03507,
1686286639885149696,-237.23237,227.88222,1.36168,0.68752,0.00350,-0.00429,0.72614,-0.15687,3.56017,0.07162,
1686286639984548352,-237.24984,228.24625,1.36714,0.68639,0.00147,-0.00358,0.72723,-0.23731,3.73959,-0.01847,
1686286640084711424,-237.27240,228.61217,1.37144,0.68516,0.00162,-0.00375,0.72838,-0.16142,3.49677,0.11289,
1686286640184631808,-237.28423,228.97596,1.37700,0.68412,0.00405,-0.00228,0.72935,-0.01953,3.70012,-0.00648,
1686286640285746688,-237.29717,229.34885,1.38437,0.68384,0.00500,-0.00094,0.72961,-0.12807,3.52927,0.11215,
1686286640384948480,-237.31615,229.70659,1.39283,0.68332,0.00549,-0.00117,0.73010,-0.30280,3.70501,0.00256,
1686286640484808960,-237.34007,230.07000,1.40080,0.68196,0.00446,-0.00220,0.73137,-0.23136,3.55601,0.14338,
1686286640586434816,-237.36459,230.43255,1.41029,0.68004,0.00515,-0.00401,0.73314,-0.23410,3.68914,0.00936,
1686286640684605952,-237.38773,230.78693,1.42030,0.67872,0.00468,-0.00296,0.73438,-0.24353,3.52541,0.13339,
1686286640785312512,-237.42375,231.14280,1.42906,0.67929,0.00259,-0.00658,0.73383,-0.32403,3.66021,-0.00992,
1686286640884547072,-237.44644,231.50570,1.43410,0.68320,0.00039,-0.00633,0.73021,0.00628,3.57307,0.14134,
1686286640984616192,-237.44239,231.86809,1.44406,0.68441,0.00565,-0.00342,0.72906,-0.08495,3.69335,0.02553,
1686286641084929536,-237.46082,232.24685,1.44503,0.68321,0.00245,-0.00135,0.73022,-0.31086,3.65332,0.06000,
1686286641184845056,-237.48932,232.60688,1.45613,0.68254,0.00175,-0.00311,0.73084,-0.31630,3.59686,0.04606,
1686286641284963584,-237.51705,232.97581,1.45698,0.68148,-0.00063,-0.00274,0.73183,-0.21671,3.68413,0.02768,
1686286641385234176,-237.53902,233.33346,1.46198,0.68155,-0.00055,-0.00296,0.73176,-0.10410,3.61231,0.05817,
1686286641485011200,-237.55210,233.69525,1.46100,0.68553,-0.00211,-0.00305,0.72804,-0.05866,3.64790,0.03721,
1686286641584557312,-237.55467,234.05144,1.46911,0.69152,-0.00163,-0.00471,0.72234,0.01068,3.57961,0.05435,
1686286641685005568,-237.54756,234.42812,1.46667,0.69650,-0.00223,-0.00414,0.71754,0.10021,3.64578,0.03007,
1686286641785150464,-237.52878,234.79230,1.47475,0.69937,0.00170,-0.00333,0.71475,0.10642,3.61721,0.09545,
1686286641885045760,-237.52983,235.16139,1.47593,0.69920,-0.00025,-0.00233,0.71492,-0.18453,3.70560,0.00989,
1686286641984545280,-237.54805,235.51509,1.48278,0.69832,-0.00075,-0.00703,0.71575,-0.14935,3.49518,0.12549,
1686286642085460480,-237.55788,235.88175,1.48735,0.69691,-0.00083,-0.00759,0.71712,-0.00713,3.76134,-0.01495,
1686286642185543424,-237.55895,236.24775,1.49138,0.69591,0.00052,-0.00526,0.71811,-0.01261,3.55684,0.12714,
1686286642285260544,-237.56699,236.60963,1.49693,0.69554,-0.00020,-0.00533,0.71847,-0.17932,3.70441,-0.02059,
1686286642387128064,-237.58275,236.97453,1.50305,0.69495,-0.00209,-0.00718,0.71902,-0.17009,3.48086,0.12380,
1686286642484742144,-237.59792,237.32577,1.51043,0.69392,-0.00289,-0.00988,0.71998,-0.07342,3.68377,0.00244,
1686286642584513536,-237.59482,237.68576,1.51644,0.69662,-0.00111,-0.00929,0.71738,0.22665,3.48901,0.16173,
1686286642684919808,-237.58187,238.04774,1.52512,0.69902,0.00228,-0.00772,0.71506,-0.12284,3.71206,-0.01057,
1686286642786475264,-237.60407,238.42886,1.52911,0.69805,-0.00262,-0.01110,0.71596,-0.26045,3.52411,0.13010,
1686286642884566016,-237.62212,238.78407,1.53988,0.69591,-0.00382,-0.01353,0.71799,-0.14675,3.71923,0.00787,
1686286642984908288,-237.63007,239.14657,1.54601,0.69432,-0.00433,-0.01236,0.71955,-0.02102,3.52540,0.16670,
1686286643084847104,-237.64021,239.50014,1.55565,0.69438,-0.00289,-0.01420,0.71946,-0.16728,3.59106,0.04632,
1686286643184756224,-237.65731,239.85741,1.56328,0.69385,-0.00380,-0.01641,0.71992,-0.15249,3.48168,0.15105,
1686286643284990720,-237.66959,240.21398,1.57176,0.69239,-0.00256,-0.01794,0.72129,-0.11374,3.60109,0.04798,
1686286643384890368,-237.67929,240.56934,1.58058,0.69127,-0.00187,-0.01751,0.72238,-0.11602,3.52953,0.14850,
1686286643484713216,-237.69270,240.93036,1.59223,0.69094,-0.00124,-0.01855,0.72267,-0.13450,3.60137,0.07778,
1686286643584462848,-237.70707,241.28799,1.60061,0.69029,-0.00221,-0.01776,0.72331,-0.11458,3.55793,0.10773,
1686286643687595008,-237.71728,241.66104,1.60962,0.69126,-0.00160,-0.01808,0.72237,-0.01771,3.55640,0.07410,
1686286643784623360,-237.71876,242.01283,1.61776,0.69220,-0.00100,-0.01621,0.72152,-0.05083,3.61376,0.10349,
1686286643884567040,-237.72883,242.37883,1.62719,0.69085,-0.00015,-0.01538,0.72283,-0.11239,3.57153,0.10463,
1686286643985599488,-237.73825,242.73933,1.63851,0.68920,0.00126,-0.01369,0.72444,-0.14040,3.60393,0.08220,
1686286644084471040,-237.75858,243.10327,1.64605,0.68852,0.00099,-0.01430,0.72508,-0.15486,3.55788,0.09702,
1686286644184719360,-237.77295,243.46199,1.65345,0.68725,0.00196,-0.01370,0.72629,-0.16113,3.56727,0.09248,
1686286644284957696,-237.78353,243.82769,1.66499,0.68574,0.00321,-0.01249,0.72773,-0.13014,3.59198,0.10170,
1686286644384486912,-237.79830,244.17697,1.67740,0.68457,0.00441,-0.01220,0.72883,-0.18681,3.53978,0.10501,
1686286644484763136,-237.81551,244.53837,1.68614,0.68348,0.00521,-0.01129,0.72986,-0.16308,3.64525,0.06854,
1686286644584932352,-237.83361,244.89433,1.69590,0.68282,0.00553,-0.01037,0.73049,-0.16703,3.50052,0.14531,
1686286644687318528,-237.85047,245.26551,1.70827,0.68233,0.00668,-0.00937,0.73095,-0.17897,3.64997,0.06750,
1686286644784698368,-237.86954,245.61335,1.71835,0.68150,0.00696,-0.00923,0.73172,-0.21083,3.44225,0.15631,
1686286644884630272,-237.88824,245.97185,1.72798,0.68051,0.00881,-0.00995,0.73261,-0.23014,3.66441,0.03874,
1686286644986618624,-237.90949,246.33507,1.73783,0.67917,0.00862,-0.00908,0.73387,-0.19658,3.51885,0.17924,
1686286645085587200,-237.93052,246.69330,1.74780,0.67804,0.00962,-0.00852,0.73491,-0.26927,3.62327,0.05983,
1686286645184652800,-237.95867,247.04445,1.75832,0.67793,0.00842,-0.00931,0.73502,-0.25994,3.40592,0.22330,
1686286645284957184,-237.98103,247.38824,1.77941,0.67740,0.01427,-0.01418,0.73534,-0.21132,3.35596,0.20563,
1686286645384484608,-238.00155,247.73758,1.78920,0.67612,0.01616,-0.01367,0.73649,-0.21103,3.82659,-0.09808,
1686286645484663808,-238.02887,248.12030,1.79034,0.67565,0.01019,-0.00862,0.73710,-0.35060,3.65855,0.11144,
1686286645584784384,-238.05909,248.49414,1.80027,0.67524,0.00573,-0.00485,0.73756,-0.30682,3.76510,0.00792,
1686286645684558592,-238.08776,248.88448,1.79707,0.67395,0.00024,0.00198,0.73877,-0.22283,3.55800,0.00188,
1686286645784590592,-238.11091,249.22825,1.79991,0.67285,0.00475,0.00026,0.73977,-0.25001,3.47918,0.03965,
1686286645885325824,-238.15071,249.60241,1.79757,0.67342,0.00136,-0.00177,0.73926,-0.37021,3.74942,-0.00028,
1686286645984706816,-238.17158,249.96319,1.80156,0.67732,0.00055,-0.00186,0.73569,-0.00879,3.61508,0.02977,
1686286646086534144,-238.17145,250.33591,1.80124,0.67985,0.00419,0.00179,0.73334,-0.14724,3.68400,-0.01220,
1686286646184673280,-238.19450,250.69412,1.80529,0.67888,0.00302,0.00245,0.73424,-0.33643,3.62848,0.03432,
1686286646284540416,-238.22894,251.06178,1.80397,0.67759,0.00077,0.00101,0.73544,-0.29104,3.64415,0.01875,
1686286646386155008,-238.25672,251.42420,1.80733,0.67653,0.00189,-0.00051,0.73642,-0.27383,3.61552,-0.00066,
1686286646484682496,-238.28064,251.78942,1.80866,0.67603,0.00149,0.00082,0.73687,-0.22377,3.65171,0.01891,
1686286646585344768,-238.30802,252.15114,1.81331,0.67537,0.00164,0.00021,0.73748,-0.30554,3.59094,0.01410,
1686286646685022976,-238.33980,252.52402,1.81323,0.67456,0.00081,0.00026,0.73822,-0.33923,3.63655,0.00243,
1686286646785358592,-238.37491,252.88186,1.81748,0.67357,-0.00024,-0.00183,0.73912,-0.32294,3.61080,0.03681,
1686286646885238528,-238.40558,253.24610,1.82237,0.67226,-0.00013,-0.00144,0.74031,-0.28742,3.58929,0.02162,
1686286646985182464,-238.43695,253.60632,1.82415,0.67214,-0.00104,-0.00201,0.74042,-0.27869,3.59100,0.00083,
1686286647085062656,-238.46679,253.97815,1.82621,0.67433,-0.00192,-0.00256,0.73842,-0.24026,3.57171,0.01549,
1686286647185293312,-238.48747,254.33593,1.82764,0.67855,-0.00341,-0.00337,0.73454,-0.04059,3.61967,-0.00147,
1686286647286298880,-238.48286,254.70165,1.82657,0.68643,-0.00419,-0.00109,0.72719,0.27013,3.46312,0.03707,
1686286647385376768,-238.45306,255.06085,1.82967,0.69646,0.00110,0.00151,0.71760,0.35937,3.38061,0.01313,
1686286647485360384,-238.42989,255.42400,1.82727,0.70277,0.00121,0.00337,0.71141,0.05421,3.48675,-0.05611,
1686286647584845568,-238.42808,255.77275,1.82588,0.70457,-0.00157,0.00255,0.70963,0.01453,3.38177,0.02509,
1686286647684605184,-238.42073,256.12273,1.82520,0.70544,-0.00264,0.00353,0.70875,0.08837,3.39548,-0.03150,
1686286647785757696,-238.40791,256.45669,1.82519,0.70813,-0.00267,0.00331,0.70607,0.23918,3.20128,0.01291,
1686286647885056512,-238.38517,256.79205,1.82233,0.71270,-0.00131,0.00359,0.70146,0.24977,3.24619,-0.02603,
1686286647985494528,-238.35901,257.11172,1.82308,0.71641,-0.00015,0.00344,0.69767,0.28277,3.17181,0.02449,
1686286648086150144,-238.33494,257.43767,1.82268,0.71756,0.00018,0.00436,0.69648,0.13054,3.19096,-0.01252,
1686286648186183680,-238.32854,257.74355,1.82385,0.71585,-0.00090,0.00259,0.69825,0.02078,3.03879,0.01656,
1686286648285286144,-238.32267,258.05268,1.82208,0.71468,-0.00089,0.00200,0.69945,0.12914,3.09561,-0.04799,
1686286648387087104,-238.30735,258.36332,1.82028,0.71374,-0.00087,0.00299,0.70040,0.16032,3.04106,0.03835,
1686286648484826624,-238.29454,258.67095,1.82100,0.71133,0.00153,0.00612,0.70283,-0.02113,3.13368,-0.04952,
1686286648584454912,-238.30821,258.97970,1.82100,0.70502,-0.00064,0.00540,0.70916,-0.29130,2.99843,0.05843,
1686286648684935680,-238.33673,259.30139,1.82069,0.69830,-0.00150,0.00285,0.71580,-0.22737,3.02520,-0.06259,
1686286648784604928,-238.34893,259.61014,1.82040,0.69305,-0.00184,0.00163,0.72088,-0.12575,2.96835,0.05817,
1686286648884544256,-238.36536,259.91306,1.82299,0.69182,-0.00001,0.00156,0.72207,0.02067,3.10503,-0.04205,
1686286648984731904,-238.36995,260.23485,1.82064,0.69161,-0.00013,0.00324,0.72226,-0.05819,3.05026,0.04554,
1686286649085135104,-238.37687,260.54215,1.82370,0.68857,0.00265,0.00440,0.72515,-0.25529,3.09132,-0.03258,
1686286649186435584,-238.41363,260.87255,1.82112,0.68253,-0.00099,0.00310,0.73085,-0.39694,3.08153,0.01856,
1686286649284787200,-238.44779,261.17816,1.82404,0.67624,-0.00037,0.00304,0.73667,-0.31586,3.12209,-0.00822,
1686286649385040384,-238.48290,261.49980,1.82133,0.66951,-0.00100,0.00464,0.74279,-0.45774,3.13430,-0.00770,
1686286649485047040,-238.53248,261.81448,1.82413,0.66202,-0.00065,0.00401,0.74948,-0.52454,3.07440,0.02666,
1686286649584658688,-238.58535,262.13264,1.82307,0.65447,-0.00000,0.00513,0.75607,-0.56112,3.16345,-0.02236,
1686286649684565760,-238.65327,262.44220,1.82565,0.64446,0.00065,0.00438,0.76463,-0.77284,2.99295,0.03960,
1686286649784926720,-238.73516,262.76173,1.82383,0.63416,0.00031,0.00510,0.77319,-0.82224,3.17463,-0.08391,
1686286649885005056,-238.82396,263.08309,1.82091,0.62313,-0.00013,0.00758,0.78208,-0.83547,3.02312,0.06585,
1686286649984631808,-238.91956,263.39288,1.82264,0.60995,0.00300,0.00871,0.79239,-1.10936,3.09464,-0.04686,
1686286650085352448,-239.04319,263.70233,1.82059,0.59537,0.00096,0.00897,0.80340,-1.30228,2.93009,0.04174,
1686286650185047040,-239.18064,263.99599,1.81950,0.58004,0.00162,0.00635,0.81456,-1.39194,2.89596,-0.04410,
1686286650285225216,-239.32214,264.29535,1.81688,0.56488,0.00164,0.00744,0.82514,-1.34200,2.97953,0.00799,
1686286650384923392,-239.46543,264.59183,1.81788,0.55100,0.00317,0.00969,0.83445,-1.49326,2.93210,-0.00793,
1686286650485413888,-239.63087,264.88097,1.81912,0.53709,0.00249,0.00817,0.84348,-1.75708,2.80446,0.02951,
1686286650584459264,-239.81273,265.15318,1.82017,0.52643,-0.00067,0.00186,0.85022,-1.72688,2.80795,-0.00068,
1686286650684545024,-239.97266,265.44299,1.82177,0.52184,0.00056,0.00071,0.85305,-1.32123,3.04122,0.01407,
1686286650784816896,-240.10835,265.75498,1.82400,0.52096,0.00389,0.00520,0.85355,-1.33750,3.09985,-0.00095,
1686286650885172480,-240.25291,266.07032,1.82958,0.52059,0.00467,0.00788,0.85376,-1.52170,3.11345,0.00494,
1686286650984925184,-240.41458,266.37070,1.82694,0.52130,0.00194,0.00413,0.85336,-1.68312,2.99423,0.03806,
1686286651085065216,-240.57539,266.68472,1.82294,0.52466,-0.00096,0.00194,0.85131,-1.25538,3.22707,-0.03934,
1686286651184611584,-240.68448,267.01304,1.82305,0.53059,0.00413,0.00927,0.84757,-0.97050,3.23335,0.08743,
1686286651284650240,-240.80329,267.33647,1.82996,0.53319,0.00948,0.01164,0.84586,-1.53675,3.19305,-0.03556,
1686286651384740096,-240.97168,267.65649,1.82291,0.53316,0.00308,0.00769,0.84597,-1.71140,3.08542,-0.02188,
1686286651485263360,-241.13470,267.96107,1.82653,0.53036,0.00268,0.00225,0.84777,-1.45407,2.96714,0.07608,
1686286651585739008,-241.27946,268.28386,1.82415,0.52747,0.00357,0.00532,0.84955,-1.40968,3.34288,-0.07941,
1686286651684713728,-241.42177,268.60189,1.82668,0.52783,0.00464,0.00655,0.84931,-1.39906,3.06457,0.07147,
1686286651784893696,-241.57904,268.91607,1.82822,0.52848,0.00441,0.00343,0.84893,-1.65005,3.18316,-0.02281,
1686286651884920064,-241.74537,269.24399,1.83392,0.52685,0.00135,0.00251,0.84996,-1.51599,3.20708,0.02017,
1686286651984759296,-241.89728,269.56344,1.83862,0.52469,0.00170,0.00304,0.85129,-1.51732,3.32089,0.01134,
1686286652086142208,-242.05090,269.89283,1.83825,0.52406,0.00194,0.00449,0.85167,-1.51854,3.19531,0.03666,
1686286652184950272,-242.20836,270.21023,1.84205,0.52284,0.00156,0.00415,0.85242,-1.65149,3.09401,0.01857,
1686286652285145344,-242.37905,270.52584,1.84236,0.51731,0.00117,0.00277,0.85579,-1.78743,3.06794,0.01931,
1686286652386339072,-242.55612,270.83371,1.84434,0.50956,0.00227,0.00131,0.86043,-1.75378,3.09936,0.02701,
1686286652484433408,-242.73679,271.13107,1.84446,0.50291,0.00170,0.00092,0.86433,-1.83603,3.05636,0.00760,
1686286652584851200,-242.92576,271.43093,1.84702,0.49766,-0.00018,0.00026,0.86737,-1.82874,3.02280,0.02077,
1686286652684593152,-243.10466,271.73070,1.84920,0.49301,0.00032,0.00180,0.87002,-1.76266,2.99124,0.05266,
1686286652786114560,-243.28625,272.02095,1.85579,0.48552,0.00270,0.00188,0.87422,-1.93047,2.86953,0.01506,
1686286652884558848,-243.48974,272.30281,1.85502,0.47637,0.00063,0.00114,0.87924,-2.08224,2.73909,0.02668,
1686286652985728512,-243.69845,272.57610,1.85815,0.46515,0.00073,0.00041,0.88523,-2.07607,2.62254,-0.01030,
1686286653085564928,-243.91452,272.84117,1.85808,0.45380,-0.00045,-0.00015,0.89111,-2.10389,2.54996,0.09804,
1686286653186393344,-244.11739,273.08929,1.86971,0.44620,0.00388,-0.00359,0.89492,-1.94981,2.52638,0.09650,
1686286653284712960,-244.32654,273.34052,1.87201,0.44047,0.00447,-0.00503,0.89774,-2.14314,2.54679,-0.00493,
1686286653384769792,-244.52806,273.59852,1.87981,0.43395,0.00696,-0.00251,0.90091,-1.96779,2.49011,0.08693,
1686286653484538368,-244.74399,273.84744,1.88473,0.42720,0.00498,-0.00364,0.90414,-2.26028,2.48583,0.02006,
1686286653584694272,-244.96377,274.08879,1.88965,0.42365,0.00248,-0.00588,0.90580,-2.04564,2.41329,0.07881,
1686286653684605184,-245.16790,274.33636,1.89140,0.42249,0.00346,-0.00507,0.90635,-2.00759,2.58119,-0.01368,
1686286653784992512,-245.37020,274.59533,1.89466,0.42113,0.00340,-0.00202,0.90699,-1.99118,2.51601,0.08526,
1686286653885129216,-245.57609,274.84703,1.89642,0.42059,0.00277,-0.00152,0.90725,-2.10998,2.52036,0.00664,
1686286653984741632,-245.78702,275.09580,1.89752,0.41960,0.00332,-0.00217,0.90770,-2.10393,2.46095,0.06169,
1686286654085505536,-245.99671,275.35179,1.90092,0.41941,0.00409,-0.00227,0.90779,-2.06766,2.65221,0.00257,
1686286654184853760,-246.20772,275.62083,1.90495,0.41963,0.00434,0.00093,0.90769,-2.05965,2.71264,0.03574,
1686286654285507072,-246.42363,275.89497,1.90412,0.41923,0.00276,0.00409,0.90787,-2.17959,2.65511,-0.00114,
1686286654384493824,-246.64328,276.15422,1.90441,0.41819,0.00353,0.00276,0.90835,-2.17404,2.54356,0.05372,
1686286654484669696,-246.87176,276.42254,1.90530,0.41721,0.00292,0.00266,0.90880,-2.32409,2.74727,-0.06043,
1686286654584813824,-247.10170,276.69161,1.90326,0.41637,0.00173,0.00184,0.90919,-2.22876,2.59934,0.06042,
1686286654684985600,-247.33749,276.97154,1.90579,0.41528,0.00130,0.00281,0.90969,-2.32540,2.87955,-0.11062,
1686286654784785920,-247.57425,277.25724,1.90322,0.41485,-0.00137,0.00552,0.90987,-2.33358,2.76105,0.05792,
1686286654884568576,-247.81238,277.53372,1.90638,0.41485,-0.00150,0.00426,0.90988,-2.39033,2.81569,-0.03171,
1686286654986505984,-248.05978,277.82669,1.90185,0.41419,-0.00359,0.00600,0.91016,-2.37367,2.83311,-0.04210,
1686286655084594432,-248.29601,278.10968,1.89581,0.41268,-0.00400,0.00745,0.91084,-2.37344,2.82259,-0.05019,
1686286655184778496,-248.54326,278.39582,1.89022,0.41256,-0.00577,0.00705,0.91089,-2.50127,2.86805,-0.06609,
1686286655284584192,-248.79051,278.68281,1.88416,0.41123,-0.00729,0.00765,0.91147,-2.37905,2.81382,0.00998,
1686286655384403456,-249.02885,278.95090,1.88548,0.41015,-0.00493,0.00406,0.91200,-2.33687,2.50391,0.18896,
1686286655485153536,-249.26216,279.20291,1.90187,0.41140,0.00433,-0.00568,0.91143,-2.23163,2.57462,0.02664,
1686286655584562176,-249.49335,279.48197,1.89663,0.41819,0.00429,-0.00966,0.90830,-2.29122,3.08993,-0.10680,
1686286655685224192,-249.71666,279.79609,1.89984,0.43056,0.00182,-0.00821,0.90252,-2.05414,3.26969,0.11353,
1686286655784967680,-249.92941,280.13163,1.90523,0.44573,-0.00393,-0.00427,0.89515,-1.96129,3.29435,-0.04604,
1686286655885358592,-250.11198,280.45779,1.89723,0.46045,-0.00349,-0.00288,0.88767,-1.64326,3.13876,0.04549,
1686286655984796416,-250.27850,280.77768,1.90194,0.46965,0.00190,-0.00046,0.88285,-1.78114,3.18242,-0.01150,
1686286656084605184,-250.47274,281.10030,1.90407,0.47080,0.00067,0.00177,0.88224,-2.14881,3.10480,0.00847,
1686286656184585984,-250.68949,281.41312,1.90150,0.46948,-0.00133,0.00108,0.88294,-2.07908,3.08206,-0.05640,
1686286656285160448,-250.89531,281.72662,1.89970,0.46826,-0.00228,0.00195,0.88359,-2.02794,3.10607,0.02978,
1686286656384619008,-251.10865,282.03979,1.90242,0.46881,-0.00476,0.00110,0.88329,-2.02866,3.14597,-0.05030,
1686286656484525312,-251.29741,282.36061,1.89569,0.47421,-0.00488,0.00261,0.88039,-1.64112,3.22044,0.02795,
1686286656584784640,-251.47318,282.68825,1.89899,0.48234,0.00038,0.00247,0.87598,-1.71233,3.24691,0.00980,
1686286656684754432,-251.66044,283.02582,1.90076,0.49069,-0.00099,0.00177,0.87133,-1.83350,3.30871,-0.01956,
1686286656784559616,-251.84569,283.36171,1.89772,0.49740,-0.00272,0.00045,0.86752,-1.64097,3.23507,0.04049,
1686286656884673536,-252.00766,283.69541,1.89925,0.50323,-0.00021,0.00112,0.86415,-1.61950,3.36962,-0.05581,
1686286656984466688,-252.17412,284.02925,1.89810,0.51086,-0.00229,-0.00066,0.85966,-1.52377,3.22505,0.10156,
1686286657085473024,-252.31557,284.35981,1.90379,0.51806,0.00166,0.00042,0.85534,-1.33905,3.37837,-0.05552,
1686286657184601344,-252.46394,284.69750,1.89620,0.52475,-0.00168,0.00144,0.85125,-1.39575,3.22845,-0.01618,
1686286657284934144,-252.60612,285.02035,1.90189,0.53228,-0.00017,-0.00077,0.84657,-1.35119,3.07980,0.15644,
1686286657385252096,-252.74482,285.33893,1.90935,0.54011,0.00041,-0.00569,0.84157,-1.18455,3.30668,-0.06224,
1686286657484480512,-252.85760,285.67174,1.90655,0.54612,0.00192,-0.00172,0.83771,-1.02408,3.15017,0.12375,
1686286657585116928,-252.96091,285.98197,1.92363,0.55445,0.00795,-0.00545,0.83216,-1.01794,3.08875,0.12444,
1686286657684854528,-253.08554,286.31277,1.92315,0.56336,0.00218,-0.00717,0.82618,-1.27221,3.37790,-0.09453,
1686286657784862976,-253.19376,286.63696,1.92497,0.56963,0.00123,-0.00690,0.82187,-0.81012,3.08057,0.09184,
1686286657884952064,-253.28510,286.96862,1.93020,0.57481,0.00176,-0.00488,0.81827,-0.92785,3.41740,-0.04940,
1686286657984629504,-253.37855,287.30610,1.93146,0.58167,-0.00218,-0.00057,0.81342,-0.84139,3.16163,0.04563,
1686286658084620032,-253.46643,287.62487,1.93195,0.58924,-0.00215,-0.00291,0.80795,-0.83689,3.26160,-0.01265,
1686286658186479360,-253.54528,287.96201,1.93472,0.59611,-0.00151,-0.00199,0.80290,-0.61621,3.26838,0.06704,
1686286658285115904,-253.60897,288.28977,1.94037,0.60255,0.00097,0.00039,0.79808,-0.59661,3.30498,-0.01597,
1686286658384542720,-253.66937,288.62166,1.93779,0.60996,0.00032,0.00286,0.79243,-0.55223,3.21665,0.00253,
1686286658484604928,-253.72800,288.95327,1.94017,0.61753,0.00166,0.00274,0.78654,-0.55001,3.36558,-0.03247,
1686286658584784384,-253.78724,289.29795,1.93778,0.62483,-0.00126,0.00348,0.78075,-0.49148,3.40522,0.05027,
1686286658685154560,-253.82701,289.63314,1.94203,0.63043,0.00175,0.00561,0.77622,-0.39154,3.29366,-0.02842,
1686286658784801280,-253.87733,289.97388,1.93628,0.63684,0.00010,0.00461,0.77098,-0.35026,3.38475,-0.01591,
1686286658885203712,-253.91669,290.30648,1.93954,0.64268,0.00237,0.00298,0.76613,-0.44962,3.29210,0.07980,
1686286658984628992,-253.95625,290.64957,1.94295,0.64627,0.00515,0.00297,0.76308,-0.40003,3.48062,-0.03676,
1686286659085207552,-254.00013,291.00162,1.94342,0.64999,0.00375,0.00260,0.75993,-0.32497,3.36227,0.03723,
1686286659184794112,-254.03495,291.35110,1.94268,0.65498,0.00239,0.00332,0.75563,-0.36162,3.53506,-0.02314,
1686286659284647936,-254.06894,291.70260,1.94370,0.66000,0.00140,0.00278,0.75126,-0.23130,3.47238,0.02637,
1686286659384577536,-254.09131,292.05217,1.94353,0.66415,0.00157,0.00277,0.74759,-0.19515,3.56949,-0.01872,
1686286659484663040,-254.11085,292.40692,1.94638,0.66864,0.00224,0.00346,0.74357,-0.07867,3.44752,0.05709,
1686286659584802304,-254.12316,292.76424,1.94548,0.67263,0.00229,0.00568,0.73995,-0.21383,3.65397,-0.09603,
1686286659685562624,-254.15757,293.11677,1.94807,0.67318,0.00038,0.00366,0.73947,-0.42881,3.35908,0.14605,
1686286659784524800,-254.19195,293.45307,1.95264,0.67117,0.00113,0.00045,0.74130,-0.25800,3.58874,-0.10331,
1686286659884787200,-254.22302,293.81963,1.94541,0.66993,-0.00075,0.00453,0.74241,-0.15866,3.39485,0.06683,
1686286659984877056,-254.24260,294.16257,1.95227,0.66956,0.00430,0.00499,0.74273,-0.30558,3.50213,0.00826,
1686286660084680448,-254.28244,294.52892,1.94819,0.67012,-0.00048,0.00629,0.74222,-0.37739,3.58807,-0.02006,
1686286660185183488,-254.31977,294.86711,1.95388,0.66848,0.00040,0.00149,0.74372,-0.36461,3.34948,0.11233,
1686286660285436160,-254.35423,295.21596,1.95642,0.66678,0.00231,0.00106,0.74525,-0.37135,3.55733,-0.03035,
1686286660384462336,-254.39322,295.55348,1.96054,0.66606,0.00203,-0.00165,0.74589,-0.35890,3.34759,0.12088,
1686286660485528832,-254.43213,295.90562,1.96789,0.66583,0.00288,-0.00262,0.74609,-0.44448,3.68328,-0.07784,
1686286660584596224,-254.47525,296.25711,1.96403,0.66524,-0.00246,-0.00206,0.74662,-0.27464,3.33176,0.13846,
1686286660685488384,-254.50116,296.59937,1.97614,0.66771,0.00062,-0.00423,0.74441,-0.14361,3.45642,-0.00180,
1686286660784833280,-254.50832,296.96312,1.97430,0.67205,0.00042,0.00113,0.74051,-0.09363,3.53038,0.00836,
1686286660884510464,-254.53091,297.29775,1.97800,0.67447,0.00179,-0.00302,0.73829,-0.29464,3.32855,0.07494,
1686286660984535808,-254.55970,297.66134,1.97958,0.67237,0.00013,-0.00003,0.74021,-0.31591,3.60675,-0.05431,
1686286661086324480,-254.58911,298.00721,1.98220,0.67042,0.00054,0.00020,0.74198,-0.23884,3.30501,0.11503,
1686286661184519424,-254.62250,298.35108,1.98658,0.67082,0.00123,-0.00028,0.74162,-0.34151,3.65394,-0.09177,
1686286661284544000,-254.65578,298.69791,1.98466,0.67013,-0.00074,0.00048,0.74225,-0.27624,3.36443,0.08927,
1686286661384634880,-254.68829,299.04894,1.98703,0.66915,0.00015,0.00076,0.74313,-0.20286,3.49163,-0.04540,
1686286661485082880,-254.70054,299.39673,1.98626,0.67295,0.00068,0.00352,0.73968,0.00978,3.39252,0.05410,
1686286661584947712,-254.71255,299.74688,1.98754,0.67790,0.00258,0.00257,0.73515,-0.16032,3.50932,-0.03740,
1686286661684590592,-254.72363,300.09509,1.98256,0.68242,0.00006,0.00277,0.73096,-0.04637,3.44407,0.01578,
1686286661786050304,-254.72008,300.44888,1.98687,0.68601,0.00256,0.00402,0.72757,0.12420,3.36935,0.04615,
1686286661884865280,-254.71464,300.78336,1.98698,0.69098,0.00261,0.00478,0.72286,0.05996,3.42000,-0.03832,
1686286661984736256,-254.71395,301.12538,1.98641,0.69704,0.00095,0.00163,0.71703,0.01554,3.24517,0.03810,
1686286662084449280,-254.69596,301.45981,1.99034,0.70505,0.00086,-0.00137,0.70916,0.32296,3.41708,-0.05258,
1686286662184926464,-254.65069,301.82014,1.99142,0.71676,-0.00132,0.00226,0.69731,0.70141,3.24694,0.09758,
1686286662284989952,-254.57794,302.15311,1.99807,0.73152,0.00283,0.00214,0.68181,0.85479,3.18107,-0.06072,
1686286662384565504,-254.49798,302.48288,1.99459,0.74642,0.00171,0.00300,0.66547,0.83141,3.17569,0.05271,
1686286662484715264,-254.41181,302.79781,1.99917,0.75806,0.00368,0.00285,0.65217,0.92637,3.17746,-0.00572,
1686286662585244928,-254.32502,303.12555,1.99971,0.76738,0.00171,0.00411,0.64118,0.88689,3.12123,0.05724,
1686286662684922624,-254.23506,303.42337,2.00281,0.77343,0.00563,0.00358,0.63385,0.79775,2.97575,0.01229,
1686286662784712192,-254.16918,303.74343,1.99928,0.77479,0.00235,0.00278,0.63221,0.47891,3.22366,-0.04282,
1686286662885370624,-254.11690,304.05710,2.00034,0.77278,0.00110,0.00096,0.63467,0.66325,2.96786,0.12402,
1686286662986132480,-254.05452,304.36285,2.00551,0.77221,0.00132,-0.00155,0.63536,0.78229,3.12046,-0.05548,
1686286663086671104,-253.97383,304.68634,2.00108,0.77678,0.00010,0.00087,0.62977,0.87571,3.01006,-0.01177,
1686286663184571648,-253.89345,304.98801,2.00046,0.78322,-0.00108,-0.00098,0.62174,0.87544,3.01905,0.02719,
1686286663284609024,-253.79911,305.29581,2.00715,0.78683,-0.00020,-0.00138,0.61717,0.98684,3.06318,0.03974,
1686286663384517120,-253.69342,305.60282,2.00767,0.79004,0.00046,0.00081,0.61306,1.09989,2.97091,0.02501,
1686286663485156096,-253.58842,305.90011,2.00929,0.79484,0.00354,-0.00096,0.60681,0.99504,2.89482,0.02567,
1686286663584683264,-253.48099,306.19891,2.01285,0.79966,0.00455,-0.00117,0.60044,1.13139,3.10545,-0.01722,
1686286663684554240,-253.36850,306.51171,2.01405,0.80158,0.00362,0.00284,0.59787,1.09382,3.01441,0.02445,
1686286663786509312,-253.24936,306.82037,2.01527,0.80283,0.00646,0.00626,0.59613,1.17879,3.04471,0.02021,
1686286663884609536,-253.14539,307.10912,2.02143,0.80574,0.00598,0.00484,0.59221,1.04368,2.96125,0.06111,
1686286663984528384,-253.04357,307.41263,2.01952,0.80897,0.00250,0.00174,0.58784,0.99662,3.06063,-0.06584,
1686286664086229248,-252.92761,307.71860,2.02137,0.81244,0.00199,0.00047,0.58304,1.36857,2.84881,0.09559,
1686286664184653824,-252.79768,308.00169,2.02770,0.81746,0.00490,-0.00186,0.57597,1.41931,3.04505,0.00343,
1686286664285506560,-252.66001,308.31131,2.02768,0.82417,0.00178,0.00088,0.56634,1.31985,2.95797,0.03725,
1686286664384487424,-252.52751,308.59848,2.02862,0.83168,-0.00136,-0.00141,0.55526,1.50260,2.78321,-0.04005,
1686286664484535552,-252.37040,308.88512,2.02855,0.83823,-0.00118,-0.00075,0.54532,1.63546,2.87294,0.04783,
1686286664585405184,-252.19894,309.17151,2.03338,0.84489,-0.00003,0.00159,0.53493,1.80900,2.79696,0.01909,
1686286664684989440,-252.03430,309.44872,2.03395,0.85113,-0.00115,0.00087,0.52496,1.56998,2.67309,0.06244,
1686286664784730368,-251.87315,309.71701,2.03728,0.85558,0.00060,-0.00200,0.51767,1.60854,2.70962,-0.00153,
1686286664884513024,-251.70454,309.99118,2.04122,0.85911,0.00219,-0.00215,0.51178,1.72996,2.63744,0.12088,
1686286664984985344,-251.53982,310.26638,2.04849,0.85928,0.00502,-0.00310,0.51148,1.57648,2.92091,-0.04994,
1686286665085540864,-251.38263,310.56270,2.04592,0.85839,0.00240,-0.00057,0.51299,1.52298,2.76581,0.08977,
1686286665184418560,-251.23510,310.84000,2.05046,0.85779,0.00191,-0.00252,0.51399,1.52304,2.82042,-0.03431,
1686286665284592384,-251.07280,311.13064,2.04887,0.85740,0.00096,0.00037,0.51465,1.65187,2.88057,0.06587,
1686286665385003520,-250.91597,311.40444,2.05668,0.85690,0.00293,0.00031,0.51548,1.58617,2.74633,0.00149,
1686286665484646912,-250.75651,311.69293,2.05091,0.85643,0.00248,0.00188,0.51626,1.54097,2.87057,-0.02766,
1686286665584961280,-250.61248,311.98066,2.05218,0.85617,-0.00071,0.00076,0.51670,1.39013,2.88611,-0.02197,
1686286665684795648,-250.45753,312.27905,2.04702,0.85512,-0.00180,0.00185,0.51842,1.65135,2.98632,-0.02954,
1686286665785150208,-250.29110,312.57250,2.04703,0.85411,-0.00045,0.00471,0.52007,1.75834,2.98835,-0.02392,
1686286665885091328,-250.12948,312.87326,2.04156,0.85415,-0.00136,0.00570,0.52000,1.53223,2.97530,0.01027,
1686286665986765568,-249.97100,313.18001,2.03882,0.85419,-0.00199,0.00482,0.51993,1.52646,2.98051,-0.06043,
1686286666084606720,-249.81259,313.47763,2.03498,0.85323,-0.00150,0.00506,0.52150,1.69670,3.02205,0.00951,
1686286666185052160,-249.65315,313.78034,2.03875,0.85326,-0.00101,0.00217,0.52148,1.67239,3.15461,0.01051,
1686286666284557312,-249.48009,314.09171,2.03725,0.85474,-0.00121,0.00364,0.51905,1.77670,2.94502,0.02828,
1686286666384794112,-249.30062,314.39566,2.03750,0.85582,0.00084,0.00378,0.51725,1.89606,3.01414,-0.12840,
1686286666484657152,-249.12018,314.71388,2.03205,0.85752,0.00053,0.00743,0.51439,1.69252,3.19600,0.07910,
1686286666584881152,-248.95272,315.01756,2.03712,0.85918,0.00001,0.00373,0.51167,1.71789,3.12648,0.00225,
1686286666685216512,-248.77318,315.33636,2.03277,0.85954,-0.00174,0.00414,0.51105,1.88988,3.12943,-0.10730,
1686286666785151232,-248.58237,315.63936,2.02646,0.85963,0.00142,0.00683,0.51087,1.79642,2.94244,0.08408,
1686286666885419008,-248.40739,315.94336,2.03583,0.86211,0.00075,0.00307,0.50670,1.81574,3.04194,0.01023,
1686286666984637696,-248.21905,316.24678,2.03341,0.86664,-0.00149,0.00251,0.49892,2.03733,2.90455,0.03673,
1686286667084888064,-248.01321,316.52493,2.03909,0.87130,0.00448,-0.00167,0.49073,2.08301,2.76754,0.00430,
1686286667184604928,-247.79644,316.82459,2.03385,0.87597,0.00209,0.00025,0.48236,2.18892,3.02408,-0.06410,
1686286667284642304,-247.57616,317.12117,2.03246,0.88015,0.00071,0.00380,0.47468,2.16365,2.83007,0.00862,
1686286667386814976,-247.34821,317.41930,2.02524,0.88392,-0.00101,0.00566,0.46761,2.28213,2.94020,-0.05419,
1686286667485606144,-247.12264,317.69847,2.02362,0.88698,0.00142,0.00651,0.46175,2.24245,2.76159,-0.00992,
1686286667584600320,-246.90051,317.98745,2.01627,0.88751,0.00255,0.00835,0.46070,2.09861,3.02248,-0.07656,
1686286667685702656,-246.69935,318.29207,2.02020,0.88680,-0.00119,0.00622,0.46210,1.95492,2.89477,0.06207,
1686286667785209088,-246.49421,318.58470,2.01790,0.88590,-0.00088,0.00418,0.46386,2.15219,2.96200,-0.04024,
1686286667884589056,-246.28549,318.87651,2.01992,0.88525,0.00176,0.00137,0.46511,2.05075,2.80642,0.12394,
1686286667984682752,-246.07960,319.16926,2.02339,0.88512,0.00245,-0.00206,0.46534,2.16328,3.12910,-0.12791,
1686286668084538112,-245.86803,319.48421,2.02054,0.88471,-0.00090,0.00054,0.46614,2.09963,2.99243,0.08560,
1686286668185044736,-245.64799,319.78235,2.02684,0.88370,0.00207,0.00156,0.46804,2.23488,3.02880,-0.04536,
1686286668284564480,-245.42937,320.09376,2.02166,0.88357,0.00089,0.00524,0.46827,2.10231,3.03528,0.02493,
1686286668384826368,-245.22802,320.39604,2.02551,0.88295,0.00037,0.00240,0.46946,1.99309,3.08461,-0.00295,
1686286668486521344,-245.01273,320.71420,2.01902,0.88019,-0.00001,0.00440,0.47461,1.99334,3.01349,0.01263,
1686286668585010432,-244.82067,321.00157,2.02401,0.87815,0.00270,0.00301,0.47837,2.03697,2.91264,-0.02369,
1686286668685425408,-244.62252,321.31453,2.01840,0.87788,0.00123,0.00392,0.47885,1.90131,3.11479,0.01192,
1686286668784797952,-244.43621,321.61543,2.02038,0.87693,0.00024,0.00196,0.48061,1.97282,3.05509,-0.03644,
1686286668884999680,-244.22542,321.92449,2.01667,0.87483,0.00231,0.00650,0.48438,2.07787,2.99180,0.00946,
1686286668984682496,-244.04063,322.21567,2.01781,0.87135,0.00503,0.00630,0.49059,1.64999,3.03441,0.01425,
1686286669084908032,-243.88344,322.52884,2.01087,0.86703,0.00087,0.00481,0.49824,1.48906,3.13559,-0.06094,
1686286669184457216,-243.74087,322.84082,2.00993,0.86030,0.00019,0.00342,0.50977,1.35097,3.08525,0.00679,
1686286669286605312,-243.59477,323.16035,2.00724,0.85270,0.00069,0.00400,0.52238,1.49938,3.02376,-0.02793,
1686286669384904192,-243.45961,323.46063,2.00781,0.84664,0.00170,0.00556,0.53214,1.20067,3.11614,0.00245,
1686286669485174016,-243.33957,323.77490,2.00772,0.84027,0.00038,0.00331,0.54216,1.08243,3.11676,0.00485,
1686286669584542976,-243.22080,324.08359,2.00822,0.83362,0.00084,0.00311,0.55234,1.25759,3.10687,-0.00385,
1686286669684619264,-243.10346,324.39367,2.01400,0.82639,0.00327,0.00359,0.56308,1.03535,3.09606,0.04969,
1686286669784670464,-243.00637,324.71385,2.01125,0.81961,0.00100,0.00355,0.57292,0.89906,3.19747,-0.07216,
1686286669885193472,-242.92063,325.02409,2.01403,0.81522,-0.00215,-0.00023,0.57914,0.89959,2.94755,0.08705,
1686286669984876800,-242.81170,325.32206,2.01709,0.81387,0.00124,-0.00160,0.58104,1.27025,3.10277,-0.03287,
1686286670084729344,-242.68999,325.63566,2.01745,0.81379,0.00193,0.00053,0.58116,1.17415,3.00523,0.10124,
1686286670184696576,-242.57395,325.93412,2.02622,0.81417,0.00489,-0.00202,0.58060,1.20019,3.10244,-0.03220,
1686286670285441280,-242.44446,326.25645,2.02041,0.81883,0.00113,0.00019,0.57403,1.41867,3.02473,0.04008,
1686286670384815360,-242.30599,326.56052,2.03006,0.82147,0.00488,-0.00076,0.57023,1.23808,3.04180,0.05656,
1686286670484574464,-242.17681,326.88634,2.03126,0.81999,0.00413,0.00004,0.57236,1.17415,3.32920,0.05433,
1686286670584638208,-242.06209,327.20573,2.03653,0.81850,0.00328,-0.00194,0.57450,1.21970,3.09270,-0.00726,
1686286670685345024,-241.93230,327.53613,2.03128,0.81856,0.00330,0.00141,0.57441,1.26174,3.27183,-0.03084,
1686286670784527872,-241.81137,327.86473,2.03680,0.81878,0.00197,0.00119,0.57410,1.18068,3.20002,0.08710,
1686286670885226752,-241.69522,328.19701,2.04146,0.81798,-0.00054,-0.00034,0.57524,1.19456,3.34319,0.02188,
1686286670984839936,-241.57379,328.52250,2.04518,0.81651,0.00154,-0.00230,0.57732,1.19981,3.12381,0.04675,
1686286671085357824,-241.45073,328.85502,2.04685,0.81581,0.00278,-0.00367,0.57830,1.26143,3.38737,-0.00759,
1686286671184715264,-241.32339,329.19550,2.05378,0.81596,0.00246,-0.00169,0.57810,1.30024,3.42385,0.05362,
1686286671284504320,-241.19245,329.54129,2.05414,0.81352,0.00352,0.00289,0.58152,1.16824,3.49530,0.00251,
1686286671384839424,-241.08760,329.89273,2.05299,0.80837,0.00110,0.00237,0.58868,0.86326,3.39193,0.04577,
1686286671486426368,-240.98938,330.23947,2.05530,0.80328,0.00113,0.00211,0.59560,0.99158,3.41024,-0.01110,
1686286671584493056,-240.89186,330.58257,2.05782,0.79866,0.00209,0.00256,0.60178,0.96500,3.37581,0.04907,
1686286671684501504,-240.79682,330.92400,2.06247,0.79321,0.00546,0.00362,0.60891,0.80921,3.44987,0.03116,
1686286671786822656,-240.72745,331.28096,2.06343,0.78717,0.00226,0.00184,0.61673,0.59165,3.48685,0.00513,
1686286671884748288,-240.66770,331.62438,2.06642,0.78069,0.00102,0.00087,0.62491,0.59423,3.44385,0.04173,
1686286671984843776,-240.60949,331.96402,2.07073,0.77597,-0.00028,-0.00182,0.63077,0.71482,3.42194,0.02034,
1686286672084975872,-240.53156,332.30864,2.07284,0.77478,0.00006,0.00020,0.63223,0.85445,3.43920,0.00193,
1686286672186412032,-240.44852,332.65568,2.07497,0.77460,0.00115,0.00124,0.63245,0.78376,3.32510,0.08743,
1686286672285310720,-240.37356,332.99003,2.08198,0.77422,0.00168,0.00070,0.63291,0.73632,3.46863,-0.01083,
1686286672384570112,-240.30052,333.32486,2.08363,0.77338,0.00055,0.00184,0.63394,0.70414,3.30562,0.07418,
1686286672485542656,-240.22869,333.65707,2.08824,0.77236,0.00234,0.00058,0.63518,0.73741,3.32372,-0.01168,
1686286672585240832,-240.16248,333.99678,2.08966,0.77150,0.00025,0.00132,0.63623,0.64074,3.26069,0.07690,
1686286672685180928,-240.09357,334.31727,2.09695,0.77034,0.00306,0.00081,0.63763,0.66781,3.21450,0.04514,
1686286672784879360,-240.03363,334.64944,2.09740,0.76580,0.00360,0.00217,0.64306,0.39005,3.30563,0.03457,
1686286672884681472,-240.00083,334.96918,2.10337,0.76093,0.00136,-0.00136,0.64883,0.37205,3.20690,0.02768,
1686286672984871424,-239.96013,335.30045,2.10457,0.75786,-0.00019,-0.00146,0.65241,0.45725,3.25932,0.02697,
1686286673084904192,-239.91310,335.62546,2.11015,0.75480,0.00023,-0.00033,0.65595,0.52362,3.15157,0.05664,
1686286673184607488,-239.86447,335.94161,2.11270,0.75226,0.00145,0.00129,0.65886,0.41701,3.21210,0.00950,
1686286673284953344,-239.82659,336.26731,2.11610,0.74857,0.00169,0.00163,0.66305,0.25139,3.13574,0.05603,
1686286673386765568,-239.80153,336.59425,2.11555,0.74051,0.00175,0.00244,0.67204,0.01094,3.20972,-0.02217,
1686286673484593664,-239.81127,336.91519,2.11530,0.72948,-0.00104,0.00117,0.68400,-0.20437,3.12398,0.05399,
1686286673585224192,-239.82821,337.22552,2.11752,0.72201,-0.00278,-0.00275,0.69187,0.04526,3.13954,0.00853,
1686286673684510976,-239.81974,337.53848,2.11766,0.71890,-0.00242,-0.00198,0.69511,0.19180,3.14612,0.04031,
1686286673784486144,-239.79467,337.85757,2.11903,0.71828,0.00037,0.00020,0.69575,0.28072,3.14249,-0.00888,
1686286673884846592,-239.77949,338.17382,2.12097,0.71862,0.00027,0.00016,0.69540,0.07278,3.13358,0.05053,
1686286673984891136,-239.77005,338.49279,2.12309,0.71770,-0.00055,-0.00059,0.69635,0.06265,3.15458,0.02442,
1686286674084496384,-239.76235,338.80314,2.12724,0.71631,-0.00053,-0.00194,0.69778,0.12302,3.13238,0.04928,
1686286674185047296,-239.74838,339.12420,2.12907,0.71485,0.00077,-0.00054,0.69928,0.11561,3.17253,-0.01149,
1686286674284817920,-239.73962,339.44176,2.12816,0.71266,0.00048,0.00170,0.70151,-0.00937,3.11707,0.00638,
1686286674386722048,-239.74744,339.76622,2.13292,0.71010,-0.00183,-0.00059,0.70410,-0.11865,3.12502,0.04413,
1686286674485997568,-239.75281,340.07558,2.13612,0.70889,-0.00311,-0.00221,0.70531,0.07005,3.16940,0.04208,
1686286674584846080,-239.74037,340.38157,2.14260,0.70801,0.00016,-0.00153,0.70620,0.16453,3.06438,0.03386,
1686286674685390848,-239.73055,340.69857,2.13875,0.70719,0.00123,-0.00005,0.70703,0.01934,3.14139,-0.01277,
1686286674784696576,-239.73294,341.01419,2.14371,0.70720,-0.00033,-0.00137,0.70701,-0.05978,3.11646,0.05625,
1686286674886380032,-239.73340,341.33487,2.14497,0.70624,-0.00115,-0.00156,0.70797,0.04379,3.27463,-0.02253,
1686286674984904704,-239.72826,341.65583,2.14476,0.70496,-0.00134,0.00116,0.70925,0.09399,3.09975,0.08124,
1686286675084982784,-239.72500,341.97012,2.14571,0.70454,-0.00026,0.00102,0.70967,-0.02598,3.17261,-0.03785,
1686286675184592128,-239.73586,342.29797,2.14473,0.70432,-0.00270,-0.00066,0.70988,-0.11657,3.16884,0.05169,
1686286675284908800,-239.74063,342.61145,2.14700,0.70282,-0.00247,-0.00206,0.71136,-0.00259,3.16640,-0.01662,
1686286675385060864,-239.73689,342.93696,2.14760,0.70154,-0.00091,-0.00098,0.71263,0.05347,3.14309,0.05980,
1686286675485054720,-239.73402,343.25486,2.14963,0.70104,-0.00057,0.00048,0.71312,-0.05693,3.16706,-0.01526,
1686286675584484864,-239.74014,343.57257,2.14829,0.70089,-0.00200,-0.00107,0.71326,-0.11157,3.11961,0.01575,
1686286675684611328,-239.74624,343.88489,2.15125,0.69962,-0.00219,-0.00163,0.71451,-0.02153,3.20964,0.00523,
1686286675784576768,-239.74567,344.20945,2.15452,0.69801,-0.00168,0.00024,0.71609,0.06373,3.20099,0.02741,
1686286675885122816,-239.74910,344.52763,2.15593,0.69738,-0.00144,0.00146,0.71670,-0.07378,3.12338,0.03829,
1686286675985076224,-239.75632,344.84979,2.15355,0.69731,-0.00201,0.00044,0.71677,-0.13202,3.13548,-0.01972,
1686286676084521472,-239.77055,345.17944,2.14737,0.69688,-0.00867,0.00319,0.71713,-0.08949,3.67171,-0.51819,
1686286676185883392,-239.76880,345.56353,2.10627,0.69581,-0.01992,0.01961,0.71768,0.10005,3.50339,-0.21653,
1686286676285268224,-239.76057,345.92727,2.08191,0.69517,-0.02645,0.03255,0.71762,0.01092,3.66314,-0.26312,
1686286676384553728,-239.75924,346.28017,2.05808,0.69472,-0.03135,0.04115,0.71742,-0.01342,3.39813,-0.10050,
1686286676485579264,-239.75948,346.58915,2.02996,0.69462,-0.02157,0.03516,0.71819,-0.03815,2.78945,-0.23975,
1686286676584452352,-239.77414,346.89206,2.00723,0.69478,-0.01790,0.02708,0.71849,-0.18409,2.98805,-0.12728,
1686286676685192704,-239.78684,347.21643,1.99918,0.69323,-0.01576,0.02401,0.72015,-0.12795,3.31833,-0.19614,
1686286676784917760,-239.80570,347.54609,1.98483,0.69150,-0.01744,0.02124,0.72185,-0.20741,2.96787,0.01065,
1686286676884832000,-239.82118,347.83733,1.98377,0.69059,-0.01109,0.01437,0.72302,-0.14935,2.92249,-0.05231,
1686286676985583104,-239.84449,348.16678,1.98663,0.69070,-0.00893,0.01112,0.72300,-0.03960,2.91803,0.04635,
1686286677084813824,-239.83683,348.46525,1.98582,0.68985,-0.00201,0.00756,0.72391,-0.13745,2.89866,-0.00203,
1686286677184545536,-239.84915,348.76352,1.98601,0.69060,-0.00133,0.00626,0.72320,-0.14540,3.09005,-0.01581,
1686286677285496832,-239.87592,349.08829,1.97950,0.69010,-0.00633,0.00230,0.72368,-0.24410,2.92985,0.01262,
1686286677385160960,-239.88710,349.38254,1.98448,0.68747,-0.00310,0.00176,0.72620,-0.06464,2.99491,0.00782,
1686286677484765184,-239.88759,349.70549,1.98051,0.68594,-0.00166,0.00591,0.72763,0.10212,3.00164,0.03886,
1686286677585847040,-239.88890,349.99848,1.98824,0.68601,0.00240,0.00688,0.72756,-0.13143,2.90418,0.02592,
1686286677685713152,-239.90593,350.30216,1.98574,0.68677,0.00361,0.00405,0.72686,-0.20840,2.95006,0.03797,
1686286677784920320,-239.92859,350.59208,1.98876,0.68642,0.00025,0.00258,0.72720,-0.17319,2.79823,-0.00504,
1686286677885332480,-239.93674,350.87433,1.98423,0.68427,0.00120,0.00536,0.72921,-0.02612,2.57988,0.02593,
1686286677984831232,-239.94044,351.12494,1.98722,0.68315,0.00229,0.00790,0.73023,0.00448,2.38175,0.01753,
1686286678085043200,-239.94803,351.36160,1.98765,0.68291,0.00375,0.00950,0.73043,-0.13717,2.12873,0.04669,
1686286678186725120,-239.96248,351.57222,1.99129,0.68259,0.00438,0.00728,0.73076,-0.18829,1.94214,0.00190,
1686286678284350976,-239.98027,351.77414,1.99290,0.68245,0.00494,0.00445,0.73090,-0.16016,1.98067,0.02582,
1686286678384830464,-239.99747,352.00973,1.99414,0.68168,0.00458,0.00426,0.73162,-0.11058,2.07015,0.01855,
1686286678484608256,-240.00635,352.21248,1.99601,0.68100,0.00546,0.00484,0.73224,-0.08427,2.05449,0.05084,
1686286678584667392,-240.01678,352.42096,1.99990,0.68074,0.00664,0.00461,0.73248,-0.12507,2.10355,0.02437,
1686286678685830400,-240.03361,352.66174,1.99894,0.68016,0.00589,0.00497,0.73302,-0.16544,2.17528,0.00586,
1686286678784509184,-240.04946,352.87746,2.00063,0.67960,0.00549,0.00453,0.73355,-0.17398,2.21052,0.02913,
1686286678884642560,-240.06735,353.10451,2.00239,0.67921,0.00532,0.00351,0.73391,-0.18701,2.34829,0.01585,
1686286678984588032,-240.08266,353.35116,2.00276,0.67872,0.00471,0.00375,0.73437,-0.18566,2.40233,0.02013,
1686286679084983040,-240.10312,353.59409,2.00226,0.67802,0.00402,0.00350,0.73502,-0.17894,2.41365,0.01450,
1686286679184832512,-240.12179,353.83717,2.00361,0.67740,0.00363,0.00368,0.73559,-0.16732,2.44596,0.01235,
1686286679284451072,-240.13822,354.09009,2.00283,0.67683,0.00370,0.00399,0.73612,-0.17918,2.49103,0.01390,
1686286679384730112,-240.15590,354.33668,2.00681,0.67649,0.00369,0.00393,0.73643,-0.19295,2.46731,0.03222,
1686286679484848640,-240.17538,354.58353,2.00927,0.67631,0.00402,0.00260,0.73660,-0.20481,2.48012,0.02704,
1686286679584585728,-240.19941,354.84518,2.01072,0.67574,0.00373,0.00177,0.73713,-0.21402,2.53514,0.01352,
1686286679684562688,-240.21957,355.09902,2.01408,0.67500,0.00390,0.00117,0.73781,-0.19626,2.51661,0.04938,
1686286679785735680,-240.23651,355.36051,2.01488,0.67422,0.00456,0.00194,0.73851,-0.16256,2.61969,-0.01990,
1686286679884731904,-240.24912,355.62275,2.01712,0.67377,0.00493,0.00374,0.73892,-0.16491,2.58574,0.04465,
1686286679985531648,-240.26671,355.88693,2.01945,0.67366,0.00532,0.00465,0.73901,-0.18725,2.65042,-0.01799,
1686286680084537856,-240.28453,356.15092,2.01966,0.67343,0.00484,0.00635,0.73921,-0.17814,2.65569,0.01705,
1686286680185533696,-240.30464,356.42037,2.01984,0.67302,0.00394,0.00755,0.73958,-0.19624,2.67809,-0.01549,
1686286680285067776,-240.32567,356.68328,2.02050,0.67244,0.00263,0.00864,0.74009,-0.21476,2.61040,0.01568,
1686286680384407296,-240.34650,356.94470,2.02004,0.67162,0.00221,0.00938,0.74083,-0.22589,2.63200,-0.01743,
1686286680486368512,-240.37230,357.21812,2.01829,0.67095,0.00147,0.00946,0.74144,-0.22342,2.58698,0.01592,
1686286680584844800,-240.39419,357.47289,2.01823,0.67020,0.00202,0.00913,0.74212,-0.24252,2.60892,-0.02915,
1686286680685150464,-240.41853,357.73775,2.01504,0.66951,0.00129,0.00951,0.74274,-0.22964,2.61701,0.02475,
1686286680785304576,-240.43928,358.00294,2.01766,0.66873,0.00254,0.01026,0.74343,-0.16929,2.61871,-0.00984,
1686286680884899328,-240.46090,358.26387,2.01409,0.66856,0.00292,0.01074,0.74358,-0.22024,2.55469,0.03330,
1686286680984530432,-240.48342,358.51872,2.01750,0.66844,0.00440,0.00987,0.74369,-0.25695,2.55856,0.01219,
1686286681087786752,-240.50661,358.78790,2.01743,0.66790,0.00574,0.00939,0.74417,-0.21856,2.58033,0.00424,
1686286681186998528,-240.52704,359.04294,2.01798,0.66713,0.00690,0.00993,0.74484,-0.18629,2.58618,0.01920,
1686286681284806656,-240.55131,359.29980,2.01955,0.66654,0.00734,0.00993,0.74537,-0.28875,2.57742,0.01457,
1686286681384929024,-240.58142,359.56091,2.02225,0.66619,0.00633,0.00879,0.74571,-0.30711,2.54977,0.03527,
1686286681485164288,-240.60764,359.81661,2.02542,0.66926,0.00449,0.00518,0.74300,-0.03879,2.56416,0.02541,
1686286681584902400,-240.60169,360.08642,2.02554,0.67735,0.00660,0.00612,0.73561,0.18231,2.58818,-0.00349,
1686286681684668928,-240.58593,360.34336,2.02640,0.68683,0.00754,0.00624,0.72676,0.17374,2.55158,0.04560,
1686286681784631808,-240.57500,360.61340,2.02967,0.69465,0.00669,0.00438,0.71930,0.11410,2.67226,-0.00031,
1686286681885491456,-240.55491,360.88776,2.02693,0.70167,0.00588,0.00617,0.71245,0.27683,2.66472,0.00302,
1686286681987743232,-240.52869,361.15556,2.02672,0.70554,0.00852,0.00853,0.70856,0.12931,2.60587,0.03283,
1686286682084432128,-240.52878,361.41479,2.02505,0.70566,0.00784,0.00782,0.70846,-0.11789,2.71424,-0.02955,
1686286682184714496,-240.54098,361.68553,2.02379,0.70446,0.00443,0.00663,0.70970,-0.04802,2.58042,0.04295,
1686286682285091328,-240.53676,361.94917,2.02560,0.70326,0.00617,0.00742,0.71087,0.04396,2.64119,0.01213,
1686286682384988416,-240.53445,362.21125,2.03049,0.70291,0.00704,0.00671,0.71122,0.01873,2.64256,0.02947,
1686286682485733888,-240.53514,362.47970,2.03072,0.70230,0.00678,0.00703,0.71182,0.03891,2.70790,-0.05455,
1686286682584505344,-240.53081,362.74452,2.03161,0.70177,0.00793,0.00877,0.71230,0.03436,2.62160,0.07231,
1686286682685174016,-240.52795,363.01158,2.03365,0.70142,0.00923,0.00848,0.71264,0.03658,2.67653,-0.03465,
1686286682784453120,-240.53371,363.28126,2.03569,0.70143,0.00685,0.00854,0.71265,-0.08221,2.68155,0.05590,
1686286682884618240,-240.53908,363.55878,2.03776,0.70085,0.00650,0.00854,0.71323,0.01892,2.67551,-0.02350,
1686286682984775424,-240.53616,363.82478,2.03734,0.69950,0.00863,0.00819,0.71453,0.04577,2.64560,0.05262,
1686286683084993280,-240.53530,364.09583,2.04184,0.69957,0.00959,0.00864,0.71445,-0.04795,2.75136,-0.01394,
1686286683184545024,-240.53946,364.36640,2.04168,0.69961,0.00771,0.00802,0.71444,-0.08882,2.65458,0.04487,
1686286683284600064,-240.54354,364.63625,2.04697,0.69823,0.00866,0.00692,0.71579,-0.01043,2.74462,0.02747,
1686286683384661248,-240.54394,364.91158,2.04780,0.69727,0.00908,0.00804,0.71671,-0.00370,2.78974,0.01680,
1686286683486653952,-240.54668,365.19637,2.05153,0.69726,0.00950,0.00784,0.71671,-0.07086,2.73224,0.02620,
1686286683584769792,-240.55565,365.47265,2.05240,0.69702,0.00816,0.00753,0.71696,-0.10288,2.82923,-0.01468,
1686286683685413376,-240.56404,365.75432,2.05305,0.69618,0.00703,0.00747,0.71780,-0.06501,2.79478,0.03343,
1686286683786520832,-240.57048,366.04731,2.05210,0.69540,0.00600,0.00796,0.71856,-0.05665,2.86696,-0.02174,
1686286683887010304,-240.57582,366.33469,2.05160,0.69497,0.00511,0.00861,0.71897,-0.06921,2.81157,0.03098,
1686286683984545536,-240.58320,366.61157,2.05194,0.69460,0.00518,0.00798,0.71933,-0.07681,2.82827,-0.01557,
1686286684084603904,-240.58758,366.89945,2.05132,0.69419,0.00498,0.00829,0.71973,-0.08264,2.85396,0.00628,
1686286684184573952,-240.59500,367.18251,2.05230,0.69363,0.00481,0.00794,0.72027,-0.06484,2.85842,0.01865,
1686286684285045760,-240.60092,367.47177,2.05111,0.69293,0.00501,0.00831,0.72094,-0.04297,2.88345,-0.00404,
1686286684384872192,-240.60598,367.76646,2.05038,0.69234,0.00590,0.00895,0.72149,-0.03227,2.83983,0.02422,
1686286684485422080,-240.61164,368.05358,2.05357,0.69218,0.00724,0.00859,0.72164,-0.06242,2.87028,0.00398,
1686286684584956672,-240.62232,368.35187,2.05371,0.69188,0.00721,0.00776,0.72193,-0.10120,2.88985,0.03338,
1686286684684642560,-240.63291,368.63875,2.05648,0.69095,0.00741,0.00690,0.72283,-0.12071,2.91771,0.00728,
1686286684785503488,-240.64016,368.93721,2.05656,0.68998,0.00697,0.00778,0.72376,-0.05729,2.89709,0.01273,
1686286684886557952,-240.64781,369.22540,2.06042,0.68931,0.00798,0.00815,0.72438,-0.06932,2.87617,0.02402,
1686286684985519616,-240.65422,369.51685,2.06204,0.68924,0.00909,0.00862,0.72443,-0.10276,2.93876,0.01576,
1686286685084727808,-240.66560,369.80821,2.06308,0.68892,0.00878,0.00831,0.72473,-0.12403,2.90488,0.03526,
1686286685185269504,-240.67872,370.11176,2.06670,0.68834,0.00907,0.00746,0.72529,-0.11052,2.99883,0.01082,
1686286685285485824,-240.68983,370.41356,2.06619,0.68760,0.00932,0.00803,0.72599,-0.11104,3.04171,0.04901,
1686286685385123840,-240.70056,370.71762,2.07087,0.68722,0.01065,0.00752,0.72634,-0.10329,3.08514,0.00991,
1686286685484978688,-240.71285,371.02991,2.07145,0.68690,0.01027,0.00786,0.72663,-0.14723,3.13888,0.03985,
1686286685585055232,-240.72726,371.34777,2.07614,0.68623,0.01077,0.00758,0.72727,-0.12613,3.14595,0.04095,
1686286685684658688,-240.74008,371.66743,2.07711,0.68556,0.01025,0.00896,0.72789,-0.13614,3.23657,0.01547,
1686286685786034432,-240.75542,371.99007,2.07928,0.68541,0.01026,0.00857,0.72804,-0.16736,3.13993,0.05199,
1686286685884780544,-240.77105,372.30610,2.08209,0.68493,0.01058,0.00838,0.72849,-0.16913,3.24155,-0.00746,
1686286685984772864,-240.78679,372.63580,2.08544,0.68415,0.01025,0.00909,0.72921,-0.15223,3.22990,0.05456,
1686286686084643840,-240.80395,372.96242,2.08663,0.68345,0.00967,0.00968,0.72987,-0.18130,3.32585,-0.02042,
1686286686185269248,-240.82281,373.29945,2.08847,0.68304,0.00914,0.01004,0.73025,-0.17820,3.26368,0.06160,
1686286686285103104,-240.84129,373.62950,2.09058,0.68255,0.00937,0.00981,0.73071,-0.21914,3.35663,-0.01161,
1686286686384728832,-240.86417,373.96769,2.09205,0.68199,0.00859,0.00870,0.73125,-0.22181,3.27394,0.09594,
1686286686484671232,-240.88477,374.29967,2.09569,0.68113,0.00975,0.00735,0.73206,-0.19634,3.38805,-0.00648,
1686286686584803584,-240.90411,374.64575,2.09667,0.68041,0.01059,0.00723,0.73271,-0.19746,3.35239,0.08550,
1686286686685143040,-240.92768,374.98483,2.10307,0.68036,0.01090,0.00526,0.73278,-0.28834,3.48217,-0.01026,
1686286686784589824,-240.95172,375.33588,2.10475,0.67993,0.00870,0.00495,0.73321,-0.26312,3.45592,0.09139,
1686286686885408256,-240.97460,375.68640,2.11191,0.67886,0.00900,0.00468,0.73420,-0.20866,3.54749,0.00324,
1686286686985832448,-240.99935,376.04354,2.11422,0.67857,0.00811,0.00476,0.73448,-0.25439,3.49374,0.08584,
1686286687085277440,-241.02752,376.39064,2.12104,0.67836,0.00830,0.00278,0.73467,-0.32260,3.55134,0.00958,
1686286687184744192,-241.05738,376.74862,2.12477,0.67872,0.00533,0.00160,0.73438,-0.21297,3.57108,0.07560,
1686286687284931840,-241.07666,377.10488,2.13032,0.68044,0.00468,0.00123,0.73279,-0.14230,3.61511,-0.01575,
1686286687385269248,-241.07898,377.47510,2.12946,0.68639,0.00374,0.00287,0.72722,0.15816,3.59166,0.05739,
1686286687485870848,-241.06747,377.83795,2.13251,0.69032,0.00684,0.00606,0.72345,-0.08556,3.64724,-0.00292,
1686286687584357888,-241.08742,378.20417,2.13319,0.68944,0.00268,0.00539,0.72432,-0.31196,3.62941,0.02646,
1686286687685263360,-241.11559,378.56908,2.13344,0.68773,0.00082,0.00276,0.72597,-0.25742,3.54920,0.03802,
1686286687784804608,-241.13926,378.92534,2.13588,0.68711,0.00040,0.00000,0.72655,-0.21669,3.61741,-0.00222,
1686286687885057792,-241.15138,379.29340,2.13524,0.69096,-0.00185,-0.00129,0.72289,0.10206,3.63527,0.03093,
1686286687984547584,-241.13687,379.65451,2.13639,0.69457,0.00189,0.00297,0.71942,0.08542,3.69257,-0.02620,
1686286688084679680,-241.14313,380.02711,2.13634,0.69422,-0.00016,0.00409,0.71975,-0.21270,3.64439,0.03615,
1686286688186049280,-241.16079,380.39385,2.13758,0.69324,-0.00165,0.00237,0.72070,-0.21476,3.67536,-0.03777,
1686286688285080576,-241.17485,380.75751,2.13476,0.69207,-0.00288,0.00248,0.72182,-0.08645,3.62982,0.02563,
1686286688384849664,-241.17937,381.12332,2.13483,0.69083,-0.00108,0.00414,0.72300,-0.06398,3.68231,-0.03178,
1686286688484553984,-241.18942,381.48980,2.13273,0.69062,-0.00127,0.00497,0.72320,-0.12806,3.63653,0.01771,
1686286688585145856,-241.20647,381.85987,2.13391,0.69025,-0.00126,0.00339,0.72356,-0.19210,3.67755,-0.01363,
1686286688685544704,-241.22229,382.22916,2.13430,0.68896,-0.00158,0.00329,0.72479,-0.14048,3.69575,0.00658,
1686286688784519424,-241.23488,382.60289,2.13443,0.68793,-0.00078,0.00404,0.72576,-0.12560,3.65084,0.01140,
1686286688884716544,-241.24939,382.97203,2.13459,0.68766,0.00019,0.00375,0.72603,-0.16957,3.69032,0.00088,
1686286688984418816,-241.26053,383.33765,2.13643,0.68702,0.00074,0.00343,0.72663,-0.15848,3.68257,0.03856,
1686286689084837120,-241.27723,383.70709,2.14081,0.68588,0.00109,0.00350,0.72770,-0.16389,3.74372,-0.00545,
1686286689184586496,-241.29829,384.08002,2.14217,0.68511,0.00063,0.00301,0.72843,-0.22754,3.65511,0.02999,
1686286689284584960,-241.32243,384.45240,2.14147,0.68455,-0.00072,0.00220,0.72897,-0.26268,3.74081,-0.03660,
1686286689384926464,-241.34967,384.83389,2.14142,0.68333,-0.00254,0.00194,0.73011,-0.21287,3.70075,0.02430,
1686286689484964864,-241.36941,385.20705,2.13913,0.68221,-0.00284,0.00321,0.73114,-0.19135,3.74277,-0.03851,
1686286689584694272,-241.38471,385.57221,2.13722,0.68209,-0.00207,0.00375,0.73125,-0.20005,3.64064,0.03565,
1686286689684584448,-241.40866,385.94160,2.13935,0.68185,-0.00180,0.00336,0.73148,-0.23748,3.73788,-0.03077,
1686286689785675776,-241.42789,386.32084,2.13975,0.68073,-0.00151,0.00469,0.73252,-0.18256,3.66488,0.03390,
1686286689884700928,-241.44599,386.68424,2.14015,0.67982,0.00015,0.00494,0.73336,-0.20660,3.71921,-0.01517,
1686286689984524800,-241.47041,387.05503,2.14089,0.67946,0.00020,0.00498,0.73370,-0.24994,3.63746,0.04158,
1686286690084649728,-241.49616,387.42133,2.14317,0.67862,0.00073,0.00392,0.73448,-0.27664,3.71943,-0.01571,
1686286690185546240,-241.52177,387.79781,2.14131,0.67747,-0.00016,0.00512,0.73553,-0.25519,3.68449,0.01204,
1686286690285229824,-241.54517,388.16284,2.14310,0.67679,0.00097,0.00520,0.73615,-0.24630,3.69004,0.00351,
1686286690384742656,-241.57229,388.53693,2.14173,0.67641,0.00004,0.00566,0.73651,-0.29067,3.62902,0.03372,
1686286690484876032,-241.59941,388.90138,2.14519,0.67553,0.00131,0.00494,0.73731,-0.26668,3.65536,-0.01698,
1686286690584527360,-241.62479,389.27404,2.14336,0.67460,0.00142,0.00563,0.73816,-0.27389,3.61328,0.06766,
1686286690685340416,-241.65280,389.63371,2.15007,0.67397,0.00361,0.00397,0.73873,-0.30629,3.70154,-0.02222,
1686286690788303616,-241.68866,390.02032,2.14744,0.67416,0.00008,0.00335,0.73858,-0.31439,3.61852,0.06056,
1686286690884447232,-241.70699,390.36906,2.15086,0.67700,0.00100,0.00250,0.73598,-0.04279,3.69560,-0.01524,
1686286690984708096,-241.71360,390.74995,2.14827,0.68160,0.00095,0.00444,0.73171,-0.03203,3.64730,0.05812,
1686286691084751616,-241.71879,391.11056,2.15333,0.68638,0.00239,0.00294,0.72723,-0.06169,3.63421,0.01151,
1686286691184991232,-241.72165,391.49150,2.15320,0.69118,0.00112,0.00268,0.72268,0.07630,3.64847,0.03868,
1686286691286440192,-241.70972,391.86810,2.15653,0.69516,0.00405,0.00374,0.71883,0.14748,3.60677,0.02146,
1686286691384901120,-241.70728,392.24075,2.15734,0.69570,0.00576,0.00507,0.71829,-0.15739,3.68724,0.02318,
1686286691485033216,-241.72633,392.61572,2.15929,0.69451,0.00352,0.00287,0.71947,-0.17632,3.63488,0.03851,
1686286691584488192,-241.73926,392.98099,2.16197,0.69297,0.00239,0.00288,0.72096,-0.08827,3.70565,-0.01026,
1686286691684561152,-241.74795,393.35930,2.15988,0.69219,0.00217,0.00477,0.72170,-0.04866,3.64197,0.03310,
1686286691784940288,-241.75799,393.72451,2.16208,0.69200,0.00219,0.00445,0.72188,-0.14033,3.67254,-0.01241,
1686286691884727040,-241.77245,394.10132,2.16193,0.69130,0.00085,0.00458,0.72255,-0.14051,3.67516,0.03407,
1686286691986614784,-241.78602,394.47173,2.16186,0.68987,0.00114,0.00443,0.72392,-0.12194,3.70350,-0.02608,
1686286692086351616,-241.80214,394.84479,2.16153,0.68920,0.00041,0.00438,0.72456,-0.16853,3.66720,0.01424,
1686286692185388288,-241.81793,395.21357,2.15985,0.68859,-0.00058,0.00487,0.72513,-0.13826,3.71120,-0.03938,
1686286692285169408,-241.83545,395.59172,2.15915,0.68778,-0.00156,0.00561,0.72589,-0.14039,3.64816,0.00474,
1686286692384558592,-241.85115,395.95921,2.15709,0.68711,-0.00181,0.00575,0.72653,-0.17080,3.68295,-0.02584,
1686286692485467392,-241.86524,396.33639,2.15735,0.68659,-0.00086,0.00593,0.72702,-0.13286,3.66056,0.00000,
1686286692584615424,-241.88404,396.69941,2.15825,0.68636,-0.00149,0.00521,0.72724,-0.17227,3.69681,-0.00528,
1686286692685145344,-241.89282,397.07854,2.15795,0.69044,-0.00301,0.00458,0.72337,0.13155,3.69762,-0.01401,
1686286692786104320,-241.87884,397.44851,2.15524,0.69385,0.00087,0.00795,0.72007,0.03734,3.63844,0.03549,
1686286692885634816,-241.88763,397.82282,2.15880,0.69294,0.00100,0.00629,0.72097,-0.21118,3.68201,-0.01129,
1686286692984588032,-241.90727,398.19045,2.16009,0.69173,-0.00023,0.00482,0.72214,-0.19006,3.64885,0.04112,
1686286693085195520,-241.92267,398.55539,2.16246,0.69064,0.00038,0.00317,0.72319,-0.13173,3.66468,0.00170,
1686286693184585728,-241.93898,398.93170,2.16263,0.69015,0.00038,0.00318,0.72366,-0.15239,3.66830,0.03600,
1686286693284689920,-241.95206,399.29736,2.16455,0.68945,0.00078,0.00251,0.72433,-0.16362,3.66786,0.00590,
1686286693385809152,-241.96870,399.68062,2.16328,0.68866,-0.00072,0.00267,0.72508,-0.18106,3.69004,-0.00141,
1686286693484761600,-241.98387,400.04154,2.16489,0.68968,-0.00156,0.00179,0.72411,-0.04299,3.65875,0.03065,
1686286693584740096,-241.98853,400.41685,2.16587,0.69177,-0.00071,0.00228,0.72211,-0.03984,3.69690,0.00481,
1686286693684608512,-241.99372,400.78008,2.16913,0.69366,-0.00057,0.00172,0.72030,-0.02626,3.65025,0.03829,
1686286693784931840,-241.99732,401.15517,2.16931,0.69330,0.00031,0.00279,0.72064,-0.14611,3.66970,-0.00102,
1686286693885415168,-242.01298,401.51875,2.17189,0.69221,-0.00007,0.00108,0.72169,-0.13464,3.61747,0.02839,
1686286693984582912,-242.02631,401.88992,2.17300,0.69152,-0.00064,0.00091,0.72235,-0.12974,3.69385,0.00603,
1686286694084884480,-242.03949,402.25936,2.17609,0.69062,-0.00116,0.00067,0.72322,-0.13242,3.65576,0.02381,
1686286694184920832,-242.05473,402.63516,2.17572,0.69229,-0.00373,-0.00102,0.72161,0.00869,3.66109,-0.00509,
1686286694284975360,-242.04380,402.99919,2.17785,0.69894,-0.00290,-0.00078,0.71517,0.27120,3.64056,0.00879,
1686286694385018368,-242.00523,403.36889,2.17695,0.70636,-0.00076,0.00257,0.70785,0.35273,3.70819,-0.02561,
1686286694485044992,-241.97416,403.74954,2.17592,0.71181,-0.00180,0.00483,0.70235,0.30784,3.68910,-0.00992,
1686286694584457984,-241.94324,404.11885,2.17214,0.71581,-0.00077,0.00720,0.69826,0.26046,3.65539,-0.02840,
1686286694686376704,-241.92499,404.49588,2.16995,0.71566,-0.00031,0.00749,0.69841,0.05997,3.62601,0.01522,
1686286694784881152,-241.91966,404.86295,2.16893,0.71399,-0.00046,0.00612,0.70013,0.09741,3.71177,-0.02889,
1686286694884401920,-241.90954,405.22865,2.16834,0.71285,-0.00009,0.00596,0.70129,0.11449,3.60700,0.04827,
1686286694985032192,-241.89542,405.59473,2.17077,0.71231,0.00235,0.00506,0.70184,0.10110,3.69706,-0.02155,
1686286695085135360,-241.88422,405.96089,2.17041,0.71149,0.00281,0.00543,0.70267,0.11478,3.61554,0.02338,
1686286695184672000,-241.87703,406.33350,2.17077,0.71068,0.00168,0.00516,0.70349,0.03902,3.77118,-0.04797,
1686286695284974592,-241.87299,406.70190,2.17061,0.70970,0.00030,0.00560,0.70448,0.05137,3.59176,0.06896,
1686286695384486400,-241.86763,407.07144,2.17259,0.70876,0.00125,0.00502,0.70543,0.08548,3.71102,-0.04748,
1686286695485129728,-241.86059,407.43937,2.17306,0.70789,0.00206,0.00559,0.70630,0.08684,3.57374,0.07788,
1686286695584645632,-241.85593,407.80991,2.17601,0.70737,0.00294,0.00492,0.70682,0.02192,3.72448,-0.04563,
1686286695685339136,-241.85688,408.18082,2.17483,0.70675,0.00070,0.00487,0.70745,-0.04256,3.68736,0.02132,
1686286695784808192,-241.85292,408.54251,2.17871,0.70552,0.00121,0.00408,0.70868,0.04317,3.64093,0.02089,
1686286695885203712,-241.84880,408.91116,2.17817,0.70423,0.00096,0.00525,0.70995,0.04632,3.69427,-0.01918,
1686286695986247936,-241.84484,409.28381,2.17592,0.70380,0.00042,0.00584,0.71038,-0.04261,3.56606,-0.00392,
1686286696085703936,-241.85080,409.64713,2.17704,0.70353,-0.00004,0.00400,0.71065,-0.06524,3.67877,-0.01460,
1686286696184540416,-241.85301,410.01513,2.17677,0.70264,-0.00212,0.00391,0.71153,-0.00177,3.67112,0.01079,
1686286696284833536,-241.84683,410.37831,2.17668,0.70505,-0.00252,0.00330,0.70915,0.22310,3.61736,-0.00273,
1686286696384793088,-241.81904,410.75001,2.17526,0.70854,0.00075,0.00551,0.70565,0.19202,3.62622,0.00088,
1686286696484646912,-241.80998,411.11681,2.17623,0.70851,0.00060,0.00522,0.70568,-0.04216,3.65167,0.01432,
1686286696585289216,-241.81614,411.49191,2.17829,0.70674,-0.00099,0.00316,0.70747,-0.05461,3.69206,-0.01336,
1686286696686329344,-241.81715,411.86256,2.17537,0.70548,-0.00222,0.00359,0.70871,0.07090,3.63297,0.03232,
1686286696784538624,-241.80973,412.21952,2.17897,0.70481,0.00084,0.00341,0.70939,0.06265,3.61309,0.01306,
1686286696884563456,-241.80794,412.58625,2.17851,0.70420,0.00050,0.00389,0.70999,-0.09072,3.63550,0.00421,
1686286696985856256,-241.82177,412.95682,2.18169,0.70567,-0.00306,-0.00139,0.70854,0.05745,3.59405,0.03918,
1686286697086305024,-241.79487,413.31938,2.18288,0.71114,-0.00105,0.00042,0.70305,0.51597,3.62698,0.00036,
1686286697184433152,-241.74792,413.67973,2.18313,0.71549,0.00315,0.00527,0.69860,0.27839,3.63892,0.00259,
1686286697284511744,-241.73677,414.05198,2.18331,0.71542,0.00066,0.00426,0.69868,-0.06796,3.68589,0.00309,
1686286697385128448,-241.73636,414.42544,2.18215,0.71342,-0.00183,0.00387,0.70072,0.09072,3.64172,0.00760,
1686286697485173248,-241.72295,414.78608,2.18138,0.71208,-0.00043,0.00448,0.70208,0.17379,3.61531,-0.00450,
1686286697584927744,-241.71488,415.15419,2.18080,0.71222,-0.00062,0.00380,0.70194,0.06380,3.65095,0.00369,
1686286697684658944,-241.70185,415.51795,2.18110,0.71472,-0.00205,0.00307,0.69940,0.28171,3.64808,-0.00166,
1686286697785665792,-241.66846,415.89165,2.18090,0.71616,0.00142,0.00655,0.69790,0.24847,3.61334,0.00892,
1686286697885259520,-241.65569,416.25277,2.18316,0.71549,0.00128,0.00572,0.69859,0.03937,3.66854,-0.00943,
1686286697984539136,-241.64566,416.61706,2.18202,0.71432,0.00089,0.00522,0.69980,0.07143,3.61247,0.03684,
1686286698086262272,-241.63372,416.98658,2.18366,0.71329,0.00108,0.00529,0.70085,0.16805,3.65813,-0.02261,
1686286698184679936,-241.62080,417.35310,2.18270,0.71265,0.00204,0.00619,0.70149,0.12125,3.56573,0.05106,
1686286698284973056,-241.61226,417.71506,2.18364,0.71221,0.00320,0.00531,0.70194,0.08673,3.65857,-0.01772,
1686286698384812544,-241.60739,418.08905,2.18492,0.71099,0.00252,0.00485,0.70318,0.03145,3.61372,0.05581,
1686286698484586752,-241.60115,418.45292,2.18582,0.70967,0.00280,0.00439,0.70452,0.05289,3.68018,-0.02059,
1686286698585485568,-241.59671,418.82825,2.18591,0.70910,0.00214,0.00399,0.70510,0.04942,3.61072,0.03363,
1686286698684833024,-241.59375,419.19039,2.18589,0.70887,0.00196,0.00362,0.70533,0.03148,3.68774,-0.01841,
1686286698784637696,-241.58475,419.55650,2.18624,0.70811,0.00106,0.00471,0.70609,0.07480,3.66377,0.01459,
1686286698885002496,-241.57846,419.92155,2.18531,0.70729,0.00120,0.00551,0.70691,0.05661,3.63590,-0.01135,
1686286698985324288,-241.57653,420.29568,2.18286,0.70713,0.00062,0.00495,0.70706,0.00753,3.62895,-0.00807,
1686286699084590592,-241.57558,420.65912,2.18256,0.70652,-0.00006,0.00458,0.70767,-0.00406,3.63453,-0.00635,
1686286699184623872,-241.57418,421.04052,2.17894,0.70531,-0.00031,0.00555,0.70888,0.07900,3.68933,-0.04222,
1686286699284881920,-241.56941,421.40632,2.17718,0.70464,-0.00033,0.00644,0.70954,-0.00545,3.61676,0.03178,
1686286699384959744,-241.57155,421.77414,2.17715,0.70444,-0.00072,0.00415,0.70975,-0.05732,3.64657,-0.02200,
1686286699485560576,-241.57061,422.14447,2.17447,0.70305,-0.00110,0.00454,0.71113,0.05111,3.66606,-0.00217,
1686286699584646144,-241.56169,422.51071,2.17651,0.70169,0.00177,0.00587,0.71246,0.06390,3.63377,0.02363,
1686286699684639744,-241.56144,422.87442,2.17891,0.70199,0.00222,0.00624,0.71215,-0.05341,3.67602,-0.00043,
1686286699785481472,-241.56552,423.24599,2.18155,0.70166,0.00204,0.00455,0.71249,-0.04779,3.56677,0.03695,
1686286699884825856,-241.56607,423.60620,2.18272,0.70008,0.00273,0.00404,0.71404,0.00791,3.66771,-0.01412,
1686286699984623104,-241.56610,423.97796,2.18528,0.69903,0.00247,0.00527,0.71507,-0.01762,3.60977,0.02655,
1686286700084843520,-241.57209,424.34422,2.18652,0.69850,0.00218,0.00456,0.71559,-0.10558,3.66037,-0.01424,
1686286700184566272,-241.58268,424.71947,2.18676,0.69721,0.00067,0.00397,0.71686,-0.12006,3.65599,0.03457,
1686286700284650496,-241.59148,425.08559,2.18667,0.69592,0.00006,0.00412,0.71811,-0.05613,3.66023,-0.01636,
1686286700384522752,-241.59678,425.45982,2.18421,0.69525,0.00039,0.00436,0.71875,-0.07643,3.61279,0.02519,
1686286700484438016,-241.60567,425.82010,2.18664,0.69502,0.00161,0.00346,0.71898,-0.09800,3.62398,0.00631,
1686286700584859648,-241.61449,426.20040,2.18553,0.69429,0.00087,0.00375,0.71969,-0.06991,3.67654,0.00491,
1686286700685258752,-241.62169,426.56308,2.18717,0.69319,0.00196,0.00418,0.72074,-0.08897,3.58712,0.02581,
1686286700784641024,-241.63375,426.93324,2.18728,0.69269,0.00184,0.00365,0.72122,-0.14065,3.66646,-0.01051,
1686286700884519680,-241.64857,427.29586,2.19012,0.69181,0.00154,0.00276,0.72207,-0.14115,3.59726,0.02955,
1686286700984608512,-241.65885,427.67200,2.19144,0.69045,0.00143,0.00387,0.72337,-0.10400,3.70889,-0.01614,
1686286701084646656,-241.67255,428.03506,2.19331,0.68982,0.00129,0.00405,0.72397,-0.14069,3.55268,0.06662,
1686286701184415232,-241.69062,428.40420,2.19498,0.68945,0.00144,0.00253,0.72433,-0.17908,3.66150,-0.01933,
1686286701285897216,-241.70814,428.77005,2.19785,0.68838,0.00136,0.00152,0.72534,-0.15541,3.57972,0.07102,
1686286701384700416,-241.72372,429.13030,2.20184,0.68715,0.00217,0.00181,0.72651,-0.17278,3.70421,-0.00931,
1686286701486616064,-241.74223,429.50173,2.20540,0.68664,0.00181,0.00163,0.72699,-0.18147,3.54477,0.08400,
1686286701584863488,-241.76341,429.86338,2.21049,0.68593,0.00270,0.00071,0.72766,-0.20684,3.64673,-0.00259,
1686286701684727552,-241.78545,430.22709,2.21404,0.68509,0.00150,0.00073,0.72846,-0.21618,3.59545,0.06221,
1686286701784962816,-241.81126,430.59459,2.21862,0.68419,0.00099,0.00036,0.72930,-0.24439,3.66060,0.00934,
1686286701885412352,-241.83562,430.95993,2.22038,0.68357,-0.00044,-0.00026,0.72988,-0.24963,3.60027,0.05706,
1686286701984493824,-241.86078,431.32233,2.22419,0.68249,0.00001,-0.00070,0.73089,-0.23432,3.65791,0.01728,
1686286702084617216,-241.88373,431.68727,2.22649,0.68325,-0.00155,-0.00130,0.73018,-0.13636,3.57760,0.05232,
1686286702185182464,-241.88939,432.05519,2.22710,0.68789,-0.00023,-0.00131,0.72581,0.10793,3.58693,0.02358,
1686286702285149952,-241.88114,432.41591,2.23074,0.69361,0.00195,-0.00001,0.72035,0.11639,3.59098,0.03219,
1686286702384739584,-241.86563,432.78307,2.23233,0.69601,0.00392,0.00288,0.71801,-0.03840,3.69633,-0.01787,
1686286702484579328,-241.87372,433.15452,2.23169,0.69479,0.00049,0.00296,0.71921,-0.23710,3.64798,0.04443,
1686286702584495616,-241.89108,433.51742,2.23388,0.69302,-0.00038,0.00130,0.72092,-0.13095,3.66442,-0.00152,
1686286702685123584,-241.90096,433.88569,2.23356,0.69207,-0.00032,0.00221,0.72183,-0.06751,3.59724,0.06067,
1686286702786547456,-241.90848,434.25289,2.23684,0.69177,0.00098,0.00148,0.72212,-0.07688,3.64662,-0.00161,
1686286702884752896,-241.92262,434.61179,2.23606,0.69493,-0.00221,-0.00024,0.71908,0.04330,3.58358,0.01691,
1686286702985205248,-241.90513,434.97941,2.23533,0.70278,-0.00113,-0.00047,0.71141,0.33883,3.62054,-0.00878,
1686286703084760064,-241.86636,435.34532,2.23387,0.71035,0.00111,0.00346,0.70384,0.38962,3.68487,0.01333,
1686286703185190912,-241.82670,435.71223,2.23525,0.71205,0.00369,0.00702,0.70208,0.14324,3.65230,0.00717,
1686286703286772992,-241.82454,436.08179,2.23738,0.71121,0.00177,0.00457,0.70296,-0.10248,3.60604,0.03808,
1686286703384731648,-241.83139,436.43914,2.23886,0.71010,0.00112,0.00160,0.70409,0.03605,3.59412,0.01393,
1686286703485432576,-241.82416,436.80378,2.24197,0.70869,0.00223,0.00099,0.70552,0.16325,3.63018,0.04839,
1686286703584482304,-241.80999,437.16569,2.24648,0.70787,0.00426,0.00333,0.70632,0.11940,3.68519,0.02049,
1686286703684682496,-241.80657,437.53066,2.24957,0.70778,0.00331,0.00278,0.70642,-0.04792,3.60160,0.02725,
1686286703785345280,-241.81067,437.89859,2.25481,0.70693,0.00126,0.00084,0.70728,-0.05126,3.63929,0.01877,
1686286703884957952,-241.81129,438.25944,2.25671,0.70518,0.00034,0.00043,0.70902,0.08009,3.60855,0.03570,
1686286703984613632,-241.80768,438.62780,2.25908,0.70416,0.00126,0.00174,0.71003,0.05353,3.64556,0.01417,
1686286704084405760,-241.80775,438.99061,2.26196,0.70439,0.00061,0.00115,0.70982,-0.05654,3.57408,0.06778,
1686286704184646144,-241.81777,439.35972,2.26653,0.70377,0.00002,-0.00184,0.71043,-0.06852,3.64064,0.01483,
1686286704287524352,-241.81779,439.73373,2.26673,0.70208,0.00002,-0.00112,0.71210,0.06431,3.56294,0.08215,
1686286704384850688,-241.81935,440.09173,2.27310,0.70139,0.00254,-0.00221,0.71277,0.00004,3.65132,0.00210,
1686286704484818944,-241.82175,440.46119,2.27472,0.70133,0.00106,-0.00082,0.71283,-0.03392,3.65601,0.05120,
1686286704585194240,-241.82422,440.82475,2.27771,0.70070,0.00066,-0.00155,0.71345,-0.00617,3.67301,0.00391,
1686286704684649472,-241.82183,441.19233,2.27829,0.69949,-0.00010,0.00159,0.71464,0.02231,3.69234,0.00070,
1686286704784698368,-241.82279,441.55390,2.27982,0.69920,-0.00031,0.00190,0.71493,-0.03697,3.61318,0.03984,
1686286704884585472,-241.83125,441.91352,2.28369,0.69912,-0.00158,0.00013,0.71500,-0.11246,3.61512,0.00846,
1686286704984850688,-241.83308,442.28483,2.28505,0.70019,-0.00108,-0.00019,0.71395,0.18664,3.55760,0.04046,
1686286705086254592,-241.81834,442.64793,2.28501,0.70149,0.00293,0.00145,0.71267,0.14647,3.59855,0.02914,
1686286705185390592,-241.81892,443.01495,2.28753,0.70133,0.00267,0.00145,0.71283,-0.12854,3.65909,-0.01425,
1686286705284448512,-241.82900,443.37809,2.28815,0.70030,0.00005,0.00069,0.71385,-0.12872,3.65231,0.03247,
1686286705384694784,-241.83374,443.73998,2.28896,0.69857,-0.00008,0.00144,0.71554,0.03515,3.66477,0.00136,
1686286705485252864,-241.83258,444.10624,2.28745,0.69757,0.00057,0.00337,0.71651,0.01002,3.60978,0.00195,
1686286705584828928,-241.83836,444.46981,2.28730,0.69759,0.00132,0.00296,0.71649,-0.07674,3.61730,0.01300,
1686286705685881344,-241.84714,444.83562,2.29012,0.69711,0.00007,0.00239,0.71696,-0.06596,3.66315,-0.00028,
1686286705784585216,-241.85201,445.19570,2.29102,0.69581,0.00053,0.00324,0.71822,-0.01967,3.55503,0.04565,
1686286705884699904,-241.85673,445.55643,2.29338,0.69498,0.00261,0.00279,0.71902,-0.04767,3.61770,-0.00575,
1686286705984728064,-241.86619,445.92417,2.29491,0.69461,0.00254,0.00239,0.71938,-0.13276,3.61572,0.02461,
1686286706086710272,-241.87880,446.29210,2.29763,0.69375,0.00117,0.00191,0.72021,-0.13252,3.66573,-0.00919,
1686286706184495872,-241.88894,446.64894,2.29634,0.69276,0.00052,0.00249,0.72116,-0.06651,3.60104,0.01110,
1686286706284858880,-241.89772,447.01703,2.29560,0.69248,0.00054,0.00364,0.72143,-0.02237,3.64755,-0.01822,
1686286706384710656,-241.90670,447.38291,2.29553,0.69246,0.00019,0.00300,0.72145,-0.16081,3.59832,0.03563,
1686286706484893952,-241.91956,447.74627,2.29460,0.69156,-0.00051,0.00251,0.72231,-0.14601,3.65840,-0.01963,
1686286706584713984,-241.92986,448.11499,2.29353,0.69029,-0.00001,0.00229,0.72352,-0.06139,3.57942,0.02216,
1686286706686512384,-241.94369,448.47601,2.29589,0.69177,-0.00099,0.00037,0.72211,-0.03580,3.61892,-0.01547,
1686286706784641280,-241.93562,448.84064,2.29696,0.69890,-0.00205,0.00055,0.71521,0.28211,3.58741,0.02843,
1686286706887468032,-241.90358,449.22012,2.29876,0.70575,0.00191,0.00234,0.70845,0.33752,3.56823,0.01700,
1686286706985236736,-241.88314,449.58058,2.30060,0.70701,0.00334,0.00347,0.70719,0.01624,3.65079,0.01225,
1686286707084629760,-241.88493,449.93603,2.31065,0.70533,0.00195,0.00129,0.70888,-0.09713,3.56977,0.05203,
1686286707184651264,-241.89683,450.31198,2.30721,0.70435,0.00110,0.00087,0.70986,0.02972,3.64049,-0.00190,
1686286707284621056,-241.89357,450.67366,2.30622,0.70363,0.00113,0.00159,0.71056,0.02783,3.59513,0.00779,
1686286707385850368,-241.89471,451.04545,2.30595,0.70298,0.00121,0.00213,0.71121,0.00882,3.63418,0.00266,
1686286707484841984,-241.89714,451.40501,2.30727,0.70176,0.00007,0.00278,0.71240,-0.02262,3.66842,-0.01919,
1686286707584687872,-241.90324,451.77866,2.30451,0.70066,-0.00094,0.00437,0.71348,-0.03988,3.63588,-0.01082,
1686286707685470720,-241.90859,452.14264,2.30366,0.69988,-0.00113,0.00416,0.71425,-0.04277,3.62998,-0.00813,
1686286707784827904,-241.91425,452.51111,2.30282,0.69898,-0.00083,0.00470,0.71513,-0.04855,3.63660,-0.01812,
1686286707885546240,-241.91695,452.87513,2.30358,0.69794,-0.00011,0.00482,0.71614,-0.01876,3.58066,0.03127,
1686286707984722944,-241.92499,453.25144,2.30525,0.69697,0.00099,0.00444,0.71709,-0.07995,3.62570,-0.00638,
1686286708084868352,-241.93381,453.61036,2.30776,0.69613,0.00185,0.00328,0.71790,-0.09103,3.55706,0.03937,
1686286708184578816,-241.94593,453.98497,2.31045,0.69501,0.00192,0.00147,0.71900,-0.13007,3.66374,0.00060,
1686286708285526528,-241.95390,454.35173,2.31229,0.69384,0.00179,0.00246,0.72012,-0.06180,3.62553,0.02909,
1686286708384493056,-241.95662,454.71711,2.31334,0.69449,0.00198,0.00264,0.71949,-0.04140,3.65687,0.00014,
1686286708485473280,-241.96067,455.07815,2.31629,0.69552,0.00274,0.00232,0.71850,-0.05694,3.58069,0.05561,
1686286708585163520,-241.96344,455.44841,2.31823,0.69586,0.00254,0.00252,0.71817,-0.00581,3.66879,-0.01911,
1686286708685058816,-241.96439,455.81011,2.31958,0.69612,0.00326,0.00343,0.71791,-0.01329,3.53826,0.05005,
1686286708785239552,-241.97408,456.18917,2.32063,0.69763,0.00204,0.00229,0.71645,-0.01558,3.67924,-0.02459,
1686286708884468224,-241.97330,456.55130,2.31928,0.70042,0.00056,0.00262,0.71372,0.10082,3.60556,0.01561,
1686286708984595712,-241.95427,456.93759,2.31947,0.70637,0.00078,0.00433,0.70783,0.40858,3.67058,-0.02900,
1686286709085454336,-241.91326,457.30250,2.31992,0.71476,0.00329,0.00692,0.69933,0.46303,3.50935,0.10167,
1686286709184632576,-241.86359,457.66355,2.32348,0.72059,0.00860,0.00821,0.69326,0.40343,3.63136,-0.05240,
1686286709285524480,-241.83616,458.04024,2.32253,0.72079,0.00868,0.00835,0.69305,0.09986,3.58091,0.08696,
1686286709386511360,-241.82450,458.41062,2.32720,0.71896,0.00845,0.00666,0.69497,0.13223,3.70172,-0.01780,
1686286709484511488,-241.80742,458.76703,2.32909,0.71806,0.00834,0.00754,0.69589,0.20867,3.52139,0.10617,
1686286709584534528,-241.79032,459.12388,2.33624,0.71898,0.01033,0.00456,0.69494,0.15858,3.61988,-0.01637,
1686286709684550400,-241.76923,459.48553,2.33644,0.72424,0.00666,0.00231,0.68951,0.46844,3.54002,0.07838,
1686286709785660928,-241.70985,459.85389,2.34481,0.73284,0.00953,0.00371,0.68032,0.77678,3.56206,-0.02486,
1686286709885446656,-241.63154,460.22545,2.34280,0.74182,0.00969,0.00815,0.67048,0.75738,3.60554,0.01100,
1686286709984505600,-241.56113,460.58706,2.34589,0.74979,0.00972,0.00776,0.66156,0.66608,3.54915,0.04642,
1686286710087040256,-241.48516,460.96395,2.34571,0.75430,0.00953,0.01003,0.65638,0.67824,3.62711,0.02284,
1686286710185336832,-241.42732,461.31718,2.34881,0.75411,0.01020,0.00806,0.65662,0.44926,3.62790,-0.02235,
1686286710284918784,-241.37744,461.67805,2.34730,0.75326,0.00839,0.00776,0.65763,0.50397,3.58793,0.06265,
1686286710384472576,-241.31729,462.03785,2.34818,0.75221,0.00960,0.00981,0.65879,0.57177,3.61517,-0.02768,
1686286710484932352,-241.26796,462.41178,2.34774,0.75434,0.00516,0.00793,0.65641,0.60010,3.48359,0.03171,
1686286710584862208,-241.20448,462.76192,2.35139,0.75937,0.00609,0.00448,0.65062,0.77752,3.54673,0.01573,
1686286710685064192,-241.12137,463.12395,2.35542,0.76435,0.00754,0.00402,0.64475,0.90288,3.54611,0.03059,
1686286710784648448,-241.03715,463.49309,2.36099,0.77104,0.00388,0.00297,0.63676,0.93521,3.65683,-0.00715,
1686286710885156352,-240.93914,463.86334,2.35911,0.77910,0.00053,0.00353,0.62689,0.99100,3.56350,-0.01012,
1686286710985489920,-240.82884,464.21841,2.35923,0.78651,-0.00113,0.00339,0.61757,1.15415,3.48387,-0.01422,
1686286711085468416,-240.71208,464.57868,2.35444,0.79490,-0.00613,0.00242,0.60670,1.28575,3.49946,-0.01526,
1686286711184985088,-240.56532,464.91547,2.35827,0.80701,-0.00512,0.00185,0.59052,1.74671,3.21414,0.05317,
1686286711284684544,-240.38799,465.25344,2.35889,0.82091,-0.00226,0.00207,0.57106,1.83006,3.20302,-0.00519,
1686286711384519680,-240.20650,465.58348,2.36108,0.83474,-0.00310,-0.00002,0.55064,1.86426,3.12824,0.04725,
1686286711485159680,-240.01135,465.90793,2.36150,0.84789,-0.00588,-0.00211,0.53014,2.18121,3.03680,-0.03723,
1686286711584624896,-239.78142,466.21021,2.36097,0.86129,-0.00366,0.00007,0.50810,2.35330,2.81949,0.06400,
1686286711684622080,-239.53710,466.49923,2.36364,0.87536,-0.00282,0.00109,0.48346,2.52670,2.73352,-0.04817,
1686286711785052928,-239.28636,466.77607,2.36351,0.88882,-0.00592,0.00058,0.45822,2.38204,2.55213,0.13251,
1686286711884879616,-239.03261,467.02348,2.37003,0.90166,-0.00646,-0.00422,0.43237,2.74681,2.28102,0.00473,
1686286711987208960,-238.73776,467.25767,2.36828,0.91517,-0.00486,-0.00351,0.40302,2.93443,1.96870,0.04050,
1686286712084654336,-238.44640,467.43571,2.37622,0.92720,0.00001,-0.00417,0.37453,3.01692,1.84210,0.00766,
1686286712184781824,-238.14481,467.62524,2.37547,0.93617,-0.00160,-0.00021,0.35156,2.95375,2.03993,-0.00341,
1686286712285193984,-237.86322,467.79943,2.38038,0.94075,0.00092,-0.00063,0.33911,2.72153,1.80568,0.10292,
1686286712384506112,-237.58363,467.97853,2.37891,0.94268,0.00479,-0.00009,0.33367,2.86313,2.04919,-0.04909,
1686286712485250816,-237.31538,468.18904,2.37957,0.94296,0.00205,-0.00045,0.33291,2.51010,2.20279,0.08868,
1686286712585217280,-237.06379,468.41036,2.38020,0.94248,-0.00198,-0.00410,0.33422,2.61137,2.20190,-0.04140,
1686286712684688640,-236.79428,468.61386,2.38189,0.94120,0.00081,-0.00262,0.33785,2.78052,1.90930,0.02389,
1686286712784604672,-236.51812,468.82058,2.38303,0.94127,0.00413,-0.00065,0.33762,2.77671,2.14333,0.00065,
1686286712886463232,-236.24853,469.04928,2.38841,0.94171,0.00105,-0.00106,0.33643,2.62836,2.24017,0.02400,
1686286712985428992,-235.98254,469.26445,2.39033,0.94120,0.00115,-0.00074,0.33783,2.71834,2.08845,0.04769,
1686286713085000448,-235.70845,469.46751,2.39541,0.94076,0.00652,-0.00135,0.33901,2.85457,1.97274,-0.02647,
1686286713184430848,-235.43066,469.67835,2.39664,0.94180,0.00743,0.00020,0.33610,2.68499,2.12620,0.07812,
1686286713284800768,-235.16551,469.88943,2.40351,0.94296,0.00554,-0.00194,0.33286,2.68974,2.16630,0.02116,
1686286713384944384,-234.89407,470.10369,2.40790,0.94421,0.00165,-0.00350,0.32932,2.75252,1.93974,0.10594,
1686286713484583680,-234.61638,470.28726,2.41901,0.94692,0.00412,-0.00621,0.32138,2.87749,1.78875,0.01688,
1686286713585915648,-234.31970,470.46807,2.42873,0.95151,0.00484,-0.00750,0.30750,2.99086,1.68465,0.09352,
1686286713685642496,-234.01537,470.64617,2.43635,0.95571,0.00437,-0.00705,0.29421,3.08352,1.76055,0.05320,
1686286713784539136,-233.71683,470.81592,2.44743,0.95904,0.00301,-0.00653,0.28318,3.04512,1.65059,0.08470,
1686286713884838400,-233.40349,470.98456,2.45460,0.96219,0.00201,-0.00559,0.27232,3.08738,1.61341,0.08353,
1686286713984613120,-233.10091,471.13889,2.46535,0.96547,0.00136,-0.00769,0.26038,3.02154,1.40203,0.13962,
1686286714084536576,-232.78761,471.28594,2.47640,0.96861,0.00136,-0.00962,0.24840,3.12654,1.40311,0.06150,
1686286714184455424,-232.47039,471.42384,2.48749,0.97212,0.00023,-0.01088,0.23421,3.15600,1.20002,0.12797,
1686286714285358080,-232.13442,471.54260,2.49916,0.97682,-0.00048,-0.01200,0.21372,3.38142,0.93408,0.06645,
1686286714384585984,-231.79126,471.62964,2.50700,0.98150,0.00351,-0.01011,0.19117,3.41275,0.67979,0.10446,
1686286714485285120,-231.43678,471.71004,2.51122,0.98555,0.00430,-0.00807,0.16913,3.54383,0.74102,0.03339,
1686286714584396544,-231.09322,471.77542,2.51683,0.98901,0.00399,-0.00692,0.14762,3.49672,0.46994,0.06922,
1686286714685466880,-230.73137,471.83054,2.51269,0.99209,0.00349,-0.00384,0.12545,3.53038,0.45438,0.00675,
1686286714784801536,-230.38484,471.86016,2.51620,0.99464,0.00416,-0.00373,0.10323,3.46047,0.21256,-0.00843,
1686286714884567296,-230.01951,471.87795,2.51010,0.99671,0.00440,0.00110,0.08090,3.69893,0.07127,-0.03278,
1686286714985072384,-229.67206,471.87802,2.51360,0.99789,0.00870,-0.00051,0.06432,3.41278,0.07998,0.09892,
1686286715085042432,-229.32159,471.88459,2.51892,0.99862,0.00981,-0.00108,0.05165,3.65579,0.14147,-0.05183,
1686286715184886272,-228.97418,471.89736,2.52030,0.99887,0.01034,-0.00103,0.04634,3.37978,0.25907,0.08007,
1686286715284617984,-228.63104,471.91978,2.52643,0.99880,0.00980,-0.00197,0.04787,3.60594,0.39829,-0.03404,
1686286715384781568,-228.27291,471.95954,2.52719,0.99869,0.00842,0.00011,0.05039,3.48378,0.34142,0.06440,
1686286715484983552,-227.92048,471.99104,2.53128,0.99865,0.00905,-0.00095,0.05113,3.55244,0.31387,-0.03110,
1686286715586910976,-227.55700,472.02724,2.52934,0.99862,0.00788,0.00091,0.05196,3.53340,0.37266,0.01764,
1686286715684443392,-227.21019,472.06628,2.53216,0.99868,0.00432,0.00158,0.05112,3.56890,0.31577,-0.00583,
1686286715784703488,-226.85101,472.08634,2.52890,0.99910,0.00256,0.00179,0.04241,3.58179,-0.09189,0.02665,
1686286715884634368,-226.49152,472.06972,2.53492,0.99954,0.00651,-0.00075,0.02976,3.58509,-0.17357,0.03237,
1686286715985452544,-226.12532,472.05457,2.53571,0.99983,0.00687,-0.00064,0.01705,3.67351,-0.17131,0.00910,
1686286716084762880,-225.75836,472.03625,2.54176,0.99994,0.00824,-0.00116,0.00747,3.59605,-0.24445,0.03437,
1686286716184455168,-225.39701,472.01591,2.54529,0.99993,0.01127,-0.00140,0.00411,3.67002,-0.00167,0.01257,
1686286716284992256,-225.02998,472.02411,2.54714,0.99995,0.00807,-0.00108,0.00545,3.65366,0.16511,0.03428,
1686286716384870144,-224.66144,472.03623,2.54824,0.99995,0.00619,-0.00043,0.00776,3.70840,0.03009,0.00514,
1686286716484655104,-224.29042,472.03905,2.54940,0.99993,0.00697,0.00030,0.00925,3.68101,-0.01412,0.02615,
1686286716585103616,-223.92392,472.04309,2.55243,0.99993,0.00697,-0.00061,0.00911,3.69572,0.06370,0.01329,
1686286716685425664,-223.55085,472.05110,2.55469,0.99994,0.00561,0.00012,0.00974,3.73035,0.07676,0.00667,
1686286716784852992,-223.18043,472.05926,2.54915,0.99992,0.00605,0.00046,0.01114,3.69753,0.04891,0.01673,
1686286716884857856,-222.80867,472.06525,2.54544,0.99992,0.00562,0.00063,0.01167,3.74496,0.04606,-0.01302,
1686286716985272576,-222.43576,472.07650,2.54506,0.99991,0.00532,0.00006,0.01194,3.67722,0.11750,0.03251,
1686286717085415424,-222.06402,472.08570,2.54722,0.99990,0.00520,-0.00036,0.01319,3.77983,0.05354,-0.02356,
1686286717184403200,-221.69275,472.09439,2.54370,0.99988,0.00556,-0.00013,0.01412,3.69488,0.08781,0.02608,
1686286717284922880,-221.31689,472.10048,2.54743,0.99987,0.00552,-0.00137,0.01480,3.71523,0.11883,0.02392,
1686286717384941568,-220.93899,472.11433,2.54949,0.99987,0.00434,-0.00193,0.01567,3.75017,0.11032,-0.00023,
1686286717485005312,-220.56565,472.12050,2.55226,0.99983,0.00616,-0.00137,0.01725,3.76127,0.04594,0.02623,
1686286717584738560,-220.19556,472.12293,2.55314,0.99981,0.00720,-0.00136,0.01779,3.74945,0.10260,0.01984,
1686286717686582272,-219.81556,472.13268,2.55696,0.99981,0.00683,-0.00181,0.01819,3.69599,0.14264,0.02830,
1686286717785080064,-219.44575,472.14477,2.55939,0.99979,0.00599,-0.00241,0.01963,3.72486,0.13864,0.01875,
1686286717884525312,-219.06987,472.14842,2.56302,0.99974,0.00720,-0.00201,0.02144,3.73165,0.11697,0.02970,
1686286717984488448,-218.69688,472.16172,2.56595,0.99973,0.00651,-0.00189,0.02202,3.73305,0.13224,0.04066,
1686286718085619712,-218.31427,472.17465,2.57147,0.99971,0.00661,-0.00286,0.02292,3.73870,0.17316,0.04490,
1686286718184839936,-217.94461,472.18820,2.57391,0.99968,0.00755,-0.00287,0.02401,3.76363,0.11435,0.02455,
1686286718284796672,-217.56395,472.20217,2.57471,0.99966,0.00763,-0.00261,0.02467,3.73906,0.16456,0.02999,
1686286718384875520,-217.18785,472.21831,2.57492,0.99965,0.00720,-0.00235,0.02550,3.76491,0.18408,-0.00282,
1686286718484588800,-216.80725,472.23417,2.57646,0.99962,0.00651,-0.00130,0.02688,3.73073,0.15352,0.04698,
1686286718585745152,-216.43301,472.24507,2.58040,0.99956,0.00829,-0.00143,0.02845,3.74246,0.12360,0.01918,
1686286718684813312,-216.05602,472.26171,2.57960,0.99955,0.00820,-0.00146,0.02877,3.69183,0.19165,0.04548,
1686286718784848384,-215.68618,472.27949,2.58374,0.99952,0.00837,-0.00407,0.02943,3.73111,0.19809,0.01765,
1686286718886582784,-215.29644,472.30538,2.58238,0.99956,0.00510,-0.00269,0.02904,3.77989,0.15548,0.01611,
1686286718984876800,-214.93907,472.30583,2.58878,0.99972,0.00553,-0.00344,0.02256,3.68557,-0.21146,0.04695,
1686286719084566016,-214.56118,472.28077,2.59072,0.99980,0.01192,-0.00360,0.01576,3.74867,-0.14231,0.00865,
1686286719186956288,-214.18126,472.27769,2.59476,0.99980,0.01218,-0.00418,0.01538,3.69870,0.18172,0.04700,
1686286719285953280,-213.80877,472.29322,2.59650,0.99979,0.01005,-0.00345,0.01751,3.77860,0.17002,-0.00813,
1686286719384686592,-213.43976,472.30784,2.60095,0.99979,0.00804,-0.00309,0.01858,3.64584,0.05972,0.07461,
1686286719484954624,-213.06683,472.30680,2.60544,0.99980,0.00999,-0.00442,0.01680,3.73275,-0.10970,-0.00582,
1686286719584539648,-212.69082,472.30083,2.61182,0.99980,0.01186,-0.00399,0.01537,3.71502,0.04261,0.05036,
1686286719684463360,-212.31031,472.31328,2.61394,0.99979,0.01150,-0.00324,0.01673,3.79961,0.16535,0.02239,
1686286719784905728,-211.92521,472.32973,2.61854,0.99978,0.00984,-0.00232,0.01841,3.74544,0.10024,0.03632,
1686286719884650496,-211.55414,472.33896,2.62152,0.99975,0.01000,-0.00217,0.01975,3.75625,0.09960,-0.00197,
1686286719984766208,-211.16550,472.34876,2.62206,0.99974,0.01028,-0.00010,0.02059,3.78315,0.08610,0.01542,
1686286720084946688,-210.79436,472.35714,2.62330,0.99971,0.01036,0.00067,0.02184,3.75623,0.11989,0.00271,
1686286720184848128,-210.41407,472.36860,2.62348,0.99968,0.01046,0.00091,0.02281,3.75004,0.12635,0.04657,
1686286720285577728,-210.04711,472.38311,2.62849,0.99966,0.01025,-0.00178,0.02384,3.77106,0.11897,-0.03371,
1686286720384513280,-209.65980,472.39685,2.62411,0.99963,0.01039,0.00078,0.02506,3.74148,0.14855,0.05626,
1686286720484935168,-209.29346,472.41207,2.63129,0.99960,0.00971,-0.00211,0.02633,3.66375,0.18057,-0.00449,
1686286720584801792,-208.89640,472.43422,2.62288,0.99958,0.00818,0.00159,0.02775,3.86017,0.18985,-0.08500,
1686286720685298944,-208.52365,472.45026,2.62906,0.99953,0.00851,0.00150,0.02955,3.70253,0.12635,0.07434,
1686286720784618240,-208.13891,472.46754,2.62801,0.99938,0.01020,0.00349,0.03343,3.85245,0.32137,-0.05718,
1686286720884713728,-207.76845,472.50336,2.62650,0.99933,0.00593,0.00276,0.03590,3.64993,0.27129,0.03847,
1686286720984540160,-207.39252,472.52709,2.62656,0.99930,0.00614,0.00134,0.03685,3.84333,0.20855,-0.03887,
1686286721084766208,-207.01184,472.54560,2.62652,0.99925,0.00732,0.00290,0.03779,3.77493,0.13120,0.04114,
1686286721184878592,-206.62584,472.56480,2.62629,0.99922,0.00801,0.00296,0.03857,3.74227,0.22016,-0.02941,
1686286721285801472,-206.25291,472.58823,2.62590,0.99922,0.00721,0.00101,0.03887,3.65626,0.24506,0.06155,
1686286721384524800,-205.87679,472.61474,2.63099,0.99918,0.00643,-0.00050,0.04005,3.74989,0.23953,0.01096,
1686286721484620800,-205.50535,472.63661,2.63471,0.99911,0.00690,-0.00199,0.04154,3.66230,0.19735,0.07926,
1686286721584812032,-205.12525,472.66272,2.63946,0.99907,0.00711,-0.00379,0.04246,3.75563,0.22390,0.00312,
1686286721684898816,-204.75562,472.68893,2.64599,0.99903,0.00683,-0.00478,0.04320,3.68726,0.28834,0.10665,
1686286721785096960,-204.37252,472.72250,2.65196,0.99899,0.00609,-0.00490,0.04431,3.85270,0.22040,-0.05290,
1686286721884780288,-203.99320,472.74265,2.65142,0.99893,0.00780,-0.00150,0.04566,3.67774,0.22896,0.12095,
1686286721984570880,-203.62708,472.77599,2.66323,0.99890,0.00584,-0.00623,0.04601,3.60672,0.32871,0.06641,
1686286722084558592,-203.24449,472.80944,2.66240,0.99887,0.00540,-0.00381,0.04704,3.84314,0.30468,-0.05079,
1686286722184633856,-202.87733,472.83409,2.66709,0.99877,0.00683,-0.00438,0.04889,3.66564,0.18368,0.11540,
1686286722285229824,-202.50310,472.86527,2.67246,0.99878,0.00671,-0.00250,0.04891,3.87847,0.34727,-0.05359,
1686286722384671232,-202.13103,472.89361,2.67135,0.99876,0.00746,-0.00088,0.04928,3.59880,0.28311,0.09409,
1686286722484483840,-201.76345,472.92787,2.68005,0.99868,0.00720,-0.00376,0.05081,3.73064,0.28137,0.01625,
1686286722585633792,-201.38658,472.95439,2.68046,0.99868,0.00803,-0.00187,0.05076,3.68401,0.22794,0.05856,
1686286722685530880,-201.02146,472.98162,2.68634,0.99867,0.00965,-0.00384,0.05043,3.61132,0.24534,0.01396,
1686286722786293248,-200.65179,473.00969,2.68620,0.99861,0.00964,-0.00413,0.05173,3.73881,0.35751,0.04159,
1686286722884720640,-200.27693,473.04948,2.69275,0.99852,0.00948,-0.00287,0.05346,3.73755,0.31623,0.03061,
1686286722984967168,-199.90267,473.08230,2.69620,0.99842,0.00997,-0.00195,0.05518,3.68971,0.32086,0.03790,
1686286723084848640,-199.52772,473.12411,2.70040,0.99836,0.00979,-0.00295,0.05625,3.66659,0.36789,0.04309,
1686286723184578048,-199.16438,473.16242,2.70543,0.99829,0.00895,-0.00314,0.05769,3.68929,0.39470,0.05534,
1686286723284565248,-198.79377,473.20408,2.70880,0.99816,0.00978,-0.00347,0.05966,3.67190,0.32529,0.05063,
1686286723385305600,-198.42796,473.24004,2.71100,0.99810,0.00989,-0.00297,0.06081,3.63631,0.38474,0.03601,
1686286723484724224,-198.06489,473.28463,2.71535,0.99805,0.00921,-0.00478,0.06151,3.44780,0.43838,0.18057,
1686286723584590336,-197.73670,473.32577,2.74300,0.99783,0.00614,-0.01994,0.06245,2.90943,0.32582,0.52579,
1686286723685306368,-197.42861,473.35346,2.77388,0.99721,0.01012,-0.03646,0.06431,3.48517,0.24503,-0.00099,
1686286723784753920,-197.06604,473.39349,2.77552,0.99731,0.01019,-0.03343,0.06446,3.67401,0.38757,0.06822,
1686286723884928512,-196.69248,473.43143,2.79395,0.99766,0.01107,-0.02223,0.06377,4.15825,0.48448,0.04348,
1686286723984803072,-196.26631,473.48160,2.77624,0.99793,0.00731,0.00667,0.06362,4.31083,0.31114,-0.50721,
1686286724084538880,-195.86559,473.50855,2.73113,0.99745,0.01129,0.02864,0.06434,3.84601,0.44281,-0.14179,
1686286724185021952,-195.52005,473.54285,2.72792,0.99747,0.01026,0.02768,0.06470,3.22864,0.32540,0.20061,
1686286724284533760,-195.20005,473.57894,2.72234,0.99762,0.01008,0.01758,0.06585,3.12054,0.34514,-0.06466,
1686286724384489472,-194.89483,473.61022,2.71627,0.99767,0.01153,-0.00393,0.06709,2.96981,0.30384,-0.00346,
1686286724484739072,-194.55269,473.65118,2.72860,0.99772,0.00989,-0.00893,0.06620,3.77260,0.47358,-0.01607,
1686286724585589248,-194.17066,473.69675,2.73959,0.99769,0.00855,-0.00240,0.06734,3.50657,0.37546,0.06394,
1686286724685293312,-193.82206,473.73675,2.74965,0.99755,0.00917,-0.00505,0.06923,3.58101,0.32014,0.01712,
1686286724784637440,-193.46090,473.77537,2.75847,0.99747,0.01017,-0.00410,0.07029,3.52059,0.34707,0.09003,
1686286724884943616,-193.10808,473.81190,2.76590,0.99741,0.01029,-0.00466,0.07104,3.47935,0.39927,0.00513,
1686286724984618496,-192.75242,473.86530,2.76783,0.99739,0.00933,-0.00392,0.07153,3.45148,0.43348,0.04357,
1686286725085473024,-192.40467,473.90643,2.77275,0.99728,0.00961,-0.00476,0.07294,3.52602,0.37191,0.03512,
1686286725184661504,-192.05434,473.95190,2.77770,0.99720,0.01142,-0.00296,0.07385,3.50406,0.34781,0.05840,
1686286725284429824,-191.70684,473.99144,2.78334,0.99718,0.01168,-0.00303,0.07410,3.44918,0.42070,0.03009,
1686286725384783872,-191.35411,474.04791,2.78390,0.99713,0.01174,-0.00392,0.07471,3.45913,0.45945,0.05660,
1686286725484606720,-191.00747,474.09283,2.78847,0.99703,0.01139,-0.00408,0.07603,3.50888,0.38346,0.03810,
1686286725585076736,-190.64685,474.14666,2.79287,0.99694,0.01238,-0.00361,0.07708,3.45652,0.41606,0.05644,
1686286725684502528,-190.30036,474.19020,2.79813,0.99688,0.01265,-0.00429,0.07775,3.46676,0.43994,0.04806,
1686286725784531968,-189.94164,474.25033,2.80689,0.99685,0.01169,-0.00520,0.07827,3.49370,0.50489,0.06548,
1686286725885140736,-189.59233,474.29898,2.81321,0.99675,0.01177,-0.00484,0.07959,3.53967,0.44547,0.04153,
1686286725984751616,-189.22861,474.35452,2.82371,0.99667,0.01235,-0.00420,0.08051,3.48083,0.44435,0.08639,
1686286726085208064,-188.87931,474.39872,2.82899,0.99663,0.01256,-0.00511,0.08094,3.49363,0.47693,0.04252,
1686286726184962560,-188.52974,474.45976,2.83568,0.99662,0.01178,-0.00438,0.08113,3.51504,0.50259,0.07130,
1686286726284934400,-188.18046,474.50712,2.84037,0.99653,0.01265,-0.00430,0.08217,3.55514,0.44932,0.04738,
1686286726384887296,-187.81091,474.56495,2.84759,0.99645,0.01341,-0.00321,0.08311,3.53286,0.49224,0.05576,
1686286726484636160,-187.45855,474.61703,2.85154,0.99638,0.01302,-0.00442,0.08393,3.47953,0.53390,0.06825,
1686286726584700160,-187.09905,474.68172,2.85915,0.99628,0.01173,-0.00431,0.08524,3.60722,0.55854,0.02024,
1686286726684656896,-186.74409,474.73414,2.86309,0.99623,0.01122,-0.00319,0.08602,3.57644,0.46493,0.07235,
1686286726784818432,-186.37684,474.78839,2.86564,0.99628,0.01211,-0.00286,0.08522,3.63899,0.49378,0.00692,
1686286726885069568,-186.01592,474.84312,2.86630,0.99624,0.01198,-0.00171,0.08574,3.56714,0.60853,0.04519,
1686286726984958720,-185.65529,474.90855,2.86830,0.99614,0.01047,-0.00153,0.08719,3.58764,0.58962,0.02841,
1686286727084662272,-185.29369,474.96878,2.87093,0.99600,0.01015,-0.00075,0.08881,3.63281,0.56562,0.00344,
1686286727185036032,-184.92510,475.03220,2.87325,0.99589,0.00993,-0.00063,0.08998,3.57761,0.56241,0.05376,
1686286727284612864,-184.57036,475.08926,2.87766,0.99580,0.00967,-0.00254,0.09098,3.64209,0.63354,0.02742,
1686286727384731392,-184.19732,475.15571,2.87962,0.99570,0.00887,-0.00149,0.09218,3.64499,0.59522,0.03797,
1686286727487618816,-183.82751,475.21750,2.88357,0.99555,0.00907,-0.00186,0.09379,3.64900,0.59918,0.00493,
1686286727584476672,-183.46738,475.28471,2.88472,0.99561,0.00749,-0.00117,0.09326,3.64858,0.58203,0.02636,
1686286727685701120,-183.09704,475.34192,2.88856,0.99605,0.00552,-0.00145,0.08862,3.67788,0.41787,0.02028,
1686286727785010432,-182.72000,475.37947,2.88818,0.99655,0.00851,-0.00048,0.08258,3.72687,0.25462,0.02002,
1686286727884656384,-182.35063,475.41276,2.88886,0.99673,0.01159,-0.00039,0.08003,3.63665,0.46967,0.04215,
1686286727984877824,-181.98053,475.47631,2.89612,0.99663,0.00918,-0.00286,0.08142,3.59094,0.68915,0.04422,
1686286728084675584,-181.61675,475.53964,2.89850,0.99647,0.00629,-0.00306,0.08364,3.64406,0.57267,0.02338,
1686286728185215488,-181.24770,475.60364,2.90764,0.99655,0.00407,-0.00518,0.08273,3.52789,0.39613,0.14533,
1686286728284880896,-180.88649,475.64043,2.91714,0.99699,0.00537,-0.00745,0.07696,3.72784,0.25452,0.00204,
1686286728384774656,-180.50924,475.67937,2.92379,0.99753,0.00494,-0.00808,0.06954,3.64708,0.32648,0.09976,
1686286728487220736,-180.12295,475.71484,2.93058,0.99806,0.00288,-0.00725,0.06180,3.83826,0.21940,-0.00118,
1686286728584495104,-179.74160,475.73123,2.93160,0.99865,0.00325,-0.00313,0.05172,3.74047,-0.03222,0.06362,
1686286728685165568,-179.35998,475.73011,2.93454,0.99910,0.00703,-0.00284,0.04168,3.74182,-0.04483,0.01572,
1686286728784727808,-178.98333,475.73924,2.93468,0.99926,0.00891,-0.00195,0.03750,3.72070,0.19118,0.04304,
1686286728884612352,-178.61028,475.76814,2.93944,0.99919,0.00762,-0.00220,0.03938,3.68396,0.29805,0.04247,
1686286728985808640,-178.23431,475.79611,2.94312,0.99911,0.00662,-0.00258,0.04166,3.76010,0.22001,0.00926,
1686286729085085440,-177.86567,475.82293,2.94631,0.99908,0.00719,-0.00265,0.04225,3.70708,0.21154,0.05736,
1686286729184602624,-177.49403,475.84635,2.95058,0.99902,0.00750,-0.00243,0.04348,3.76338,0.21940,0.02136,
1686286729285154048,-177.11127,475.88025,2.95203,0.99896,0.00722,-0.00123,0.04505,3.72485,0.24554,0.00968,
1686286729384971264,-176.74131,475.90545,2.95480,0.99890,0.00764,-0.00215,0.04622,3.68681,0.27722,0.05566,
1686286729484876032,-176.36847,475.94177,2.96030,0.99888,0.00686,-0.00277,0.04684,3.79127,0.29885,0.00630,
1686286729584562176,-175.99041,475.97302,2.95809,0.99882,0.00618,0.00039,0.04808,3.86755,0.26013,-0.09606,
1686286729684661760,-175.60785,476.00561,2.94846,0.99873,0.00735,0.00600,0.04948,3.82825,0.26875,-0.06874,
1686286729785453312,-175.22425,476.03082,2.94294,0.99864,0.00900,0.00974,0.05036,3.77312,0.26009,-0.06214,
1686286729884985344,-174.84927,476.06111,2.93423,0.99859,0.00918,0.01232,0.05081,3.67611,0.24692,-0.05711,
1686286729984521984,-174.48754,476.08169,2.93059,0.99852,0.01184,0.00920,0.05225,3.56001,0.23892,0.01808,
1686286730086631168,-174.12346,476.11422,2.93143,0.99849,0.01230,0.00588,0.05320,3.62121,0.27165,-0.01746,
1686286730185208064,-173.77270,476.14567,2.93054,0.99844,0.01247,0.00307,0.05430,3.53226,0.31782,0.02675,
1686286730285492736,-173.41225,476.18275,2.93437,0.99836,0.01276,0.00069,0.05573,3.62118,0.30977,-0.01347,
1686286730384703488,-173.05752,476.21208,2.93828,0.99842,0.01171,0.00084,0.05495,3.57682,0.22192,0.03981,
1686286730484552448,-172.69521,476.23612,2.93880,0.99859,0.01319,0.00013,0.05139,3.56505,0.14213,-0.01074,
1686286730589174016,-172.32809,476.25485,2.94319,0.99880,0.01277,-0.00051,0.04728,3.51694,0.14658,0.04289,
1686286730684734464,-171.97710,476.27591,2.94699,0.99893,0.01313,-0.00039,0.04424,3.59377,0.11540,0.00185,
1686286730784527104,-171.62108,476.28590,2.95239,0.99907,0.01349,0.00010,0.04104,3.46631,0.09053,0.03362,
1686286730885252352,-171.26225,476.30138,2.95612,0.99922,0.01301,-0.00068,0.03718,3.52188,0.10405,-0.01105,
1686286730984794624,-170.91671,476.30764,2.95828,0.99941,0.01154,-0.00014,0.03247,3.47459,0.03215,0.03800,
1686286731084685056,-170.55334,476.30959,2.95944,0.99959,0.01113,0.00156,0.02635,3.51751,-0.11193,-0.03753,
1686286731184506880,-170.20545,476.29689,2.95572,0.99983,0.00947,0.00321,0.01554,3.32870,-0.31326,0.00991,
1686286731284706560,-169.85759,476.25874,2.95726,0.99993,0.01147,0.00242,0.00152,3.36689,-0.45087,-0.00984,
1686286731384416512,-169.51248,476.21916,2.95876,0.99985,0.01131,0.00294,-0.01241,3.27442,-0.47518,0.03025,
1686286731485076480,-169.17696,476.16987,2.96158,0.99961,0.01205,0.00201,-0.02520,3.21971,-0.57006,-0.01373,
1686286731584810496,-168.85367,476.11429,2.96332,0.99921,0.01182,0.00124,-0.03802,3.12428,-0.65112,0.03459,
1686286731685754624,-168.53621,476.04954,2.96734,0.99868,0.01330,-0.00017,-0.04963,3.11493,-0.65521,0.01510,
1686286731784761600,-168.22990,475.99155,2.97080,0.99823,0.01240,-0.00095,-0.05814,3.02187,-0.58270,0.06673,
1686286731885004032,-167.92317,475.93320,2.97324,0.99778,0.01088,-0.00206,-0.06562,3.02218,-0.66246,0.00246,
1686286731984733952,-167.61496,475.87096,2.97179,0.99712,0.00866,-0.00215,-0.07526,2.90324,-0.78163,0.05022,
1686286732085448704,-167.32011,475.78633,2.97336,0.99599,0.00750,-0.00342,-0.08907,2.92997,-0.95062,-0.03643,
1686286732184810752,-167.01866,475.68968,2.95704,0.99450,0.00748,-0.00188,-0.10445,2.83285,-1.10731,0.01501,
1686286732285255168,-166.73039,475.58601,2.96625,0.99258,0.00751,-0.00287,-0.12133,2.74110,-1.21038,0.02507,
1686286732384746752,-166.44969,475.46516,2.95929,0.99021,0.00806,-0.00166,-0.13934,2.74679,-1.28850,-0.04072,
1686286732484598272,-166.17976,475.33872,2.95006,0.98739,0.00601,-0.00230,-0.15819,2.53534,-1.31631,0.01960,
1686286732586378240,-165.91012,475.20480,2.95296,0.98398,0.00333,-0.00437,-0.17818,2.56842,-1.38063,-0.02449,
1686286732684603392,-165.65455,475.06875,2.95398,0.98038,-0.00129,-0.00407,-0.19707,2.48925,-1.44142,0.04381,
1686286732785250560,-165.40543,474.91059,2.95728,0.97669,-0.00078,-0.00582,-0.21456,2.41684,-1.72262,-0.06137,
1686286732884946688,-165.15794,474.73711,2.95167,0.97226,-0.00057,-0.00373,-0.23387,2.32765,-1.86529,-0.00772,
1686286732985058048,-164.91053,474.55218,2.94879,0.96718,0.00106,-0.00469,-0.25404,2.25364,-1.83972,-0.01139,
1686286733085123584,-164.69210,474.37243,2.96048,0.96116,-0.00037,-0.00120,-0.27599,2.19152,-1.91538,-0.02709,
1686286733184526336,-164.48420,474.17934,2.96491,0.95554,0.00208,0.00033,-0.29486,1.86860,-1.99889,0.02113,
1686286733284890624,-164.30197,473.98221,2.96894,0.94977,0.00442,-0.00184,-0.31292,1.66365,-2.07279,-0.00398,
1686286733385762816,-164.13504,473.77837,2.97512,0.94336,0.00933,-0.00349,-0.33161,1.57765,-2.02173,0.01126,
1686286733484824064,-163.97678,473.59135,2.97881,0.93675,0.00946,-0.00310,-0.34985,1.57420,-1.88307,-0.00017,
1686286733584969216,-163.82516,473.41925,2.98438,0.92996,0.00563,-0.00071,-0.36761,1.43282,-1.77159,0.01314,
1686286733684600832,-163.69586,473.24364,2.98363,0.92237,0.00361,0.00095,-0.38628,1.09013,-1.85779,-0.01658,
1686286733784557568,-163.60336,473.06096,2.98414,0.91460,0.00680,0.00011,-0.40430,0.84588,-1.82370,0.02897,
1686286733885272832,-163.52168,472.88520,2.98211,0.90671,0.00798,0.00023,-0.42168,0.77850,-1.70961,-0.01901,
1686286733984551168,-163.44945,472.72844,2.98167,0.89824,0.00649,0.00034,-0.43946,0.68011,-1.54149,0.01730,
1686286734085274368,-163.38423,472.57682,2.97861,0.88920,0.00414,0.00017,-0.45749,0.58449,-1.54559,-0.01446,
1686286734185036288,-163.32700,472.42187,2.97629,0.88119,0.00369,-0.00096,-0.47275,0.52729,-1.53640,0.02253,
1686286734285011200,-163.27286,472.27049,2.97564,0.87346,0.00224,-0.00184,-0.48689,0.52273,-1.56691,-0.00605,
1686286734385081344,-163.22052,472.11577,2.97301,0.86486,0.00095,-0.00160,-0.50202,0.46094,-1.60129,0.00646,
1686286734484815872,-163.17570,471.95868,2.97254,0.85628,0.00038,-0.00258,-0.51651,0.39317,-1.62069,-0.00359,
1686286734585423360,-163.13124,471.79671,2.97160,0.84776,-0.00035,-0.00224,-0.53037,0.40279,-1.67865,-0.00769,
1686286734685458944,-163.09428,471.63692,2.97355,0.83890,-0.00185,-0.00277,-0.54428,0.34082,-1.64662,0.02608,
1686286734784603136,-163.06551,471.47277,2.97440,0.82946,-0.00301,-0.00363,-0.55854,0.22975,-1.77278,-0.03012,
1686286734885254656,-163.04540,471.29305,2.97042,0.81967,-0.00042,-0.00380,-0.57282,0.15278,-1.81512,-0.01252,
1686286734985766912,-163.02838,471.11579,2.96895,0.80975,0.00044,-0.00506,-0.58675,0.17824,-1.84239,-0.02176,
1686286735084972288,-163.00527,470.93032,2.96437,0.80245,0.00261,-0.00581,-0.59668,0.34604,-1.94864,-0.03755,
1686286735184548352,-162.96412,470.73997,2.96260,0.79938,0.00352,-0.00505,-0.60080,0.51952,-1.93376,-0.01511,
1686286735284810240,-162.90552,470.54734,2.96053,0.79919,0.00340,-0.00299,-0.60107,0.63754,-1.94610,-0.00948,
1686286735384662016,-162.84430,470.35087,2.96203,0.80195,0.00425,-0.00324,-0.59736,0.67496,-1.94585,-0.00443,
1686286735484834304,-162.76727,470.16133,2.96232,0.80799,0.00411,-0.00261,-0.58917,0.86924,-1.89355,-0.00710,
1686286735584493056,-162.67395,469.97754,2.96339,0.81562,0.00127,-0.00167,-0.57859,1.01002,-1.86068,-0.03037,
1686286735686498816,-162.57781,469.78965,2.96226,0.81955,-0.00247,0.00130,-0.57300,0.76113,-1.99288,-0.02978,
1686286735784717056,-162.50913,469.59720,2.96480,0.82031,-0.00171,0.00139,-0.57191,0.59538,-2.07552,-0.01421,
1686286735884785152,-162.45259,469.39318,2.97027,0.82013,0.00147,-0.00026,-0.57218,0.60877,-2.10110,0.02262,
1686286735984549120,-162.38047,469.18629,2.97101,0.82007,0.00151,0.00064,-0.57226,0.79550,-2.08222,-0.01832,
1686286736084953088,-162.29895,468.97932,2.97083,0.82047,0.00066,0.00202,-0.57168,0.79655,-2.06525,0.01515,
1686286736185822976,-162.22466,468.77305,2.97395,0.82125,0.00063,0.00090,-0.57057,0.64578,-2.15654,-0.03956,
1686286736284870144,-162.15647,468.55416,2.96983,0.82131,0.00316,0.00010,-0.57047,0.71184,-2.25642,-0.06330,
1686286736384750848,-162.07782,468.33066,2.96855,0.82079,0.00425,0.00207,-0.57121,0.91334,-2.12734,0.07500,
1686286736485867520,-161.98781,468.11760,2.97253,0.82156,0.00154,0.00336,-0.57012,0.83272,-2.38286,-0.21891,
1686286736584911616,-161.90866,467.85331,2.94404,0.82267,0.01343,0.01080,-0.56825,0.70589,-2.77537,-0.30813,
1686286736685376768,-161.84662,467.59434,2.93284,0.82246,0.02418,0.01300,-0.56817,0.58546,-2.29967,0.14726,
1686286736785411584,-161.77502,467.38669,2.94400,0.82253,0.01964,0.00592,-0.56835,0.86358,-2.02885,0.08251,
1686286736884594176,-161.66988,467.17648,2.94580,0.82257,0.01202,0.00659,-0.56850,1.12338,-2.26561,0.02564,
1686286736986304000,-161.58002,466.95367,2.94837,0.82392,0.01063,0.00329,-0.56660,0.60379,-2.06478,0.03396,
1686286737088917760,-161.52357,466.74702,2.94716,0.82575,0.00522,-0.01342,-0.56385,0.52858,-2.13378,0.00350,
1686286737184454144,-161.45099,466.52538,2.95394,0.82510,0.00535,-0.01647,-0.56472,0.96401,-2.55285,0.05513,
1686286737284428544,-161.34284,466.28453,2.96127,0.82453,0.00493,-0.01037,-0.56570,1.06138,-2.24934,0.01927,
1686286737385769472,-161.24485,466.05245,2.96191,0.82583,0.00380,-0.00878,-0.56384,0.85028,-2.29470,0.03112,
1686286737484603136,-161.16850,465.81896,2.96576,0.82704,0.00750,-0.01024,-0.56200,0.70472,-2.44896,0.01050,
1686286737584768512,-161.09609,465.58405,2.96910,0.82646,0.01078,-0.01231,-0.56276,0.78425,-2.30053,0.06548,
1686286737684737792,-161.01191,465.35032,2.97268,0.82647,0.01202,-0.01270,-0.56271,0.98053,-2.35963,-0.00514,
1686286737785352704,-160.91733,465.11937,2.97340,0.82711,0.01145,-0.01024,-0.56183,0.87847,-2.26816,0.05861,
1686286737884924672,-160.83289,464.89497,2.97536,0.82779,0.01156,-0.01120,-0.56081,0.81940,-2.30969,0.01427,
1686286737984928768,-160.75263,464.66902,2.97922,0.82807,0.01211,-0.01286,-0.56034,0.73783,-2.20435,0.08306,
1686286738085608192,-160.67275,464.44397,2.98371,0.82827,0.01278,-0.01451,-0.55999,0.81138,-2.28893,-0.06323,
1686286738185707264,-160.58509,464.22808,2.98700,0.82811,0.01086,-0.01316,-0.56031,0.86819,-2.06363,0.14343,
1686286738284828416,-160.50049,464.01640,2.99525,0.82895,0.00879,-0.01577,-0.55903,0.89232,-2.25664,-0.01959,
1686286738384831232,-160.41243,463.79834,3.00063,0.82970,0.00711,-0.01537,-0.55795,0.81422,-2.19070,0.13030,
1686286738484744448,-160.33069,463.57718,3.00927,0.82994,0.00714,-0.01598,-0.55757,0.87296,-2.23416,0.00505,
1686286738584756480,-160.24443,463.36607,3.00605,0.83022,0.00686,-0.01615,-0.55716,0.81525,-2.05338,0.09421,
1686286738684630016,-160.15616,463.15467,3.01850,0.83027,0.00401,-0.01704,-0.55708,0.87160,-2.27839,0.02466,
1686286738784822272,-160.06978,462.92969,3.02271,0.83059,0.00579,-0.01603,-0.55663,0.83751,-2.26099,0.05992,
1686286738885245440,-159.98890,462.70343,3.02667,0.83098,0.00735,-0.01657,-0.55601,0.79766,-2.27158,0.02385,
1686286738985011200,-159.90076,462.48104,3.03369,0.83067,0.00860,-0.01615,-0.55646,0.86935,-2.30456,0.04059,
1686286739086468608,-159.81082,462.24794,3.03903,0.83005,0.00917,-0.01383,-0.55744,0.90798,-2.31137,0.02423,
1686286739184765184,-159.72748,462.02073,3.04097,0.82758,0.00887,-0.01140,-0.56117,0.68770,-2.33496,0.05265,
1686286739284690432,-159.65814,461.78652,3.04706,0.82433,0.01098,-0.01340,-0.56585,0.55921,-2.32773,0.05933,
1686286739385885440,-159.59384,461.54774,3.04907,0.82210,0.01369,-0.01581,-0.56896,0.65414,-2.38724,0.01205,
1686286739484801792,-159.52362,461.31038,3.04972,0.82101,0.01593,-0.01782,-0.57041,0.73735,-2.28084,0.07179,
1686286739585086464,-159.44208,461.08152,3.05526,0.82138,0.01374,-0.01807,-0.56993,0.96385,-2.30381,0.01274,
1686286739685059584,-159.34963,460.85805,3.05874,0.82212,0.01179,-0.01628,-0.56896,0.86138,-2.28670,0.07699,
1686286739784937472,-159.26606,460.62756,3.06518,0.82220,0.01076,-0.01522,-0.56889,0.73905,-2.35150,0.03009,
1686286739884864000,-159.19982,460.38795,3.07040,0.81891,0.01200,-0.01590,-0.57357,0.43817,-2.43492,0.04800,
1686286739984847104,-159.15319,460.14108,3.07413,0.81380,0.01754,-0.01943,-0.58055,0.43552,-2.45636,0.02314,
1686286740084637184,-159.09494,459.90091,3.07736,0.81176,0.01869,-0.02021,-0.58334,0.83425,-2.30262,0.04794,
1686286740185220864,-159.00040,459.67663,3.07728,0.81308,0.01493,-0.01753,-0.58169,0.94427,-2.27054,0.04446,
1686286740285217280,-158.91605,459.44972,3.08124,0.81445,0.01313,-0.01672,-0.57985,0.73474,-2.35788,0.04952,
1686286740384742144,-158.84394,459.21531,3.08728,0.81464,0.01506,-0.01670,-0.57953,0.66125,-2.38609,0.02532,
1686286740484637952,-158.76947,458.98748,3.08730,0.81435,0.01574,-0.01586,-0.57994,0.78094,-2.28483,0.00531,
1686286740585660928,-158.69221,458.75517,3.08995,0.81236,0.01373,-0.01342,-0.58284,0.65673,-2.29793,0.03943,
1686286740687269376,-158.62962,458.52429,3.09625,0.80924,0.01319,-0.01361,-0.58717,0.52246,-2.32461,0.03011,
1686286740785988608,-158.57472,458.29851,3.09876,0.80728,0.01668,-0.01465,-0.58975,0.53552,-2.30764,0.01703,
1686286740884405760,-158.51225,458.07401,3.10113,0.80734,0.01717,-0.01429,-0.58967,0.78870,-2.20798,0.00510,
1686286740986427392,-158.42577,457.85655,3.09933,0.80780,0.01426,-0.01111,-0.58917,0.80234,-2.16322,0.02708,
1686286741084872192,-158.35146,457.64317,3.10319,0.80860,0.01170,-0.00926,-0.58816,0.72103,-2.20708,0.00795,
1686286741184581632,-158.28206,457.42324,3.10278,0.80915,0.01158,-0.00663,-0.58745,0.69275,-2.23995,-0.01264,
1686286741284641792,-158.21620,457.20483,3.09659,0.80865,0.01405,-0.00686,-0.58808,0.52258,-2.24934,-0.01389,
1686286741384631296,-158.15734,456.97949,3.09411,0.80774,0.01585,-0.00692,-0.58928,0.56771,-2.18311,-0.00609,
1686286741485372416,-158.09278,456.75854,3.09482,0.80792,0.01665,-0.00758,-0.58900,0.68794,-2.20517,-0.00478,
1686286741584695296,-158.02146,456.54050,3.09147,0.80804,0.01768,-0.00679,-0.58883,0.66536,-2.23318,0.01651,
1686286741684434688,-157.95500,456.32716,3.09340,0.80795,0.01646,-0.00751,-0.58898,0.63524,-2.12414,0.05951,
1686286741784902656,-157.88874,456.11123,3.09383,0.80830,0.01519,-0.00922,-0.58851,0.70032,-2.16369,-0.03526,
1686286741884883968,-157.82100,455.89625,3.09432,0.80801,0.01372,-0.00857,-0.58894,0.59475,-2.17551,0.03352,
1686286741984732672,-157.75078,455.67359,3.09597,0.80675,0.01332,-0.00872,-0.59067,0.55871,-2.20185,0.00416,
1686286742085372160,-157.69199,455.45146,3.09639,0.80536,0.01320,-0.01001,-0.59256,0.53209,-2.20859,0.01641,
1686286742184647680,-157.63677,455.22972,3.10010,0.80379,0.01416,-0.00972,-0.59467,0.58203,-2.30464,0.00257,
1686286742284875776,-157.57454,454.99882,3.10052,0.80253,0.01526,-0.01030,-0.59633,0.51897,-2.18065,0.06834,
1686286742384631040,-157.51596,454.78120,3.10162,0.80263,0.01471,-0.01242,-0.59616,0.66749,-2.25685,-0.02902,
1686286742484822784,-157.44703,454.55835,3.10233,0.80291,0.01442,-0.01041,-0.59583,0.71395,-2.21886,0.04697,
1686286742584828928,-157.38111,454.34381,3.10485,0.80098,0.01070,-0.00869,-0.59853,0.51896,-2.26172,0.00941,
1686286742684788992,-157.33859,454.11070,3.10589,0.79559,0.01118,-0.00962,-0.60566,0.19875,-2.38286,0.02783,
1686286742784882432,-157.31562,453.86848,3.11095,0.78888,0.01576,-0.01140,-0.61423,0.19169,-2.46000,-0.01606,
1686286742885235968,-157.28619,453.62152,3.10751,0.78282,0.01786,-0.01102,-0.62189,0.27828,-2.33842,-0.00260,
1686286742985722112,-157.25452,453.39158,3.10897,0.77800,0.01854,-0.01291,-0.62786,0.37158,-2.40622,-0.03292,
1686286743085031168,-157.20355,453.14869,3.10629,0.77723,0.02137,-0.01114,-0.62875,0.55055,-2.47682,-0.01599,
1686286743184585216,-157.14692,452.90887,3.10710,0.77886,0.02087,-0.00804,-0.62680,0.59344,-2.36446,0.03320,
1686286743284738048,-157.08835,452.67849,3.10765,0.77940,0.01913,-0.00766,-0.62619,0.50055,-2.38257,-0.00114,
1686286743386010880,-157.04107,452.43285,3.10217,0.77918,0.01990,-0.00680,-0.62644,0.37980,-2.46817,-0.04088,
1686286743485298944,-157.00496,452.19040,3.09581,0.77834,0.02244,-0.00901,-0.62737,0.39312,-2.37401,0.03255,
1686286743584618752,-156.95550,451.95867,3.09693,0.77868,0.01803,-0.01043,-0.62708,0.64492,-2.32534,0.01024,
1686286743684627968,-156.88801,451.72347,3.09418,0.77919,0.01287,-0.00704,-0.62662,0.67739,-2.41911,-0.01707,
1686286743784825088,-156.83062,451.48566,3.09643,0.78046,0.01204,-0.00595,-0.62506,0.39667,-2.30008,0.05222,
1686286743885190912,-156.79195,451.25295,3.09274,0.78145,0.01370,-0.00958,-0.62374,0.32796,-2.39691,-0.05570,
1686286743984620800,-156.75181,451.02515,3.09344,0.78039,0.01377,-0.00998,-0.62506,0.49642,-2.28225,0.06388,
1686286744084540672,-156.70271,450.79463,3.09202,0.77642,0.01125,-0.00665,-0.63009,0.34423,-2.31568,-0.06689,
1686286744185451008,-156.67637,450.55996,3.08964,0.77224,0.01290,-0.00843,-0.63514,0.13046,-2.30756,0.01214,
1686286744285406464,-156.65000,450.31896,3.08750,0.77185,0.01806,-0.00989,-0.63547,0.33098,-2.42586,-0.06598,
1686286744384500736,-156.61435,450.09654,3.08514,0.77248,0.01909,-0.00908,-0.63469,0.41364,-2.14423,0.06551,
1686286744484846336,-156.57039,449.87188,3.08559,0.77247,0.01879,-0.01005,-0.63469,0.32982,-2.27953,-0.07196,
1686286744584966656,-156.53825,449.64390,3.07892,0.77316,0.02167,-0.00939,-0.63377,0.35425,-2.24658,-0.01844,
1686286744685039872,-156.49500,449.41978,3.07853,0.77648,0.02311,-0.01092,-0.62962,0.62659,-2.12307,0.02940,
1686286744784831488,-156.41005,449.21314,3.08052,0.78173,0.01630,-0.00960,-0.62333,0.75588,-2.01930,0.04545,
1686286744884929536,-156.34896,449.01928,3.08732,0.78433,0.01172,-0.01080,-0.62013,0.38872,-2.12597,0.02293,
1686286744984549120,-156.31427,448.78986,3.08537,0.78451,0.01803,-0.01341,-0.61970,0.21611,-2.26040,-0.01721,
1686286745084964864,-156.28359,448.57642,3.08946,0.78423,0.01942,-0.01682,-0.61994,0.36969,-2.00036,0.04439,
1686286745184708096,-156.23313,448.37000,3.08872,0.78395,0.01713,-0.01754,-0.62034,0.62586,-2.10389,-0.01724,
1686286745284529664,-156.16051,448.14487,3.09548,0.78450,0.01402,-0.01391,-0.61981,0.61251,-2.15285,0.02455,
1686286745385276160,-156.10655,447.93533,3.09904,0.78571,0.01415,-0.01172,-0.61832,0.45011,-2.17885,0.01829,
1686286745484637184,-156.06268,447.72209,3.09856,0.78622,0.01541,-0.01329,-0.61761,0.37277,-2.09211,0.03734,
1686286745585874432,-156.00852,447.50322,3.10101,0.78607,0.01536,-0.01419,-0.61779,0.48298,-2.12599,0.02414,
1686286745684884736,-155.95559,447.29443,3.10075,0.78647,0.01599,-0.01278,-0.61729,0.52080,-2.15056,-0.01084,
1686286745784888064,-155.90550,447.08750,3.10306,0.78729,0.01554,-0.01326,-0.61624,0.46956,-1.98392,0.08325,
1686286745885070592,-155.85482,446.88662,3.10652,0.78707,0.01343,-0.01456,-0.61654,0.48443,-2.07951,0.01451,
1686286745985478912,-155.79925,446.67395,3.10770,0.78726,0.01377,-0.01557,-0.61627,0.47868,-2.05188,0.00184,
1686286746085909248,-155.74788,446.46371,3.10571,0.78747,0.01509,-0.01351,-0.61602,0.46029,-2.07910,0.00507,
1686286746185949696,-155.70200,446.26284,3.11001,0.78765,0.01549,-0.01429,-0.61576,0.42292,-1.95898,0.01476,
1686286746284718336,-155.65781,446.06725,3.10748,0.78815,0.01564,-0.01456,-0.61512,0.49868,-2.02202,0.01566,
1686286746385045504,-155.59526,445.85847,3.11297,0.78837,0.01528,-0.01366,-0.61486,0.49074,-2.04877,-0.00343,
1686286746485476096,-155.54448,445.65209,3.11267,0.78886,0.01816,-0.01127,-0.61420,0.46401,-2.05419,0.02215,
1686286746584557056,-155.49983,445.45814,3.11824,0.78926,0.01774,-0.01318,-0.61367,0.45004,-1.93354,0.00127,
1686286746684692736,-155.44333,445.25422,3.11526,0.78894,0.01658,-0.01186,-0.61413,0.72191,-2.09350,-0.10336,
1686286746784604928,-155.36997,445.04565,3.10904,0.79001,0.01438,-0.00396,-0.61291,0.52711,-1.95062,0.10773,
1686286746884589824,-155.32845,444.85811,3.12189,0.79173,0.01545,-0.01078,-0.61058,0.33001,-1.95259,0.02862,
1686286746985958144,-155.29251,444.63622,3.11193,0.79120,0.02086,-0.01292,-0.61107,0.28817,-2.07119,-0.04480,
1686286747084618496,-155.25403,444.44891,3.11470,0.79059,0.02028,-0.01364,-0.61186,0.57556,-1.83219,0.08740,
1686286747184557568,-155.19789,444.24501,3.10983,0.79124,0.01959,-0.01310,-0.61105,0.52064,-1.98103,-0.10003,
1686286747284833280,-155.14652,444.07064,3.10711,0.79121,0.01794,-0.01227,-0.61115,0.43434,-1.59528,0.04605,
1686286747384593920,-155.11011,443.89500,3.11108,0.79071,0.01794,-0.01605,-0.61171,0.41718,-1.97866,-0.02977,
1686286747485446656,-155.07200,443.70420,3.11207,0.79265,0.02298,-0.01329,-0.60910,0.27395,-1.71163,0.05085,
1686286747584705536,-155.03599,443.53627,3.10896,0.79244,0.02406,-0.01489,-0.60930,0.47874,-1.53357,-0.05547,
1686286747684646144,-154.98383,443.38373,3.10226,0.79200,0.02273,-0.00983,-0.61002,0.50810,-1.38265,0.00750,
1686286747785399552,-154.94270,443.24986,3.10440,0.79375,0.02065,-0.00909,-0.60783,0.35166,-1.24129,0.01967,
1686286747885216512,-154.92088,443.10961,3.10399,0.79488,0.02173,-0.01161,-0.60627,0.14238,-1.21253,-0.00690,
1686286747984622592,-154.90228,442.99731,3.10508,0.79423,0.02237,-0.01344,-0.60705,0.24959,-1.01654,0.02419,
1686286748084935680,-154.87108,442.89055,3.10544,0.79425,0.02121,-0.01312,-0.60708,0.33746,-0.91615,-0.02426,
1686286748184469248,-154.83857,442.79645,3.10611,0.79518,0.01939,-0.01214,-0.60594,0.22904,-0.86799,0.01236,
1686286748285166080,-154.81462,442.68626,3.10534,0.79527,0.02035,-0.01231,-0.60579,0.10208,-0.77658,-0.00319,
1686286748384579072,-154.80004,442.61317,3.10650,0.79504,0.02188,-0.01290,-0.60603,0.09527,-0.58261,0.00415,
1686286748485454848,-154.77987,442.55096,3.10645,0.79511,0.02146,-0.01276,-0.60595,0.16842,-0.46020,-0.00113,
1686286748584977664,-154.75873,442.49958,3.10628,0.79523,0.02039,-0.01196,-0.60585,0.12059,-0.31610,0.01090,
1686286748684684032,-154.74390,442.45653,3.10551,0.79532,0.01987,-0.01105,-0.60577,0.04619,-0.20699,-0.02705,
1686286748786362112,-154.74127,442.43268,3.10360,0.79566,0.02270,-0.00884,-0.60525,-0.15279,0.30776,0.06655,
1686286748885079296,-154.74560,442.44080,3.10526,0.79524,0.01863,-0.01507,-0.60582,-0.05460,0.17580,-0.04877,
1686286748985234432,-154.73927,442.44299,3.10590,0.79480,0.01708,-0.01594,-0.60642,0.04271,-0.04508,0.04349,
1686286749085129984,-154.72999,442.42814,3.10701,0.79518,0.01790,-0.01316,-0.60597,0.01631,-0.07959,-0.03240,
1686286749184731648,-154.72873,442.41623,3.10639,0.79510,0.01898,-0.01266,-0.60604,-0.08928,0.05694,0.01808,
1686286749285448192,-154.73082,442.41452,3.10616,0.79506,0.01908,-0.01400,-0.60607,-0.03717,0.02776,-0.00597,
1686286749384793856,-154.72846,442.41185,3.10699,0.79495,0.01881,-0.01391,-0.60622,0.02942,-0.01354,0.00942,
1686286749485084928,-154.72300,442.40701,3.10719,0.79512,0.01842,-0.01297,-0.60603,-0.00391,0.00223,-0.00342,
1686286749584824576,-154.72301,442.40479,3.10701,0.79506,0.01854,-0.01320,-0.60611,-0.05631,0.00753,0.00409,
1686286749684578304,-154.72463,442.40288,3.10688,0.79503,0.01889,-0.01368,-0.60612,-0.02777,-0.01787,0.00162,
1686286749785293824,-154.72323,442.39969,3.10648,0.79501,0.01886,-0.01342,-0.60616,0.01091,-0.00139,0.00263,
1686286749885064704,-154.72062,442.39936,3.10634,0.79507,0.01847,-0.01314,-0.60609,-0.01531,0.00120,0.00336,
1686286749984668416,-154.72104,442.39888,3.10635,0.79504,0.01855,-0.01327,-0.60612,-0.03935,-0.02028,0.00028,
1686286750085206784,-154.72131,442.39703,3.10597,0.79502,0.01884,-0.01342,-0.60614,-0.01995,-0.01590,0.00240,
1686286750184636672,-154.71992,442.39664,3.10580,0.79501,0.01869,-0.01335,-0.60617,-0.00044,-0.00752,0.00147,
1686286750284784128,-154.71941,442.39797,3.10599,0.79504,0.01852,-0.01321,-0.60613,-0.02008,-0.01642,0.00035,
1686286750384672000,-154.72079,442.39821,3.10594,0.79503,0.01864,-0.01329,-0.60613,-0.02979,-0.01970,0.00158,
1686286750484856320,-154.72070,442.39808,3.10573,0.79502,0.01871,-0.01338,-0.60615,-0.01314,-0.01792,0.00180,
1686286750585057536,-154.72009,442.39899,3.10579,0.79502,0.01858,-0.01326,-0.60615,-0.00820,-0.01773,0.00146,
1686286750684553984,-154.71995,442.40009,3.10584,0.79503,0.01853,-0.01321,-0.60615,-0.02289,-0.02057,0.00158,
1686286750784691456,-154.72023,442.40044,3.10557,0.79501,0.01863,-0.01333,-0.60616,-0.02104,-0.02377,0.00130,
1686286750885192960,-154.72065,442.40170,3.10560,0.79501,0.01863,-0.01332,-0.60617,-0.00942,-0.02182,0.00132,
1686286750985108736,-154.72013,442.40290,3.10556,0.79501,0.01854,-0.01324,-0.60616,-0.01304,-0.02195,0.00154,
1686286751084647424,-154.72035,442.40399,3.10561,0.79501,0.01854,-0.01325,-0.60617,-0.02137,-0.02658,0.00181,
1686286751184543232,-154.72081,442.40495,3.10548,0.79500,0.01861,-0.01331,-0.60618,-0.01620,-0.02597,0.00211,
1686286751285121536,-154.72065,442.40589,3.10535,0.79500,0.01856,-0.01329,-0.60618,-0.01012,-0.02508,0.00185,
1686286751384701184,-154.72056,442.40727,3.10531,0.79500,0.01851,-0.01325,-0.60618,-0.01612,-0.02796,0.00177,
1686286751485587712,-154.72085,442.40827,3.10524,0.79499,0.01855,-0.01329,-0.60619,-0.01949,-0.02928,0.00202,
1686286751584892160,-154.72158,442.41001,3.10541,0.79499,0.01857,-0.01332,-0.60619,-0.01340,-0.02919,0.00251,
1686286751684744960,-154.72154,442.41148,3.10535,0.79499,0.01852,-0.01328,-0.60620,-0.01226,-0.02926,0.00241,
1686286751787399936,-154.72140,442.41231,3.10524,0.79499,0.01849,-0.01327,-0.60620,-0.01851,-0.03147,0.00271,
1686286751884653824,-154.72202,442.41389,3.10523,0.79498,0.01853,-0.01331,-0.60620,-0.01781,-0.03265,0.00281,
1686286751984790016,-154.72228,442.41502,3.10517,0.79498,0.01853,-0.01331,-0.60620,-0.01324,-0.03165,0.00260,
1686286752086632448,-154.72254,442.41649,3.10530,0.79499,0.01849,-0.01329,-0.60620,-0.01485,-0.03292,0.00287,
1686286752184717056,-154.72292,442.41797,3.10541,0.79498,0.01849,-0.01329,-0.60620,-0.01710,-0.03482,0.00327,
1686286752285042432,-154.72313,442.41909,3.10525,0.79498,0.01851,-0.01332,-0.60621,-0.01440,-0.03531,0.00273,
1686286752384675840,-154.72322,442.42020,3.10517,0.79498,0.01849,-0.01331,-0.60621,-0.01217,-0.03546,0.00278,
1686286752486468864,-154.72356,442.42045,3.10499,0.79499,0.01847,-0.01329,-0.60619,-0.01431,-0.03610,0.00326,
1686286752585291520,-154.72382,442.42158,3.10487,0.79499,0.01847,-0.01332,-0.60620,-0.01445,-0.03671,0.00305,
1686286752684605696,-154.72440,442.42296,3.10499,0.79499,0.01848,-0.01333,-0.60620,-0.01203,-0.03685,0.00345,
1686286752785194752,-154.72461,442.42431,3.10492,0.79499,0.01846,-0.01332,-0.60620,-0.01139,-0.03765,0.00339,
1686286752884806400,-154.72466,442.42512,3.10481,0.79499,0.01845,-0.01332,-0.60620,-0.01345,-0.03885,0.00328,
1686286752984887552,-154.72529,442.42647,3.10493,0.79499,0.01846,-0.01334,-0.60620,-0.01240,-0.03939,0.00415,
1686286753085621248,-154.72541,442.42756,3.10483,0.79499,0.01846,-0.01334,-0.60620,-0.01044,-0.03910,0.00420,
1686286753184737280,-154.72564,442.42878,3.10475,0.79499,0.01844,-0.01334,-0.60620,-0.01126,-0.03961,0.00413,
1686286753285079808,-154.72614,442.43041,3.10463,0.79499,0.01845,-0.01335,-0.60620,-0.01147,-0.03990,0.00388,
1686286753385196288,-154.72639,442.43135,3.10472,0.79499,0.01845,-0.01336,-0.60620,-0.00977,-0.04018,0.00432,
1686286753487233280,-154.72684,442.43189,3.10479,0.79500,0.01843,-0.01335,-0.60619,-0.00875,-0.04039,0.00425,
1686286753584759808,-154.72705,442.43311,3.10467,0.79499,0.01843,-0.01336,-0.60619,-0.00955,-0.04149,0.00422,
1686286753684559616,-154.72737,442.43415,3.10448,0.79499,0.01843,-0.01337,-0.60619,-0.00909,-0.04229,0.00431,
1686286753784670464,-154.72732,442.43472,3.10427,0.79499,0.01843,-0.01338,-0.60619,-0.00795,-0.04264,0.00428,
1686286753889384704,-154.72731,442.43512,3.10414,0.79499,0.01843,-0.01339,-0.60619,-0.00855,-0.04285,0.00455,
1686286753984566016,-154.72779,442.43655,3.10428,0.79500,0.01842,-0.01338,-0.60619,-0.00868,-0.04390,0.00470,
1686286754085034496,-154.72831,442.43756,3.10438,0.79499,0.01842,-0.01340,-0.60619,-0.00808,-0.04395,0.00489,
1686286754185801472,-154.72817,442.43795,3.10419,0.79499,0.01842,-0.01340,-0.60619,-0.00742,-0.04374,0.00506,
1686286754285248768,-154.72854,442.43898,3.10422,0.79499,0.01841,-0.01340,-0.60619,-0.00786,-0.04436,0.00499,
1686286754384728832,-154.72881,442.43994,3.10409,0.79500,0.01842,-0.01342,-0.60619,-0.00786,-0.04446,0.00523,
1686286754484542464,-154.72877,442.44032,3.10396,0.79499,0.01841,-0.01342,-0.60619,-0.00667,-0.04473,0.00496,
1686286754584546048,-154.72895,442.44107,3.10393,0.79499,0.01841,-0.01343,-0.60619,-0.00694,-0.04512,0.00486,
1686286754685043712,-154.72941,442.44200,3.10401,0.79499,0.01841,-0.01343,-0.60619,-0.00767,-0.04624,0.00485,
1686286754784558848,-154.72962,442.44288,3.10387,0.79499,0.01841,-0.01344,-0.60619,-0.00729,-0.04677,0.00470,
1686286754885141248,-154.72973,442.44323,3.10394,0.79499,0.01840,-0.01344,-0.60619,-0.00665,-0.04702,0.00486,
1686286754985979648,-154.72996,442.44376,3.10392,0.79500,0.01839,-0.01345,-0.60618,-0.00724,-0.04761,0.00454,
1686286755084581376,-154.73033,442.44490,3.10386,0.79500,0.01840,-0.01346,-0.60619,-0.00738,-0.04851,0.00454,
1686286755184958208,-154.73030,442.44536,3.10364,0.79499,0.01840,-0.01347,-0.60619,-0.00679,-0.04854,0.00444,
1686286755284705792,-154.73049,442.44585,3.10362,0.79500,0.01839,-0.01347,-0.60618,-0.00719,-0.04866,0.00395,
1686286755384590336,-154.73091,442.44677,3.10360,0.79501,0.01843,-0.01346,-0.60617,-0.00784,-0.04938,0.00370,
1686286755485652992,-154.73074,442.44738,3.10343,0.79503,0.01834,-0.01353,-0.60615,-0.00609,-0.04888,0.00228,
1686286755585281024,-154.73102,442.44758,3.10325,0.79503,0.01840,-0.01351,-0.60613,-0.00687,-0.05050,0.00277,
1686286755684778496,-154.73119,442.44816,3.10334,0.79501,0.01844,-0.01347,-0.60616,-0.00931,-0.04545,0.00366,
1686286755784728064,-154.73167,442.44939,3.10346,0.79503,0.01840,-0.01348,-0.60614,-0.00838,-0.04961,0.00397,
1686286755887283456,-154.73176,442.44966,3.10340,0.79502,0.01841,-0.01348,-0.60616,-0.00637,-0.04895,0.00404,
1686286755986346240,-154.73207,442.45045,3.10337,0.79503,0.01841,-0.01351,-0.60614,-0.00755,-0.04665,0.00396,
1686286756085258752,-154.73225,442.45085,3.10337,0.79502,0.01840,-0.01352,-0.60615,-0.00774,-0.05080,0.00382,
1686286756185565952,-154.73231,442.45126,3.10328,0.79503,0.01841,-0.01351,-0.60614,-0.00787,-0.04854,0.00369,
1686286756285081856,-154.73243,442.45179,3.10321,0.79502,0.01840,-0.01353,-0.60615,-0.00677,-0.04827,0.00352,
1686286756384770048,-154.73247,442.45211,3.10314,0.79503,0.01841,-0.01354,-0.60614,-0.00600,-0.04946,0.00319,
1686286756484553216,-154.73268,442.45250,3.10309,0.79502,0.01840,-0.01352,-0.60615,-0.00615,-0.04782,0.00357,
1686286756584537088,-154.73284,442.45289,3.10306,0.79503,0.01840,-0.01355,-0.60614,-0.00553,-0.04913,0.00338,
1686286756684818944,-154.73311,442.45355,3.10301,0.79503,0.01841,-0.01355,-0.60614,-0.00600,-0.04900,0.00335,
1686286756784611840,-154.73326,442.45411,3.10299,0.79503,0.01839,-0.01354,-0.60614,-0.00591,-0.04833,0.00392,
1686286756884667648,-154.73343,442.45446,3.10296,0.79503,0.01840,-0.01355,-0.60614,-0.00614,-0.04992,0.00380,
1686286756984684800,-154.73345,442.45484,3.10292,0.79503,0.01840,-0.01355,-0.60614,-0.00550,-0.04827,0.00371,
