1690986273079715840,0.02203,0.01915,0.01208,0.99556,-0.01464,0.06604,-0.06538,
1690986273379368704,-0.01272,0.03308,0.00890,0.99467,-0.01258,0.08156,-0.06179,
1690986273479394560,0.00484,0.03523,0.01955,0.99362,-0.01125,0.09660,-0.05702,
1690986273579646208,0.01346,0.03162,0.03100,0.99206,-0.00663,0.11441,-0.05175,
1690986273779496448,0.00098,0.03528,0.01839,0.99483,-0.01235,0.08867,-0.04803,
1690986273879465472,-0.01224,0.04983,0.01367,0.99592,-0.01316,0.07146,-0.05347,
1690986274079729408,-0.00438,0.03919,0.01781,0.99571,-0.01244,0.08160,-0.04188,
1690986274279485440,-0.02034,0.03894,0.00969,0.99759,-0.01026,0.06381,-0.02532,
1690986274479265024,-0.00258,0.03320,0.02098,0.99735,-0.01466,0.07011,-0.01266,
1690986274579288832,-0.01409,0.04314,0.01608,0.99676,0.00033,0.07609,-0.02603,
1690986274779600384,-0.01027,0.03142,0.01837,0.99766,0.00954,0.06579,-0.01623,
1690986275179570432,-0.00551,0.02920,0.03565,0.99828,0.01655,0.05490,-0.01202,
1690986275279434752,-0.00569,0.02904,0.05526,0.99971,0.00550,0.02086,-0.01099,
1690986275379087360,-0.00578,0.02754,0.08764,0.99991,-0.00124,-0.00472,-0.01215,
1690986275479463424,0.00201,0.01607,0.13799,0.99992,-0.00062,-0.01189,-0.00347,
1690986275579910912,-0.00364,0.02789,0.20094,0.99977,0.00799,0.00518,0.01916,
1690986275679589632,-0.00704,0.03470,0.27657,0.99902,0.01029,0.02146,0.03735,
1690986275779257344,-0.01414,0.04501,0.36468,0.99861,0.01031,0.02997,0.04210,
1690986275879555072,-0.02459,0.05300,0.46152,0.99885,0.01289,0.01942,0.04198,
1690986275979784704,-0.04032,0.05925,0.55770,0.99882,0.00692,-0.00826,0.04737,
1690986276079432448,-0.05528,0.06100,0.64636,0.99857,-0.00073,-0.02786,0.04568,
1690986276179029760,-0.06814,0.05857,0.72134,0.99777,0.00577,-0.05064,0.04321,
1690986276279093248,-0.07972,0.05468,0.78235,0.99628,0.00354,-0.07397,0.04406,
1690986276379347456,-0.09349,0.05300,0.83103,0.99591,-0.02083,-0.07182,0.05061,
1690986276479901184,-0.10461,0.05585,0.86896,0.99574,-0.03770,-0.04796,0.06918,
1690986276582684416,-0.10327,0.05834,0.89622,0.99693,-0.03621,-0.01653,0.06748,
1690986276679367936,-0.09111,0.06393,0.91686,0.99800,-0.04582,-0.01407,0.04124,
1690986276779524352,-0.07136,0.07113,0.93456,0.99923,-0.03781,-0.00374,0.00958,
1690986276879529984,-0.04485,0.07936,0.95257,0.99964,-0.01027,0.01184,-0.02193,
1690986276979376384,-0.01612,0.08564,0.96425,0.99871,0.00615,0.02832,-0.04173,
1690986277181811456,0.05398,0.07660,0.96279,0.99867,0.00813,0.01316,-0.04923,
1690986277279532032,0.09142,0.06229,0.96011,0.99863,0.00746,-0.00133,-0.05173,
1690986277379427072,0.13655,0.04168,0.96277,0.99909,0.01298,-0.01287,-0.03861,
1690986277479876608,0.18470,0.01999,0.97176,0.99961,0.01888,-0.00329,-0.02014,
1690986277580595712,0.23163,0.00120,0.98141,0.99962,0.02296,0.01174,-0.00938,
1690986277679160064,0.27647,-0.01286,0.98833,0.99958,0.02012,0.02083,-0.00120,
1690986277979270912,0.43136,-0.04079,0.99655,0.99932,0.01795,0.03123,-0.00830,
1690986278179298048,0.56385,-0.04839,0.99608,0.99938,0.01753,0.01874,-0.02428,
1690986278279443200,0.63808,-0.04835,1.00378,0.99926,0.01284,0.00390,-0.03597,
1690986278379954944,0.71465,-0.04976,1.01620,0.99897,0.01137,-0.00624,-0.04356,
1690986278579318016,0.87710,-0.06392,1.03241,0.99917,-0.00532,-0.01817,-0.03602,
1690986278679339520,0.96144,-0.07485,1.03291,0.99914,-0.00845,-0.02974,-0.02752,
1690986278779193600,1.04809,-0.08831,1.03303,0.99938,-0.00443,-0.03239,-0.01280,
1690986278879815936,1.13454,-0.10109,1.03669,0.99972,-0.00241,-0.02273,0.00562,
1690986278979368704,1.21952,-0.11155,1.04162,0.99981,-0.00664,-0.01136,0.01435,
1690986279079724544,1.30463,-0.11912,1.04323,0.99962,-0.01181,0.00079,0.02495,
1690986279179353088,1.38941,-0.12543,1.03947,0.99965,-0.00281,0.01059,0.02412,
1690986279281035776,1.48034,-0.13086,1.03187,0.99985,0.00863,0.00872,0.01262,
1690986279379424256,1.57094,-0.13430,1.02837,0.99993,0.00820,0.00788,-0.00340,
1690986279580857088,1.74503,-0.15030,1.03957,0.99964,0.00885,0.01578,-0.02003,
1690986279680537344,1.80782,-0.16946,1.03495,0.99856,0.01802,0.03022,-0.04062,
1690986279779309312,1.85725,-0.19113,1.02548,0.99696,0.00965,0.04830,-0.06045,
1690986279881657344,1.88852,-0.21207,1.01722,0.99630,0.00706,0.04382,-0.07366,
1690986279980348160,1.90835,-0.22515,1.01464,0.99595,0.00603,0.02195,-0.08692,
1690986280079400704,1.92487,-0.23114,1.01723,0.99455,-0.00945,0.00719,-0.10356,
1690986280179249152,1.94301,-0.23478,1.02266,0.99299,-0.00537,0.00892,-0.11776,
1690986280279365632,1.96745,-0.23603,1.02722,0.99067,0.00759,0.02076,-0.13448,
1690986280379496448,2.00703,-0.23247,1.03162,0.99025,0.01371,0.03653,-0.13372,
1690986280479683072,2.02768,-0.22386,1.03140,0.99049,0.01712,0.04712,-0.12813,
1690986280579451136,2.07159,-0.22479,1.01993,0.99172,0.01868,0.04460,-0.11895,
1690986280679520256,2.12614,-0.22230,1.02578,0.99359,0.01694,0.04517,-0.10223,
1690986280779372800,2.18227,-0.22216,1.02448,0.99551,0.01129,0.04138,-0.08434,
1690986280880074496,2.24762,-0.23210,1.02355,0.99765,0.00792,0.03268,-0.05977,
1690986280979190016,2.30678,-0.22670,1.02354,0.99925,0.00531,0.01842,-0.03366,
1690986281079657728,2.37468,-0.22970,1.02892,0.99977,0.00471,0.01878,-0.00904,
1690986281179289088,2.44269,-0.23189,1.03188,0.99963,0.00347,0.02509,0.01011,
1690986281279568384,2.50899,-0.22300,1.03017,0.99923,0.00582,0.03161,0.02247,
1690986281579560960,2.76558,-0.22581,1.01608,0.99975,0.00788,0.01539,0.01448,
1690986281779246080,2.94926,-0.22885,1.02860,0.99990,0.00498,0.01222,0.00544,
1690986281979133952,3.12204,-0.25187,1.01754,0.99984,0.00069,0.01120,0.01415,
1690986282079564288,3.20459,-0.25412,1.01064,0.99965,-0.00126,0.00719,0.02538,
1690986282180843776,3.29627,-0.26626,1.01359,0.99924,-0.00419,0.00833,0.03789,
1690986282279469568,3.38349,-0.27518,1.01553,0.99876,-0.00690,0.01497,0.04707,
1690986282379561728,3.47442,-0.28264,1.01214,0.99817,-0.00674,0.02780,0.05336,
1690986282579225600,3.66388,-0.29012,0.98404,0.99880,-0.00545,0.01473,0.04631,
1690986282679349504,3.77085,-0.29353,0.98379,0.99928,-0.00562,0.00323,0.03741,
1690986282779335936,3.86362,-0.29369,0.97966,0.99960,0.00045,0.00366,0.02818,
1690986282879915264,3.97709,-0.29908,0.98975,0.99977,0.00787,0.00765,0.01854,
1690986282979257600,4.08046,-0.30491,0.99033,0.99983,0.00947,0.01445,0.00688,
1690986283079460864,4.18883,-0.31362,0.98317,0.99993,-0.00032,0.00593,0.00987,
1690986283179614976,4.29838,-0.32265,0.97807,0.99963,-0.00418,-0.00160,0.02692,
1690986283279793664,4.40984,-0.33114,0.98591,0.99932,0.00162,0.01476,0.03388,
1690986283379295744,4.51938,-0.33720,0.99869,0.99906,0.00720,0.02699,0.03327,
1690986283579226880,4.73518,-0.33777,1.00369,0.99926,0.00975,0.02518,0.02730,
1690986283681527040,4.84727,-0.33016,0.99898,0.99972,0.00840,0.01599,0.01519,
1690986283779277056,4.95421,-0.31973,1.00085,0.99994,0.00236,0.01090,0.00189,
1690986283979554048,5.16552,-0.30233,1.02143,0.99945,0.01843,0.02547,-0.01023,
1690986284179313152,5.37477,-0.30003,1.01877,0.99975,0.00009,0.02141,-0.00677,
1690986284279337216,5.47819,-0.30333,1.01620,0.99987,-0.01080,0.00841,0.00904,
1690986284379603712,5.58008,-0.30638,1.02266,0.99970,-0.01688,0.00462,0.01726,
1690986284579479552,5.78073,-0.31006,1.04121,0.99939,-0.01081,0.01534,0.02932,
1690986284680040704,5.88149,-0.30814,1.03907,0.99959,-0.00841,0.00599,0.02676,
1690986284779588864,5.98330,-0.30396,1.03271,0.99971,-0.01182,-0.00984,0.01844,
1690986284879309056,6.08563,-0.29899,1.03051,0.99971,-0.01550,-0.01819,0.00392,
1690986284979254016,6.18911,-0.29540,1.03656,0.99985,-0.00969,-0.01314,-0.00501,
1690986285079431680,6.29507,-0.29389,1.04310,0.99994,0.00115,-0.00260,-0.01088,
1690986285179156992,6.40148,-0.29533,1.04374,0.99981,0.00273,0.00257,-0.01911,
1690986285279812352,6.51041,-0.29890,1.03751,0.99989,-0.00490,-0.00509,-0.01318,
1690986285379437824,6.61865,-0.30254,1.03308,0.99987,-0.01261,-0.00958,0.00217,
1690986285479252224,6.72705,-0.30430,1.03802,0.99982,-0.01515,-0.00131,0.01107,
1690986285579315456,6.83513,-0.30515,1.04661,0.99959,-0.01280,0.00885,0.02404,
1690986285679661056,6.94264,-0.30583,1.05167,0.99940,-0.00486,0.02066,0.02736,
1690986285879523328,7.15707,-0.30670,1.04556,0.99983,-0.01131,0.01469,0.00084,
1690986285979202560,7.26389,-0.30814,1.05004,0.99955,-0.01797,-0.00290,-0.02402,
1690986286080658176,7.36833,-0.31185,1.05918,0.99949,-0.00325,-0.00340,-0.03152,
1690986286379549696,7.65485,-0.33161,1.06266,0.99971,-0.00825,-0.01368,-0.01829,
1690986286479434752,7.74590,-0.33664,1.05846,0.99973,-0.01400,-0.01651,-0.00882,
1690986286579382272,7.83495,-0.33880,1.06127,0.99984,-0.01453,-0.01008,0.00263,
1690986286679595520,7.91968,-0.33879,1.06573,0.99978,-0.01143,-0.00430,0.01730,
1690986286979647744,8.18316,-0.32787,1.06283,0.99971,-0.01833,-0.01537,0.00271,
1690986287079534336,8.26981,-0.32011,1.06893,0.99991,-0.01179,-0.00481,-0.00454,
1690986287179350016,8.35737,-0.31452,1.07540,0.99986,-0.00924,-0.00043,-0.01413,
1690986287479265024,8.61874,-0.32201,1.06988,0.99994,-0.00800,0.00025,-0.00754,
1690986287579403776,8.70927,-0.32703,1.07017,0.99995,-0.00606,-0.00125,0.00727,
1690986287679580672,8.80063,-0.33056,1.07709,0.99981,-0.00626,0.00599,0.01740,
1690986287779360000,8.89099,-0.33269,1.08265,0.99937,-0.00554,0.01570,0.03142,
1690986288079276544,9.18848,-0.32405,1.07477,0.99959,-0.00049,0.00236,0.02836,
1690986288179359488,9.29374,-0.31647,1.08154,0.99984,0.00481,0.00063,0.01726,
1690986288279369216,9.39873,-0.31035,1.09177,0.99986,0.01464,-0.00327,0.00724,
1690986288479609344,9.60865,-0.30682,1.09237,0.99981,0.01163,0.00536,0.01441,
1690986288579318784,9.71673,-0.30752,1.08302,0.99925,0.01017,0.00203,0.03718,
1690986288679667968,9.82570,-0.30750,1.07992,0.99820,0.01178,0.00171,0.05885,
1690986288779866368,9.92916,-0.30652,1.08599,0.99694,0.00912,0.01349,0.07643,
1690986288879357696,10.03322,-0.30443,1.09367,0.99510,0.00289,0.02742,0.09493,
1690986288979346688,10.13894,-0.30109,1.09560,0.99381,-0.00019,0.03166,0.10645,
1690986289079183360,10.24815,-0.29582,1.09270,0.99378,0.00100,0.01633,0.11019,
1690986289179160064,10.35943,-0.28870,1.09451,0.99414,0.00001,0.00433,0.10806,
1690986289379400960,10.57568,-0.28237,1.12253,0.99501,0.01054,0.00718,0.09897,
1690986289580507904,10.78981,-0.28976,1.13333,0.99531,0.01585,-0.00603,0.09524,
1690986289679636224,10.89760,-0.29501,1.13243,0.99365,0.00982,-0.01368,0.11124,
1690986289779200512,11.00381,-0.29934,1.13962,0.99259,0.00237,-0.00548,0.12138,
1690986289979121664,11.21052,-0.30720,1.16013,0.99096,-0.00321,0.00958,0.13379,
1690986290179587072,11.43223,-0.30336,1.15201,0.99279,-0.00630,-0.00673,0.11947,
1690986290279570944,11.54746,-0.29930,1.15517,0.99498,-0.00921,-0.01609,0.09830,
1690986290379826176,11.66150,-0.29767,1.16768,0.99657,-0.00765,-0.01777,0.08043,
1690986290479339520,11.77304,-0.29824,1.18118,0.99784,-0.00123,-0.01262,0.06442,
1690986290579363840,11.88410,-0.29867,1.18532,0.99868,0.00102,-0.01888,0.04778,
1690986290679806208,11.99920,-0.29948,1.17922,0.99849,-0.00953,-0.03555,0.04084,
1690986290879408384,12.23087,-0.30015,1.17816,0.99878,-0.02186,-0.02349,0.03741,
1690986290979134208,12.34111,-0.29742,1.18625,0.99896,-0.01608,-0.00752,0.04211,
1690986291079275520,12.45027,-0.29412,1.18840,0.99899,-0.01304,0.00254,0.04281,
1690986291279786752,12.68091,-0.28578,1.16797,0.99971,-0.01422,-0.01049,0.01665,
1690986291379577344,12.79742,-0.28348,1.16848,0.99995,-0.00328,-0.00900,-0.00168,
1690986291479281664,12.91284,-0.28379,1.17696,0.99995,0.00618,-0.00087,-0.00819,
1690986291679721472,13.14179,-0.29526,1.18508,0.99976,-0.00184,-0.01569,-0.01517,
1690986291779324416,13.25754,-0.30507,1.18014,0.99941,-0.00359,-0.03346,-0.00652,
1690986291879635456,13.37077,-0.31392,1.17873,0.99972,-0.00469,-0.02311,0.00100,
1690986291979446016,13.48126,-0.32046,1.18376,0.99993,-0.00517,-0.00993,0.00391,
1690986292079233024,13.59206,-0.32510,1.18649,0.99985,-0.00784,0.00135,0.01568,
1690986292179229440,13.70442,-0.32792,1.18257,0.99973,-0.00707,0.01479,0.01655,
1690986292279196672,13.82096,-0.32894,1.17471,0.99991,-0.01035,0.00516,0.00726,
1690986292380389888,13.93996,-0.32737,1.17593,0.99988,-0.01296,0.00004,-0.00823,
1690986292579253504,14.16933,-0.32898,1.20436,0.99969,-0.00240,0.00157,-0.02471,
1690986292679476736,14.28499,-0.33404,1.21038,0.99919,0.00814,-0.00043,-0.03932,
1690986292779581184,14.40326,-0.34145,1.20387,0.99929,0.00431,-0.01538,-0.03424,
1690986292879417856,14.52184,-0.34950,1.19795,0.99970,-0.00299,-0.01851,-0.01577,
1690986292979337216,14.63804,-0.35747,1.20497,0.99997,-0.00133,-0.00769,-0.00290,
1690986293079374336,14.75327,-0.36346,1.21835,0.99996,-0.00155,-0.00422,0.00822,
1690986293179394304,14.86807,-0.36616,1.22687,0.99988,-0.00277,-0.00031,0.01515,
1690986293279724800,14.98299,-0.36705,1.22585,0.99980,-0.00460,-0.01188,0.01567,
1690986293379411712,15.09572,-0.36551,1.22352,0.99974,-0.00429,-0.02163,0.00517,
1690986293479771904,15.20693,-0.36295,1.22904,0.99962,-0.00241,-0.02476,-0.01154,
1690986293579337216,15.31755,-0.36227,1.24260,0.99952,0.00113,-0.02241,-0.02115,
1690986293679226880,15.42886,-0.36504,1.25284,0.99951,0.00574,-0.01281,-0.02786,
1690986293879507200,15.65572,-0.37791,1.24324,0.99939,0.00395,-0.02745,-0.02122,
1690986293979210240,15.76907,-0.38312,1.24252,0.99965,-0.00209,-0.02527,-0.00737,
1690986294079779072,15.88298,-0.38849,1.25314,0.99988,-0.00481,-0.01388,0.00403,
1690986294179677696,15.99530,-0.39236,1.26306,0.99980,-0.01046,0.00112,0.01710,
1690986294379418880,16.22332,-0.39618,1.26165,0.99951,-0.01424,-0.02078,0.01872,
1690986294479491072,16.33853,-0.39480,1.26246,0.99956,-0.01358,-0.02599,0.00464,
1690986294579486464,16.45418,-0.39550,1.27369,0.99949,-0.01176,-0.02775,-0.01008,
1690986294779131648,16.67621,-0.40290,1.29862,0.99943,-0.00462,-0.02548,-0.02143,
1690986294879614720,16.79302,-0.40842,1.29328,0.99869,-0.00959,-0.04549,-0.02150,
1690986294979358464,16.91037,-0.41212,1.28229,0.99877,-0.01188,-0.04641,-0.01270,
1690986295079390720,17.02601,-0.41417,1.27868,0.99942,-0.01112,-0.03153,-0.00604,
1690986295179316992,17.13988,-0.41353,1.28245,0.99978,-0.01291,-0.01649,0.00264,
1690986295279345408,17.25271,-0.41210,1.28473,0.99986,-0.01199,-0.00328,0.01092,
1690986295479472640,17.48599,-0.40449,1.26971,0.99990,-0.00464,-0.01281,-0.00280,
1690986295579416064,17.60461,-0.39951,1.26930,0.99967,0.00038,-0.01605,-0.02024,
1690986295679582976,17.72301,-0.39672,1.27755,0.99955,0.00878,-0.01063,-0.02666,
1690986295779386368,17.83876,-0.39820,1.28263,0.99935,0.01629,-0.00156,-0.03213,
1690986295979594752,18.07568,-0.40945,1.27015,0.99911,0.01613,-0.01821,-0.03440,
1690986296079558400,18.19399,-0.41450,1.26834,0.99957,0.00924,-0.01582,-0.02277,
1690986296279247872,18.42788,-0.42256,1.29024,0.99997,0.00379,-0.00346,-0.00600,
1690986296479577600,18.66810,-0.42396,1.28990,0.99957,-0.00759,-0.02657,-0.01011,
1690986296580770048,18.79094,-0.42101,1.28946,0.99904,-0.00786,-0.03435,-0.02609,
1690986296679110400,18.91488,-0.41896,1.29279,0.99874,-0.00014,-0.03609,-0.03478,
1690986296779160832,19.02954,-0.42258,1.31024,0.99901,0.00759,-0.02637,-0.03491,
1690986296979102976,19.26874,-0.43516,1.30119,0.99885,-0.00141,-0.03645,-0.03127,
1690986297079311360,19.39329,-0.44293,1.28998,0.99887,-0.00586,-0.04137,-0.02266,
1690986297179212288,19.51453,-0.44810,1.29003,0.99914,-0.00849,-0.03879,-0.01208,
1690986297278987776,19.63335,-0.44948,1.29896,0.99948,-0.01270,-0.02949,0.00145,
1690986297379193344,19.75383,-0.44864,1.30678,0.99945,-0.01950,-0.02452,0.01072,
1690986297479067648,19.87655,-0.44547,1.30352,0.99887,-0.02299,-0.03926,0.01390,
1690986297579663872,20.00160,-0.43968,1.29710,0.99847,-0.02149,-0.05066,0.00517,
1690986297678896640,20.12481,-0.43188,1.29909,0.99878,-0.01886,-0.04484,-0.00833,
1690986297879092480,20.36586,-0.42583,1.31701,0.99957,-0.00678,-0.02527,-0.01356,
1690986298079705600,20.60606,-0.42837,1.30573,0.99933,-0.01180,-0.03326,-0.00949,
1690986298179654656,20.72329,-0.42907,1.30370,0.99939,-0.00959,-0.03358,-0.00006,
1690986298379365376,20.95487,-0.43039,1.33030,0.99960,-0.00284,-0.02408,0.01423,
1690986298579219456,21.19269,-0.43055,1.32453,0.99895,-0.01499,-0.04205,0.01029,
1690986298680820480,21.31454,-0.42772,1.31885,0.99886,-0.01099,-0.04635,-0.00342,
1690986298879776000,21.54972,-0.43243,1.32870,0.99919,-0.00317,-0.03592,-0.01789,
1690986299179649024,21.90626,-0.45566,1.31095,0.99888,-0.00679,-0.04402,-0.01599,
1690986299279447552,22.02187,-0.45964,1.31179,0.99954,-0.00267,-0.02824,-0.01054,
1690986299379303680,22.13762,-0.46089,1.31999,0.99978,-0.00569,-0.01974,0.00291,
1690986299482084096,22.25594,-0.45934,1.32274,0.99966,-0.01411,-0.01542,0.01575,
1690986299781984256,22.61613,-0.44896,1.30757,0.99977,-0.00941,-0.01812,-0.00638,
1690986299879964928,22.73027,-0.44696,1.32237,0.99986,-0.00163,-0.00915,-0.01382,
1690986299984733440,22.85113,-0.44808,1.32985,0.99985,0.00192,0.00443,-0.01681,
1690986300179360768,23.07775,-0.45669,1.30336,0.99993,0.00114,-0.00843,-0.00762,
1690986300279452928,23.19285,-0.45895,1.30229,0.99979,-0.00498,-0.01980,0.00084,
1690986300479734784,23.42228,-0.45991,1.33086,0.99981,-0.00006,-0.00748,0.01784,
1690986300679555328,23.66068,-0.45486,1.31873,0.99958,-0.01016,-0.02146,0.01661,
1690986300779443200,23.78269,-0.45009,1.31627,0.99992,-0.00512,-0.01085,0.00388,
1690986300879187968,23.90115,-0.44856,1.32918,0.99996,0.00105,-0.00675,-0.00524,
1690986301179634176,24.25323,-0.46740,1.33418,0.99990,-0.00032,-0.01374,-0.00174,
1690986301280331776,24.37220,-0.47418,1.32237,0.99996,0.00228,-0.00508,0.00689,
1690986301379396096,24.48466,-0.47766,1.32529,0.99985,-0.00292,-0.00339,0.01702,
1690986301479184384,24.59526,-0.47843,1.33729,0.99956,-0.00408,0.00029,0.02952,
1690986301779444992,24.94196,-0.47786,1.32718,0.99986,-0.00214,-0.00547,0.01563,
1690986301879635456,25.05833,-0.47643,1.32799,0.99997,0.00422,-0.00497,-0.00474,
1690986301979710464,25.17151,-0.47811,1.33529,0.99987,0.00340,-0.00019,-0.01582,
1690986302079621888,25.28110,-0.48337,1.33800,0.99966,-0.00528,0.00589,-0.02497,
1690986302179312896,25.39246,-0.49034,1.33102,0.99956,-0.01265,-0.00422,-0.02654,
1690986302282282496,25.51056,-0.49709,1.32207,0.99965,-0.01679,-0.01034,-0.01757,
1690986302379498752,25.62117,-0.50182,1.31892,0.99968,-0.02450,0.00079,-0.00584,
1690986302479514880,25.73316,-0.50424,1.32384,0.99962,-0.02477,0.00759,0.00981,
1690986302579396096,25.84360,-0.50383,1.32912,0.99927,-0.02252,0.01079,0.02888,
1690986302779565824,26.07562,-0.50294,1.31485,0.99950,-0.01464,-0.00060,0.02797,
1690986302879560704,26.19630,-0.50194,1.31652,0.99968,-0.01635,-0.01555,0.01111,
1690986302982492416,26.31115,-0.50520,1.32736,0.99927,-0.01561,-0.03333,0.01014,
1690986303079394560,26.41827,-0.50843,1.34102,0.99965,-0.00909,-0.02468,-0.00089,
1690986303179570432,26.53061,-0.51449,1.33951,0.99977,-0.00184,-0.01838,-0.01058,
1690986303379410688,26.76362,-0.53256,1.30643,0.99991,-0.01299,0.00104,-0.00199,
1690986303479301376,26.88122,-0.53938,1.30822,0.99989,-0.01088,0.00185,0.01006,
1690986303580450048,26.99827,-0.54393,1.31661,0.99956,-0.00773,0.00388,0.02841,
1690986303679341824,27.11207,-0.54651,1.31816,0.99928,-0.00571,0.01636,0.03373,
1690986303878965504,27.34702,-0.54979,1.29744,0.99976,-0.01273,-0.00309,0.01748,
1690986303979562496,27.46581,-0.55149,1.30435,0.99986,-0.01060,-0.01104,-0.00663,
1690986304079136256,27.58176,-0.55594,1.32145,0.99981,-0.00647,-0.00768,-0.01685,
1690986304179951872,27.69656,-0.56443,1.33517,0.99972,0.00111,0.00685,-0.02253,
1690986304278970368,27.81091,-0.57486,1.32966,0.99972,-0.00937,-0.00837,-0.02002,
1690986304378891264,27.92857,-0.58667,1.31800,0.99949,-0.02211,-0.02289,-0.00085,
1690986304479148288,28.04904,-0.59888,1.32043,0.99902,-0.03334,-0.02491,0.01524,
1690986304578949120,28.16889,-0.60748,1.33981,0.99833,-0.04562,-0.02357,0.02664,
1690986304779276032,28.39865,-0.62358,1.35962,0.99833,-0.03409,-0.03189,0.03408,
1690986304879593728,28.51884,-0.62927,1.34523,0.99761,-0.03757,-0.04839,0.03187,
1690986304979219200,28.63917,-0.63420,1.33691,0.99840,-0.03133,-0.04461,0.01484,
1690986305079433216,28.75824,-0.63945,1.34446,0.99950,-0.01114,-0.02975,-0.00006,
1690986305279619328,28.99756,-0.65658,1.35913,0.99968,-0.01532,-0.01775,-0.00924,
1690986305379406080,29.12306,-0.66782,1.34878,0.99903,-0.01871,-0.03922,-0.00727,
1690986305479456000,29.24568,-0.67880,1.33985,0.99856,-0.01675,-0.05083,0.00369,
1690986305579396096,29.36794,-0.68668,1.34561,0.99868,-0.02432,-0.04202,0.01681,
1690986305679402496,29.48890,-0.69248,1.35912,0.99892,-0.02113,-0.02319,0.03417,
1690986305879410688,29.72744,-0.70019,1.35687,0.99875,-0.01941,-0.03149,0.03362,
1690986305979325184,29.85105,-0.70105,1.34843,0.99900,-0.01730,-0.03688,0.01837,
1690986306080361728,29.97280,-0.70262,1.35263,0.99984,-0.00270,-0.01596,0.00714,
1690986306179491072,30.09222,-0.70674,1.36278,0.99997,0.00047,-0.00548,-0.00477,
1690986306279820544,30.21042,-0.71462,1.37037,0.99988,0.00352,0.00443,-0.01441,
1690986306379436800,30.33009,-0.72436,1.36741,0.99986,-0.00377,-0.00823,-0.01415,
1690986306479753728,30.45083,-0.73341,1.36290,0.99971,-0.01309,-0.01986,-0.00214,
1690986306579291648,30.56957,-0.73945,1.36964,0.99957,-0.01461,-0.02279,0.01149,
1690986306679334912,30.68932,-0.74119,1.38618,0.99934,-0.01520,-0.01969,0.02648,
1690986306779699200,30.80665,-0.74111,1.39819,0.99915,-0.01346,-0.00845,0.03791,
1690986306879478272,30.92717,-0.74152,1.39390,0.99879,-0.01617,-0.02149,0.04123,
1690986306979293696,31.05103,-0.74074,1.38193,0.99887,-0.01806,-0.02962,0.03251,
1690986307079624704,31.17523,-0.73877,1.37716,0.99938,-0.01864,-0.02655,0.01352,
1690986307179380992,31.29630,-0.73732,1.38494,0.99964,-0.01729,-0.02021,0.00372,
1690986307279336960,31.41480,-0.73621,1.39486,0.99996,-0.00569,-0.00703,-0.00259,
1690986307379340288,31.53552,-0.74066,1.39243,0.99995,-0.00297,-0.00127,-0.00932,
1690986307479286784,31.65851,-0.74389,1.37993,0.99995,-0.00935,-0.00444,-0.00141,
1690986307579230976,31.78238,-0.74636,1.37082,0.99981,-0.01449,-0.00706,0.01059,
1690986307779419136,32.02287,-0.74346,1.38960,0.99944,-0.00825,0.01456,0.02912,
1690986307979176704,32.26462,-0.73679,1.39480,0.99939,-0.01338,-0.00095,0.03215,
1690986308079166976,32.39009,-0.73274,1.39174,0.99966,-0.01728,-0.01529,0.01226,
1690986308179252224,32.51556,-0.73160,1.39951,0.99972,-0.00935,-0.01824,-0.01147,
1690986308279352064,32.63864,-0.73427,1.41504,0.99976,0.00270,-0.01120,-0.01854,
1690986308478920704,32.87328,-0.75246,1.41661,0.99958,-0.01763,-0.01236,-0.01962,
1690986308579157248,32.99088,-0.76630,1.40438,0.99959,-0.02334,-0.01457,-0.00853,
1690986308679545600,33.10810,-0.78005,1.40156,0.99963,-0.01566,-0.01671,0.01472,
1690986308780607488,33.22615,-0.79081,1.41072,0.99942,-0.00497,-0.01171,0.03170,
1690986308879525888,33.34139,-0.79896,1.42021,0.99883,-0.00307,-0.00289,0.04819,
1690986309079491584,33.57856,-0.81715,1.41057,0.99873,-0.01578,-0.02618,0.04015,
1690986309179125248,33.69887,-0.82223,1.41068,0.99886,-0.01941,-0.03895,0.01986,
1690986309279617280,33.81995,-0.82712,1.42311,0.99891,-0.02178,-0.04124,0.00155,
1690986309379541504,33.93660,-0.83438,1.43639,0.99941,-0.02200,-0.02600,-0.00474,
1690986309579591936,34.18013,-0.85605,1.42388,0.99901,-0.02577,-0.03547,-0.00811,
1690986309779165184,34.42697,-0.87612,1.41030,0.99935,-0.02884,-0.02064,0.00623,
1690986309879271168,34.54332,-0.87918,1.41998,0.99930,-0.03184,-0.01287,0.01461,
1690986309979277056,34.65554,-0.87839,1.42627,0.99924,-0.03366,-0.00743,0.01805,
1690986310079620096,34.77076,-0.87712,1.42076,0.99900,-0.02851,-0.02763,0.02045,
1690986310179353856,34.88388,-0.87426,1.41446,0.99834,-0.01783,-0.05374,0.01042,
1690986310279620096,34.99788,-0.86747,1.41439,0.99856,-0.00980,-0.05191,-0.00961,
1690986310379518976,35.09860,-0.87408,1.43013,0.99880,-0.02661,-0.02568,-0.03199,
1690986310479370496,35.20380,-0.87940,1.43738,0.99905,-0.02855,0.00621,-0.03221,
1690986310579298048,35.31368,-0.88863,1.43558,0.99943,-0.01903,0.01657,-0.02255,
1690986310679270656,35.41934,-0.90023,1.42860,0.99996,-0.00476,-0.00769,0.00219,
1690986310779289856,35.52022,-0.91555,1.43055,0.99832,0.02318,-0.04069,0.03410,
1690986310879744256,35.61774,-0.93108,1.44318,0.99736,0.03528,-0.05181,0.03659,
1690986310982768640,35.71496,-0.94744,1.45521,0.99905,0.01724,-0.03934,0.00752,
1690986311080121856,35.80763,-0.96170,1.45536,0.99929,-0.00030,-0.03129,-0.02105,
1690986311182098944,35.91041,-0.97945,1.44823,0.99818,0.00238,-0.04854,-0.03574,
1690986311279383040,36.01422,-0.98962,1.44652,0.99623,-0.00011,-0.06499,-0.05747,
1690986311379597312,36.11936,-0.99735,1.45131,0.99544,-0.00864,-0.06289,-0.07127,
1690986311579277824,36.32353,-1.01361,1.45535,0.99652,-0.01610,-0.05649,-0.05916,
1690986311679673088,36.43278,-1.02035,1.44879,0.99664,-0.02392,-0.06629,-0.04164,
1690986311779912448,36.54527,-1.02520,1.44538,0.99609,-0.03532,-0.07893,-0.01799,
1690986311879685888,36.65497,-1.02812,1.45286,0.99618,-0.05023,-0.07143,0.00216,
1690986311982477312,36.75944,-1.02942,1.46627,0.99640,-0.04896,-0.06432,0.02568,
1690986312079244800,36.86160,-1.03077,1.47464,0.99711,-0.04505,-0.05073,0.03405,
1690986312279473152,37.08047,-1.03169,1.46208,0.99679,-0.03632,-0.06409,0.03123,
1690986312379493120,37.19220,-1.03195,1.46135,0.99730,-0.03434,-0.06251,0.01767,
1690986312479637504,37.30064,-1.03528,1.47088,0.99815,-0.02294,-0.05524,0.01088,
1690986312579306240,37.40378,-1.04191,1.48005,0.99933,-0.00750,-0.03491,0.00794,
1690986312779701248,37.62077,-1.06246,1.46906,0.99889,-0.00993,-0.04560,0.00706,
1690986312879753728,37.73277,-1.07285,1.46409,0.99854,-0.00574,-0.05072,0.01773,
1690986312979639296,37.84452,-1.07988,1.47240,0.99853,-0.00209,-0.04475,0.03040,
1690986313079378944,37.95793,-1.08263,1.48472,0.99901,-0.00647,-0.02395,0.03682,
1690986313179241984,38.07029,-1.08289,1.48915,0.99912,-0.01383,-0.01315,0.03726,
1690986313279473408,38.18230,-1.08048,1.47737,0.99880,-0.02168,-0.02842,0.03351,
1690986313379297536,38.29704,-1.07500,1.46819,0.99893,-0.02029,-0.03757,0.01751,
1690986313479370752,38.41244,-1.06849,1.46868,0.99923,-0.01712,-0.03519,0.00375,
1690986313679261440,38.62897,-1.06287,1.48173,0.99985,0.00451,-0.01602,-0.00533,
1690986313779090688,38.73687,-1.06375,1.47636,0.99954,0.00205,-0.02867,-0.00983,
1690986313879334912,38.84997,-1.06834,1.46572,0.99925,-0.00543,-0.03776,-0.00670,
1690986313979019520,38.96432,-1.07442,1.46536,0.99968,-0.00743,-0.02375,-0.00375,
1690986314179168256,39.18273,-1.08408,1.49245,0.99978,-0.00685,-0.01861,0.00649,
1690986314279180032,39.28956,-1.08562,1.49582,0.99964,-0.01200,-0.02255,0.00820,
1690986314379457792,39.40042,-1.08529,1.48623,0.99899,-0.01625,-0.04178,-0.00079,
1690986314479300864,39.51361,-1.08277,1.47630,0.99881,-0.01328,-0.04371,-0.01733,
1690986314579177984,39.63070,-1.08109,1.47751,0.99939,-0.00958,-0.02204,-0.02552,
1690986314679275520,39.74724,-1.08337,1.48624,0.99951,-0.00075,-0.00577,-0.03077,
1690986314778973440,39.86123,-1.08973,1.48809,0.99948,0.01071,-0.00395,-0.03031,
1690986314879281152,39.97573,-1.09842,1.48073,0.99926,0.01065,-0.02382,-0.02828,
1690986314979124480,40.09240,-1.10971,1.47666,0.99969,0.00348,-0.01964,-0.01515,
1690986315079620864,40.21006,-1.12154,1.48456,0.99993,-0.00021,-0.01153,-0.00351,
1690986315178970624,40.32236,-1.13147,1.50116,0.99998,0.00285,-0.00153,0.00614,
1690986315279223552,40.43386,-1.13952,1.51361,0.99993,0.00148,0.00692,0.00990,
1690986315379131392,40.54527,-1.14674,1.51326,0.99983,-0.00430,-0.00726,0.01662,
1690986315479097088,40.65735,-1.15141,1.50798,0.99973,-0.00740,-0.01878,0.01163,
1690986315679084288,40.88389,-1.15590,1.51573,0.99984,-0.00619,-0.01657,-0.00137,
1690986315779130368,40.99499,-1.16245,1.53023,0.99998,0.00209,-0.00555,-0.00249,
1690986315879533824,41.10467,-1.16865,1.53309,0.99988,0.00562,-0.01352,-0.00453,
1690986315979362816,41.21671,-1.17947,1.52393,0.99965,-0.00098,-0.02645,0.00122,
1690986316179146240,41.43367,-1.19523,1.52095,0.99970,-0.00782,-0.01818,0.01456,
1690986316279074560,41.54150,-1.20406,1.53910,0.99958,-0.00751,-0.01228,0.02497,
1690986316379223808,41.64654,-1.21301,1.55212,0.99948,-0.00448,-0.00746,0.03097,
1690986316478968064,41.75429,-1.21748,1.54480,0.99925,-0.00691,-0.02457,0.02925,
1690986316579018496,41.86493,-1.21726,1.53216,0.99913,-0.00654,-0.03587,0.02030,
1690986316679071744,41.97671,-1.21422,1.53252,0.99949,-0.01012,-0.02967,0.00603,
1690986316779524096,42.08889,-1.21275,1.54597,0.99956,-0.00577,-0.02894,-0.00384,
1690986316979552000,42.31426,-1.22849,1.55265,0.99912,0.01216,-0.03649,-0.01689,
1690986317179620352,42.54706,-1.23811,1.53324,0.99930,0.00155,-0.03321,-0.01701,
1690986317282614272,42.68320,-1.22119,1.51352,0.99980,-0.00311,-0.01500,-0.01248,
1690986317379439360,42.77883,-1.24576,1.55489,0.99994,-0.00720,-0.00762,-0.00117,
1690986317479295744,42.89502,-1.25717,1.56256,0.99989,-0.01249,-0.00662,0.00531,
1690986317579354368,43.00889,-1.26967,1.56123,0.99985,-0.00738,-0.01533,-0.00419,
1690986317679503104,43.11994,-1.27813,1.55379,0.99967,0.00151,-0.01960,-0.01654,
1690986317779247360,43.23684,-1.28230,1.55279,0.99933,-0.00310,-0.02029,-0.03015,
1690986317879427584,43.35038,-1.29109,1.57036,0.99905,0.00027,-0.01537,-0.04090,
1690986317979328512,43.46336,-1.30643,1.57918,0.99891,0.01660,0.00023,-0.04368,
1690986318079665152,43.57747,-1.32675,1.58066,0.99843,0.01964,-0.01477,-0.05034,
1690986318179221504,43.72252,-1.31549,1.57854,0.99891,0.01517,-0.02153,-0.03864,
1690986318279622912,43.80569,-1.34886,1.55669,0.99897,0.00653,-0.03227,-0.03122,
1690986318379722752,43.91991,-1.38015,1.58295,0.99914,-0.00062,-0.03771,-0.01738,
1690986318479472896,44.02482,-1.37788,1.62075,0.99977,0.00512,-0.01917,-0.00793,
1690986318579214592,44.12160,-1.46474,1.67754,0.99962,0.01127,-0.02501,-0.00328,
1690986318679313664,44.24986,-1.48984,1.61884,0.99945,0.01046,-0.03031,-0.00852,
1690986318779132416,44.35550,-1.45609,1.56580,0.99938,0.00688,-0.03064,-0.01586,
1690986318879852032,44.46664,-1.42665,1.54804,0.99946,0.00082,-0.02125,-0.02503,
1690986318979157248,44.62577,-1.41439,1.62057,0.99966,-0.00602,-0.00344,-0.02514,
1690986319080278272,44.75440,-1.40254,1.66049,0.99958,-0.00026,-0.00335,-0.02880,
1690986319179998720,44.85227,-1.45648,1.64003,0.99941,-0.00056,-0.02288,-0.02559,
1690986319279556352,44.94505,-1.45874,1.56648,0.99943,-0.00599,-0.02990,-0.01428,
1690986319379262720,45.05944,-1.51450,1.57615,0.99901,-0.00798,-0.04349,-0.00446,
1690986319479362560,45.16297,-1.53800,1.57150,0.99907,-0.01080,-0.04115,0.00734,
1690986319579226624,45.27319,-1.60260,1.61193,0.99961,-0.00439,-0.02226,0.01613,
1690986319682530816,45.41435,-1.64890,1.69833,0.99933,-0.00384,-0.03162,0.01781,
1690986319779250176,45.47965,-1.67248,1.55776,0.99905,-0.00348,-0.04321,0.00320,
1690986319879269376,45.60138,-1.56108,1.50937,0.99958,-0.00820,-0.02458,-0.01313,
1690986319979557888,45.62397,-1.65299,1.42374,0.99959,-0.00666,-0.01913,-0.02018,
1690986320079596800,45.86146,-1.59302,1.69117,0.99953,-0.00287,-0.00445,-0.03009,
1690986320179391744,46.10255,-1.52625,1.59725,0.99922,-0.00136,-0.01415,-0.03677,
1690986320279606784,46.08658,-1.51090,1.57621,0.99906,-0.00661,-0.02658,-0.03349,
1690986320379218688,46.17517,-1.54498,1.55795,0.99902,-0.01119,-0.03188,-0.02855,
1690986320479372032,46.28545,-1.57797,1.57122,0.99919,-0.01025,-0.03484,-0.01721,
1690986320579399424,46.37789,-1.68648,1.62179,0.99961,-0.00506,-0.02579,-0.00924,
1690986320679560960,46.42728,-1.88298,1.68606,0.99955,0.00006,-0.02958,-0.00550,
1690986320779851520,46.38043,-2.04344,1.79640,0.99907,0.00276,-0.04228,-0.00779,
1690986320881618688,46.61809,-1.91746,1.60701,0.99884,0.00541,-0.04055,-0.02534,
1690986320979241472,46.78133,-1.67016,1.55410,0.99803,-0.00233,-0.04744,-0.04089,
1690986321079119360,46.69501,-2.12430,1.58057,0.99784,0.00483,-0.04225,-0.05001,
1690986321179207936,47.10159,-1.78025,1.60950,0.99802,0.00208,-0.02743,-0.05664,
1690986321279802112,47.17253,-1.86870,1.68661,0.99749,0.00362,-0.03636,-0.06062,
1690986321479801600,47.33985,-1.94859,1.62887,0.99765,0.00863,-0.04406,-0.05166,
1690986321579731968,47.42737,-1.87942,1.60387,0.99839,0.00873,-0.02521,-0.05008,
1690986321679712512,47.95548,-2.10272,1.64271,0.99915,0.01009,-0.00848,-0.03895,
1690986321779158528,47.89603,-2.06432,1.73428,0.99870,0.01511,-0.02724,-0.04035,
1690986321879165952,47.79480,-2.13718,1.64190,0.99742,0.02006,-0.04286,-0.05396,
1690986321979387648,47.95975,-1.93064,1.49915,0.99610,0.01179,-0.04860,-0.07265,
1690986322079782656,48.38347,-1.85137,1.59233,0.99548,0.01019,-0.03711,-0.08685,
1690986322179498240,48.35443,-1.75894,1.74808,0.99524,0.00802,-0.04054,-0.08821,
1690986322279668480,48.47710,-1.64229,1.71918,0.99477,0.00304,-0.04980,-0.08911,
1690986322379471616,48.56437,-1.62226,1.69365,0.99573,0.00004,-0.05354,-0.07518,
1690986322479495168,48.64981,-1.69093,1.58529,0.99708,0.00263,-0.05390,-0.05409,
1690986322579276288,48.67818,-2.06681,1.63613,0.99799,0.00157,-0.05131,-0.03712,
1690986322679319552,49.22579,-2.03220,1.77408,0.99925,0.01148,-0.02799,-0.02411,
1690986322779311104,49.30644,-2.27220,1.70077,0.99932,0.01442,-0.02878,-0.01781,
1690986322879707392,49.28906,-2.40897,1.73583,0.99872,0.00593,-0.04359,-0.02481,
1690986322979102208,49.09554,-2.32654,1.70453,0.99733,0.01203,-0.06001,-0.03989,
1690986323079761152,49.17547,-1.95956,1.51583,0.99604,0.00891,-0.06809,-0.05648,
1690986323179586816,49.18820,-2.02309,1.77065,0.99532,0.01107,-0.06576,-0.06995,
1690986323379375360,49.58030,-1.82439,1.66226,0.99536,0.01973,-0.05817,-0.07411,
1690986323479387904,50.11792,-2.12211,1.52701,0.99658,0.01858,-0.04664,-0.06557,
1690986323579219456,49.88425,-2.05590,1.72229,0.99746,0.01634,-0.04301,-0.05437,
1690986323679704064,50.31441,-2.11635,1.62648,0.99826,0.02321,-0.03178,-0.04391,
1690986323779282176,50.03743,-2.11792,1.74953,0.99867,0.01903,-0.03755,-0.02988,
1690986323979295744,49.96545,-2.46598,1.76035,0.99859,0.01403,-0.04573,-0.02312,
1690986324079279360,50.13338,-2.38930,1.78000,0.99775,0.01761,-0.05513,-0.03393,
1690986324285581568,50.40649,-2.20759,1.45532,0.99725,0.02054,-0.04845,-0.05223,
1690986324379227904,50.81096,-2.28224,1.61273,0.99741,0.01547,-0.03347,-0.06174,
1690986324479595008,51.54814,-2.32205,1.38344,0.99750,0.01236,-0.02126,-0.06626,
1690986324579345664,50.94100,-2.30286,1.33444,0.99722,0.00656,-0.02970,-0.06807,
1690986324679714560,50.90746,-2.15339,1.62779,0.99761,0.00851,-0.03225,-0.06048,
1690986324879414272,51.03763,-2.29182,1.51336,0.99846,0.00050,-0.03203,-0.04526,
1690986324979156992,51.08649,-2.36033,1.62891,0.99924,-0.00773,-0.01782,-0.03378,
1690986325079316224,51.00145,-2.78060,1.88208,0.99936,-0.00225,-0.01859,-0.03044,
1690986325181641472,51.00983,-2.61314,1.95568,0.99886,-0.00335,-0.03469,-0.03264,
1690986325279701504,51.10343,-2.59922,1.79680,0.99840,-0.00328,-0.03441,-0.04476,
1690986325479278848,51.43077,-2.36258,1.61157,0.99736,-0.00355,-0.03279,-0.06465,
1690986325781069056,51.72524,-2.25795,1.59456,0.99751,-0.00101,-0.02979,-0.06390,
1690986325879171840,52.71670,-2.54612,1.45791,0.99823,-0.00876,-0.01830,-0.05585,
1690986325979221504,52.90511,-2.49934,1.45569,0.99842,-0.00509,-0.03529,-0.04338,
1690986326079711488,52.41923,-2.83650,1.28323,0.99900,0.00519,-0.03258,-0.03010,
1690986326179193856,51.90576,-2.72648,1.90130,0.99907,0.00343,-0.03907,-0.01790,
1690986326379572224,52.12023,-3.26175,1.77639,0.99894,0.01021,-0.03880,-0.02243,
1690986326479334656,52.47608,-2.89042,1.76466,0.99824,0.00868,-0.04341,-0.03948,
1690986326579140608,52.66790,-2.85810,1.34876,0.99727,0.01359,-0.04723,-0.05510,
1690986326679281920,52.56593,-2.44142,1.42308,0.99626,0.00846,-0.04571,-0.07290,
1690986326879611136,52.58758,-2.10347,1.69311,0.99527,0.00377,-0.04764,-0.08458,
1690986326979194112,53.29857,-2.62616,1.34481,0.99630,0.00332,-0.03997,-0.07604,
1690986327079805696,52.92938,-2.40066,1.54703,0.99657,0.00046,-0.04880,-0.06683,
1690986327182435584,53.01353,-2.44929,1.51665,0.99760,0.00214,-0.04169,-0.05522,
1690986327279414784,53.04675,-2.49787,1.54627,0.99837,0.00120,-0.03696,-0.04346,
1690986327579161088,53.17093,-2.51366,1.61544,0.99849,-0.00269,-0.03193,-0.04464,
1690986327679723264,54.08675,-2.75287,1.62410,0.99747,0.00151,-0.04538,-0.05473,
1690986327879595776,53.79870,-2.46447,1.64789,0.99613,0.00762,-0.05704,-0.06651,
1690986328079341056,53.39253,-3.10401,1.69102,0.99639,0.00569,-0.06240,-0.05727,
1690986328379369728,53.54639,-2.55036,1.69328,0.99764,0.00375,-0.05003,-0.04689,
1690986328579014144,53.55545,-2.58263,1.64200,0.99850,0.00493,-0.04441,-0.03165,
1690986328779520512,53.48233,-2.57071,1.68471,0.99901,-0.00400,-0.03894,-0.02107,
1690986328879975936,53.49920,-2.58355,1.66836,0.99927,0.00309,-0.03632,-0.01173,
1690986328979279104,53.69637,-2.58493,1.53712,0.99937,0.00553,-0.03468,-0.00489,
1690986329079087104,53.55297,-2.71179,1.50284,0.99982,0.00253,-0.01845,0.00444,
1690986329179390976,53.63283,-2.66341,1.79556,0.99990,0.00264,-0.00359,0.01365,
1690986329379241984,53.25910,-2.86433,2.14939,0.99976,0.01192,-0.00777,0.01688,
1690986329479775232,53.46618,-2.78275,2.01833,0.99964,0.00887,-0.02218,0.01216,
1690986329579415552,53.35862,-2.76673,1.69821,0.99966,0.01375,-0.02112,0.00608,
1690986329779337984,53.54368,-3.27224,1.85210,0.99934,0.01298,-0.03222,0.01070,
1690986329879466240,53.71491,-2.76886,1.58575,0.99895,0.00391,-0.03716,0.02654,
1690986329979274496,53.59185,-2.77749,1.66136,0.99891,-0.00104,-0.03104,0.03487,
1690986330179257856,53.57494,-3.07878,1.65331,0.99831,0.00180,-0.02705,0.05134,
1690986330579213056,53.58271,-3.05831,1.70467,0.99771,0.00153,-0.04055,0.05410,
1690986330979234560,53.58016,-2.99929,1.70456,0.99828,-0.00338,-0.03260,0.04858,
1690986331879385344,53.58515,-2.96547,1.69183,0.99815,-0.00100,-0.02795,0.05401,
1690986332779454720,53.58911,-2.96232,1.68443,0.99840,0.01206,-0.01715,0.05250,
1690986332979346944,53.59639,-2.96862,1.68542,0.99856,0.02126,-0.00758,0.04857,
1690986333379313920,53.60956,-2.97082,1.69488,0.99878,0.01994,-0.01445,0.04271,
1690986333679247872,53.61862,-2.96096,1.69935,0.99906,0.02439,-0.01957,0.03000,
1690986333979182080,53.62567,-2.94271,1.70463,0.99911,0.02761,-0.02684,0.01719,
1690986334280048896,53.63014,-2.93696,1.70485,0.99881,0.03246,-0.03487,0.01031,
1690986335379109376,53.63811,-2.94978,1.70563,0.99908,0.03449,-0.02547,-0.00115,
1690986335579382784,53.65470,-2.95083,1.69878,0.99912,0.03239,-0.02328,-0.01331,
1690986335879657984,53.72744,-2.95939,1.69295,0.99912,0.02377,-0.02871,-0.01898,
1690986335981372928,53.76249,-2.98263,1.68166,0.99922,0.02417,-0.03031,-0.00727,
1690986336079681536,53.81040,-2.98029,1.69137,0.99945,0.02817,-0.01757,0.00248,
1690986336279292160,53.92311,-2.98909,1.69756,0.99951,0.02531,-0.01527,0.01014,
1690986336479694592,54.07707,-2.99236,1.68090,0.99951,0.02832,-0.01078,-0.00730,
1690986336579175168,54.16132,-2.98062,1.67794,0.99925,0.02971,-0.00009,-0.02486,
1690986336679484672,54.25235,-2.96996,1.67664,0.99847,0.03463,0.01002,-0.04187,
1690986336881884672,54.43023,-2.97346,1.69149,0.99729,0.04423,0.01552,-0.05673,
1690986336979115264,54.51522,-2.97651,1.69442,0.99765,0.04031,0.00122,-0.05542,
1690986337079154432,54.61266,-2.98329,1.69249,0.99831,0.03355,-0.01150,-0.04606,
1690986337179695872,54.70194,-2.98878,1.70378,0.99850,0.03155,-0.02750,-0.03531,
1690986337279819776,54.78923,-2.99747,1.71135,0.99878,0.02808,-0.03300,-0.02388,
1690986337579494144,55.07220,-3.00680,1.70200,0.99929,0.01205,-0.02331,-0.02688,
1690986337679301376,55.17329,-3.07046,1.65955,0.99877,0.01145,-0.02863,-0.03885,
1690986337779206400,55.28266,-2.98008,1.67834,0.99861,0.00947,-0.01407,-0.04992,
1690986337879361280,55.36986,-2.99962,1.72885,0.99851,0.01179,0.00063,-0.05322,
1690986338080367872,55.56629,-3.01119,1.69915,0.99878,0.01728,-0.00237,-0.04616,
1690986338179307264,55.68175,-3.02567,1.69824,0.99902,0.01448,-0.00764,-0.04122,
1690986338279845120,55.81005,-3.03286,1.70044,0.99929,0.00873,0.00312,-0.03661,
1690986338379429120,55.90149,-3.05060,1.67972,0.99938,0.00671,0.01050,-0.03283,
1690986338479526912,55.98065,-3.05456,1.71658,0.99928,0.01340,0.02287,-0.02732,
1690986338581396736,56.07896,-3.09965,1.73792,0.99929,0.01307,0.01775,-0.03060,
1690986338679220224,56.12756,-3.20649,1.65583,0.99900,0.01212,0.00762,-0.04229,
1690986338779731968,56.28144,-3.14140,1.62922,0.99786,0.01230,-0.00362,-0.06410,
1690986338880215808,56.43016,-3.02240,1.67730,0.99700,0.01633,-0.00140,-0.07562,
1690986338979767040,56.56219,-3.13091,1.78560,0.99686,0.02088,0.00609,-0.07618,
1690986339081605376,56.80741,-3.07003,1.76965,0.99721,0.01874,-0.00491,-0.07214,
1690986339279184640,56.89188,-3.10764,1.65781,0.99759,0.01090,-0.02108,-0.06527,
1690986339379459584,56.96828,-3.15353,1.50816,0.99819,0.01500,-0.01503,-0.05623,
1690986339479230464,57.09407,-3.15421,1.62808,0.99847,0.01648,-0.00112,-0.05272,
1690986339579196928,57.23157,-3.18038,1.70924,0.99891,0.00982,0.00641,-0.04524,
1690986339679716608,57.30044,-3.20367,1.54934,0.99877,0.00996,-0.00564,-0.04814,
1690986339879693312,57.55809,-3.15248,1.59178,0.99772,0.02167,-0.00725,-0.06345,
1690986339979442432,57.70185,-3.12324,1.63303,0.99767,0.01559,0.00625,-0.06608,
1690986340079418880,57.85356,-3.21875,1.60771,0.99764,0.01885,0.02062,-0.06275,
1690986340180847360,57.90881,-3.22954,1.75010,0.99770,0.02134,0.01173,-0.06333,
1690986340279475456,58.06452,-3.05792,1.64137,0.99844,0.00988,0.00646,-0.05454,
1690986340479646208,58.26389,-3.23383,1.55517,0.99903,0.00654,0.00979,-0.04243,
1690986340579277824,58.35577,-3.29760,1.65042,0.99902,0.01638,0.02200,-0.03467,
1690986340679413248,58.62189,-3.40835,1.73568,0.99919,0.01930,0.01533,-0.03193,
1690986340779618816,58.41061,-3.50173,1.52821,0.99892,0.01626,-0.00235,-0.04337,
1690986340879292160,58.79178,-3.30641,1.40048,0.99840,0.00842,0.00219,-0.05579,
1690986340979194368,58.91354,-3.30135,1.45092,0.99747,0.01010,0.00834,-0.06984,
1690986341079211520,59.10681,-3.38193,1.36693,0.99684,0.01910,0.01873,-0.07481,
1690986341179134720,59.19603,-3.03816,1.71130,0.99643,0.01273,0.02054,-0.08094,
1690986341279748864,59.25720,-3.03348,1.69593,0.99738,0.00400,0.00721,-0.07190,
1690986341479500288,59.58882,-3.23386,1.53160,0.99843,0.00231,0.00802,-0.05537,
1690986341579787520,59.60603,-3.40693,1.40403,0.99888,0.01137,0.01635,-0.04285,
1690986341679716352,60.19172,-3.53086,1.74422,0.99910,0.00959,0.02289,-0.03428,
1690986341780380672,60.05393,-3.55093,1.45483,0.99940,-0.00128,0.00680,-0.03381,
1690986341879624704,60.34615,-3.97144,1.33299,0.99893,0.00090,0.00912,-0.04537,
1690986341979994368,60.21930,-3.43199,1.52020,0.99817,-0.00638,0.00216,-0.06007,
1690986342079954688,60.34986,-3.28634,1.64395,0.99802,-0.00040,0.01520,-0.06096,
1690986342179209984,60.46602,-3.48048,1.55266,0.99795,0.01656,0.00480,-0.06156,
1690986342279915520,60.56825,-3.41381,1.55200,0.99738,0.02925,-0.03272,-0.05753,
1690986342379376384,60.77614,-3.34056,1.28964,0.99771,0.01909,-0.03159,-0.05666,
1690986342479463936,61.33762,-3.54750,1.42162,0.99793,0.00484,-0.00765,-0.06366,
1690986342579207936,61.21757,-3.43317,1.49303,0.99799,-0.00359,-0.01664,-0.06101,
1690986342679181056,61.16275,-3.42090,1.53223,0.99809,-0.00720,-0.02855,-0.05439,
1690986342879779072,61.41286,-3.71915,1.46606,0.99755,0.01118,-0.04052,-0.05587,
1690986342982414848,61.64473,-3.65021,1.43681,0.99702,0.01937,-0.02198,-0.07137,
1690986343081520640,61.71962,-3.32838,1.56773,0.99710,0.01750,-0.01574,-0.07236,
1690986343279626496,61.99158,-3.29666,1.52858,0.99704,0.02708,-0.00633,-0.07165,
1690986343379264000,62.04699,-3.47080,1.51565,0.99722,0.02713,0.00955,-0.06867,
1690986343479346688,62.07586,-3.57586,1.65813,0.99755,0.01768,0.02096,-0.06430,
1690986343579219456,63.26268,-3.54893,1.56261,0.99815,0.02181,0.02138,-0.05262,
1690986343679735040,62.22168,-3.82640,1.39148,0.99841,0.03126,0.01196,-0.04526,
1690986343779569920,62.26374,-3.97441,1.72131,0.99874,0.02643,0.00552,-0.04239,
1690986343879261184,62.51554,-3.89446,1.56951,0.99824,0.02429,-0.00769,-0.05363,
1690986343982487808,62.68264,-3.95464,1.51206,0.99730,0.02963,-0.02047,-0.06396,
1690986344079354368,63.29782,-4.11674,1.24659,0.99625,0.03741,-0.02333,-0.07446,
1690986344279127296,63.13659,-3.71141,1.50091,0.99603,0.02024,-0.02750,-0.08218,
1690986344479785728,63.34201,-3.74189,1.47485,0.99668,0.00532,-0.03649,-0.07253,
1690986344679780608,63.45972,-3.96286,1.39287,0.99798,-0.00089,-0.02314,-0.05923,
1690986345079341056,63.82681,-4.09909,1.19187,0.99791,0.00401,-0.02266,-0.06040,
1690986345179926016,63.98768,-4.09889,1.32930,0.99792,0.00464,0.00112,-0.06436,
1690986345282535680,64.94737,-4.44734,1.13178,0.99792,0.01429,0.01104,-0.06191,
1690986345379618560,65.18399,-4.47242,1.00545,0.99860,0.01246,0.00118,-0.05141,
1690986345479412736,65.65900,-3.97600,0.93891,0.99932,0.00777,-0.00226,-0.03584,
1690986345579471616,64.72176,-4.30271,0.88068,0.99962,0.00920,-0.00855,-0.02446,
1690986345679800064,64.74759,-4.33329,1.01762,0.99988,0.01029,-0.00228,-0.01113,
1690986345779319040,64.93763,-4.45403,1.23033,0.99985,0.01041,0.01359,0.00056,
1690986345879400704,64.03282,-4.24625,1.23853,0.99998,0.00080,-0.00176,0.00560,
1690986345980355840,64.41656,-4.65760,1.25326,0.99996,-0.00206,-0.00638,-0.00574,
1690986346079978496,64.75057,-4.56040,1.16602,0.99953,-0.00304,-0.01517,-0.02634,
1690986346179117568,65.46121,-4.53381,1.00733,0.99909,0.00101,-0.00929,-0.04158,
1690986346280072704,65.27536,-4.72963,0.82764,0.99876,0.00724,-0.01223,-0.04779,
1690986346479299328,65.22699,-4.32599,1.17189,0.99842,0.01821,-0.01518,-0.05086,
1690986346679232512,65.47094,-4.34992,1.17142,0.99851,0.00686,-0.02612,-0.04735,
1690986346779281408,65.34101,-4.55688,1.04697,0.99889,0.01098,-0.02507,-0.03835,
1690986346879700224,65.69453,-4.69155,1.28297,0.99911,0.01763,-0.01205,-0.03627,
1690986346979330560,67.07511,-5.53371,1.57851,0.99918,0.02211,-0.00826,-0.03289,
1690986347079386368,66.38461,-4.87293,0.84706,0.99863,0.01702,-0.02658,-0.04185,
1690986347181215232,66.26472,-4.64293,0.98808,0.99780,0.01718,-0.03751,-0.05189,
1690986347379171584,66.43223,-4.49701,1.12364,0.99762,0.00582,-0.02337,-0.06457,
1690986347479261952,66.99893,-4.95081,0.87754,0.99795,0.01224,-0.02112,-0.05909,
1690986347579424768,67.93714,-4.94974,0.60703,0.99836,0.00800,-0.02447,-0.05119,
1690986347679613184,67.55366,-4.97136,0.72020,0.99909,0.00647,-0.02285,-0.03535,
1690986347779296256,66.99154,-4.80435,0.86096,0.99937,0.00297,-0.02488,-0.02503,
1690986347879315456,67.01850,-5.04261,1.02380,0.99969,0.00463,-0.01827,-0.01627,
1690986347979638016,67.11305,-5.04124,1.16476,0.99988,0.00708,-0.01264,-0.00473,
1690986348179387904,67.31191,-5.15223,0.99301,0.99930,0.01787,-0.03205,-0.00747,
1690986348279099136,67.83996,-5.32239,0.85228,0.99934,0.00931,-0.02908,-0.01979,
1690986348379122432,68.36157,-5.17299,1.12001,0.99930,0.01143,-0.01201,-0.03355,
1690986348479783424,68.22139,-5.21448,0.94462,0.99899,0.01918,-0.01119,-0.03915,
1690986348587358976,68.28366,-5.04543,1.06458,0.99880,0.01397,-0.01686,-0.04391,
1690986348679773184,70.05536,-5.21168,1.03319,0.99937,0.00615,-0.01274,-0.03254,
1690986348779373824,68.65577,-5.16433,0.50320,0.99933,0.00182,-0.02448,-0.02720,
1690986348879524352,68.75599,-5.30483,0.62279,0.99988,0.00397,-0.00802,-0.01230,
1690986348979971328,68.98260,-5.29550,0.77876,0.99981,0.01174,0.01467,-0.00589,
1690986349079150080,68.95347,-5.24418,0.50878,0.99979,0.00962,0.01782,-0.00115,
1690986349179168768,69.32923,-5.38332,0.84023,0.99990,0.00621,0.01238,-0.00385,
1690986349379271424,69.35860,-5.38793,0.66859,0.99968,-0.00266,0.00993,-0.02304,
1690986349479581952,69.01601,-5.25953,0.50494,0.99931,0.00150,0.01662,-0.03331,
1690986349579304704,70.06150,-5.52918,0.41682,0.99894,0.01278,0.02705,-0.03508,
1690986349679447808,69.77481,-5.31373,0.74142,0.99929,0.01030,0.01529,-0.03275,
1690986349779273984,69.77041,-5.16887,0.81590,0.99962,0.00367,0.00929,-0.02566,
1690986349879267328,70.13742,-5.28401,0.66228,0.99986,0.00026,-0.00246,-0.01646,
1690986349979209216,70.05544,-5.36647,0.51468,0.99995,0.00191,-0.00949,-0.00335,
1690986350080810752,69.97090,-5.75897,0.57516,0.99994,0.00850,0.00670,0.00108,
1690986350179339520,70.05876,-5.50317,0.90952,0.99998,0.00162,0.00133,0.00573,
1690986350279532544,70.27538,-5.65069,0.65472,0.99998,-0.00201,-0.00420,-0.00436,
1690986350379274752,70.40328,-5.70559,0.56199,0.99982,-0.00655,0.00001,-0.01755,
1690986350480160768,70.67169,-5.70068,0.60695,0.99962,-0.00487,0.00625,-0.02630,
1690986350581587712,70.88789,-5.67653,0.76030,0.99918,-0.00573,0.02298,-0.03288,
1690986350679056640,71.49612,-5.76339,0.52118,0.99885,-0.00280,0.02264,-0.04207,
1690986350779261952,72.13929,-5.65939,0.31310,0.99919,0.00135,0.01229,-0.03827,
1690986350879774208,71.46928,-5.63317,0.79768,0.99950,0.00085,0.01068,-0.02959,
1690986350979429888,71.54270,-5.72140,0.47404,0.99962,-0.00781,0.00907,-0.02486,
1690986351079945728,71.41669,-5.57021,0.71347,0.99986,-0.00661,-0.00922,-0.01270,
1690986351179475968,71.38031,-6.03300,0.20616,0.99997,-0.00043,0.00484,-0.00547,
1690986351281550336,71.56391,-6.03259,0.79794,0.99998,0.00515,-0.00040,-0.00465,
1690986351379073536,71.87844,-5.92925,0.63700,0.99974,0.00742,-0.00354,-0.02114,
1690986351479323136,72.10215,-5.74023,0.42417,0.99948,0.00109,0.00126,-0.03233,
1690986351581475840,71.95813,-5.85360,0.95280,0.99898,0.00526,0.00224,-0.04484,
1690986351682674176,72.32755,-5.76217,0.74418,0.99842,0.01248,0.01358,-0.05317,
1690986351779327744,72.88372,-5.83800,0.40649,0.99828,0.01415,0.00129,-0.05691,
1690986351879504896,73.35515,-5.81281,0.78549,0.99869,0.01530,-0.00235,-0.04887,
1690986352079706624,72.73796,-5.91972,0.37707,0.99899,-0.00216,-0.00486,-0.04471,
1690986352179401472,72.76933,-5.90107,0.49752,0.99915,0.00182,0.00478,-0.04098,
1690986352279457024,72.75575,-5.91551,0.44037,0.99942,0.00080,-0.00370,-0.03396,
1690986352479727872,73.28363,-6.06760,0.54786,0.99901,-0.00080,-0.00950,-0.04341,
1690986352579428608,73.49872,-5.98967,0.49901,0.99848,-0.00267,-0.01006,-0.05418,
1690986352679319552,74.40995,-6.08724,0.13935,0.99828,0.00228,0.01272,-0.05712,
1690986352779648768,73.52004,-5.61025,0.95069,0.99817,0.00766,0.00545,-0.05977,
1690986352879887616,73.71874,-5.51409,0.79825,0.99867,0.00871,-0.00811,-0.05019,
1690986352979637504,74.49438,-6.01389,0.21047,0.99919,0.01770,-0.00735,-0.03541,
1690986353079433728,74.85429,-6.06757,0.07032,0.99938,0.02100,-0.00465,-0.02795,
1690986353179259136,74.25056,-6.09748,0.60474,0.99967,0.01701,-0.00815,-0.01767,
1690986353379803392,74.44733,-6.17749,0.48700,0.99985,0.01279,-0.00919,-0.00764,
1690986353479993600,74.45325,-6.24981,0.74236,0.99960,0.01724,-0.01931,-0.01108,
1690986353579566592,74.83317,-6.27785,0.25220,0.99959,0.00349,-0.01840,-0.02174,
1690986353680565248,74.88290,-6.11074,0.41014,0.99916,0.00052,-0.01207,-0.03915,
1690986353879098624,74.88154,-6.02740,0.49706,0.99865,-0.00176,-0.01265,-0.05038,
1690986353979381248,75.56386,-6.15260,0.21198,0.99903,-0.00375,-0.02010,-0.03907,
1690986354079586048,75.66698,-6.62663,0.16698,0.99931,0.00571,-0.01573,-0.03302,
1690986354179467520,75.56518,-6.30509,0.27085,0.99958,-0.00399,-0.01203,-0.02603,
1690986354279181824,75.60526,-6.24570,0.44189,0.99966,-0.01170,0.00482,-0.02259,
1690986354379277312,75.52640,-6.31142,0.72472,0.99982,-0.00771,0.00253,-0.01708,
1690986354479909632,75.56081,-6.37358,0.46934,0.99948,-0.00527,-0.01724,-0.02661,
1690986354579258880,75.89906,-6.38396,0.13999,0.99898,-0.01124,-0.01864,-0.03947,
1690986354679256320,76.35575,-6.32100,0.01666,0.99836,-0.01938,-0.00917,-0.05310,
1690986354779306240,76.47744,-6.28011,0.04681,0.99813,-0.01038,0.00893,-0.05953,
1690986354979502080,76.36654,-5.95441,0.33332,0.99850,-0.00272,0.00354,-0.05464,
1690986355079702016,76.61573,-6.31240,0.06035,0.99928,-0.00191,0.00103,-0.03800,
1690986355180326656,76.88450,-6.34824,0.18858,0.99984,0.00825,-0.00097,-0.01586,
1690986355279287296,76.89471,-6.52516,0.24046,0.99981,0.00888,0.01554,-0.00786,
1690986355379160576,77.12039,-6.44664,0.47846,0.99980,0.00015,0.01891,0.00610,
1690986355479302144,76.87595,-6.78204,0.73005,0.99998,0.00042,0.00134,0.00669,
1690986355579302400,77.38734,-7.19734,0.01528,0.99991,0.01105,-0.00677,-0.00314,
1690986355679779840,78.88809,-6.70685,0.08567,0.99961,0.01420,-0.00585,-0.02319,
1690986355779341056,77.78736,-6.14839,0.27300,0.99924,0.01344,0.00709,-0.03595,
1690986355880100608,77.65846,-5.91680,0.59626,0.99872,0.01611,0.01844,-0.04429,
1690986355979453184,77.56963,-5.97274,1.00269,0.99875,0.02003,0.00390,-0.04552,
1690986356079494656,78.35600,-5.96024,0.36096,0.99934,0.01031,0.00070,-0.03496,
1690986356179124992,78.81005,-6.13450,0.30062,0.99961,-0.00279,-0.00437,-0.02757,
1690986356279275776,78.42386,-6.32747,0.19832,0.99981,-0.00391,-0.00541,-0.01828,
1690986356379426048,78.60369,-6.50448,0.51832,0.99967,0.02027,0.01070,-0.01152,
1690986356480095232,78.51914,-6.73860,0.78157,0.99949,0.03042,0.00760,-0.00622,
1690986356579435264,78.66219,-6.57260,0.20728,0.99966,0.02091,-0.00580,-0.01420,
1690986356679742464,78.91833,-6.80003,0.33116,0.99899,0.02101,-0.01640,-0.03629,
1690986356779357184,79.01250,-6.20906,0.06211,0.99803,0.01181,-0.02346,-0.05689,
1690986356879484416,80.74809,-5.88424,0.35098,0.99816,-0.00469,0.00537,-0.06023,
1690986356979169280,80.43193,-6.63367,-0.14842,0.99815,0.00661,-0.00478,-0.06031,
1690986357079137536,79.05756,-6.37711,0.18061,0.99850,0.00837,-0.02193,-0.04946,
1690986357179293696,79.67706,-6.43321,-0.10273,0.99864,-0.01844,-0.03142,-0.03724,
1690986357280530176,80.02028,-6.83997,0.23490,0.99833,-0.02652,-0.03798,-0.03439,
1690986357379191040,81.12904,-6.77280,-0.30167,0.99923,-0.01834,-0.02292,-0.02586,
1690986357579891968,79.99206,-6.47544,0.18141,0.99916,-0.01589,-0.02912,-0.02388,
1690986357681965056,80.14878,-6.68989,0.22346,0.99865,-0.00796,-0.02547,-0.04463,
1690986357779101440,80.62878,-6.43133,0.07417,0.99841,-0.00924,-0.01316,-0.05403,
1690986357879596032,80.69522,-6.24662,0.19840,0.99827,-0.00626,0.00627,-0.05817,
1690986357979029760,80.36720,-6.31551,0.38381,0.99815,0.01082,0.01270,-0.05839,
1690986358079689216,81.05428,-6.37857,0.40389,0.99882,0.00941,0.00087,-0.04769,
1690986358179241472,81.31067,-6.43217,-0.15917,0.99939,0.01080,-0.00082,-0.03330,
1690986358280642816,81.30979,-6.70082,-0.13379,0.99952,0.01897,0.00714,-0.02343,
1690986358379105536,82.49989,-6.59722,0.24991,0.99895,0.02679,0.03045,-0.02149,
1690986358579279616,81.44612,-6.49170,0.12367,0.99932,0.01615,0.02636,-0.02026,
1690986358679325440,82.47374,-6.66728,-0.10128,0.99850,0.00969,0.02442,-0.04801,
1690986358778858240,83.24068,-6.41453,-0.35144,0.99743,0.00166,0.03366,-0.06317,
1690986358879222528,84.12988,-5.48064,-0.11988,0.99636,0.00034,0.03193,-0.07899,
1690986358979207680,83.09943,-6.78804,-0.38988,0.99621,0.01367,0.03175,-0.07984,
1690986359079440128,85.83126,-6.91474,-0.43199,0.99702,0.00541,0.02715,-0.07197,
1690986359179606528,83.26568,-6.40327,-0.14501,0.99847,0.00205,0.00910,-0.05459,
1690986359279746048,83.23775,-6.89903,-0.64233,0.99881,0.00014,0.01355,-0.04675,
1690986359379244544,83.26858,-6.91580,-0.44145,0.99917,0.00846,0.01662,-0.03628,
1690986359479187456,83.37896,-6.85560,-0.12042,0.99903,0.01614,0.03112,-0.02683,
1690986359579390976,83.17035,-7.15742,0.18535,0.99929,0.00962,0.02556,-0.02578,
1690986359679613184,83.50091,-6.93317,-0.06327,0.99920,-0.00082,0.01418,-0.03731,
1690986359779343616,83.86821,-6.81690,-0.39998,0.99856,-0.00860,0.01071,-0.05193,
1690986359879383296,84.45699,-7.10434,-0.84974,0.99833,-0.00771,0.02089,-0.05340,
1690986359979554560,83.77216,-6.90445,-0.56504,0.99842,-0.00024,0.02931,-0.04791,
1690986360079346176,83.60398,-6.85940,-0.32919,0.99894,0.00709,0.01076,-0.04412,
1690986360179362560,84.55059,-6.75736,-0.59327,0.99962,0.00523,0.01034,-0.02499,
1690986360279420160,84.48396,-7.08581,-0.69435,0.99981,0.00428,0.00813,-0.01738,
1690986360379226368,84.56430,-7.00183,-0.60562,0.99975,-0.00020,0.02079,-0.00813,
1690986360479755520,84.69231,-6.98251,-0.11987,0.99938,0.00827,0.03409,-0.00077,
1690986360579429888,84.07283,-6.99691,-0.42250,0.99966,0.00435,0.02518,0.00411,
1690986360679603968,85.09824,-7.84701,-0.43545,0.99985,0.00522,0.01512,-0.00609,
1690986360780618496,85.12263,-7.12120,-0.95938,0.99949,0.00590,0.02086,-0.02338,
1690986360879525888,84.90811,-7.16924,-0.85008,0.99876,0.01698,0.03258,-0.03346,
1690986360979386624,85.07373,-6.63210,0.09309,0.99787,0.01552,0.04817,-0.04110,
1690986361079559424,85.56187,-6.48992,0.14518,0.99840,0.00632,0.03485,-0.04400,
1690986361179099392,85.82641,-6.41951,-0.51787,0.99945,-0.00324,0.01463,-0.02948,
1690986361279810304,86.46937,-7.08885,-0.86605,0.99982,0.00247,0.01277,-0.01346,
1690986361379391488,86.93683,-6.36416,-0.14454,0.99952,0.00984,0.02946,-0.00039,
1690986361479326976,86.20272,-7.31195,0.01577,0.99879,0.02272,0.04332,0.00556,
1690986361582426624,86.02037,-7.20997,0.22054,0.99932,0.01224,0.03386,0.00766,
1690986361679276800,86.10912,-7.35737,-0.27510,0.99994,0.00208,0.01053,0.00030,
1690986361779423232,86.43942,-7.16588,-0.97242,0.99987,-0.00117,0.01101,-0.01164,
1690986361879347712,86.51206,-7.05318,-0.85462,0.99939,0.00302,0.02668,-0.02255,
1690986361979503360,86.91716,-7.14843,0.20454,0.99859,0.00577,0.04633,-0.02532,
1690986362079840000,86.71053,-6.72728,0.14726,0.99906,0.01065,0.03112,-0.02814,
1690986362179397632,87.09553,-6.81082,-0.30203,0.99955,0.01287,0.01593,-0.02197,
1690986362279620864,87.17435,-7.00540,-0.97773,0.99980,0.01343,0.01132,-0.01002,
1690986362379624960,88.37424,-6.84919,-0.30856,0.99958,0.01884,0.02141,-0.00478,
1690986362479098880,87.61906,-7.22784,-0.00384,0.99892,0.02467,0.03866,-0.00796,
1690986362579454464,87.30794,-7.17604,0.19571,0.99936,0.01519,0.03230,-0.00392,
1690986362679441920,87.60600,-7.65253,-0.06543,0.99975,0.00811,0.01628,-0.01286,
1690986362779346688,87.84296,-7.36257,-0.59778,0.99952,0.00243,0.01278,-0.02814,
1690986362880000000,88.05717,-7.20107,-0.50443,0.99886,0.00867,0.01692,-0.04375,
1690986362980314368,88.19617,-7.13082,-0.34187,0.99819,0.00802,0.02763,-0.05278,
1690986363080568064,88.56241,-7.13553,-0.37218,0.99787,0.01466,0.02258,-0.05944,
1690986363180249856,89.60359,-7.38662,-0.56878,0.99821,0.01105,0.01333,-0.05716,
1690986363280258304,88.70659,-7.29345,-0.49135,0.99872,-0.00034,0.00582,-0.05019,
1690986363479348224,88.80306,-7.41086,-0.23278,0.99910,0.00068,0.01329,-0.04034,
1690986363679810048,88.83735,-7.18420,-0.39115,0.99934,-0.00496,0.00729,-0.03530,
1690986363779623424,89.74817,-7.80274,-0.64584,0.99866,-0.00414,0.00158,-0.05151,
1690986363879209472,89.57595,-7.41879,-0.55058,0.99755,-0.01303,0.00032,-0.06874,
1690986364079630080,89.77865,-7.25764,-0.46607,0.99617,-0.01256,0.00152,-0.08647,
1690986364179435264,90.03558,-7.24188,-0.56092,0.99623,-0.01373,-0.00513,-0.08549,
1690986364279357696,90.72602,-7.24065,-0.43137,0.99685,-0.01102,0.00589,-0.07834,
1690986364379470848,90.74766,-7.32005,-0.63387,0.99758,0.00021,0.00874,-0.06897,
1690986364479809536,90.76000,-7.61469,-0.56857,0.99748,-0.00493,0.02301,-0.06697,
1690986364682380800,90.22808,-7.28173,-0.51431,0.99765,0.00144,0.03021,-0.06156,
1690986364779222272,91.55334,-7.74545,-0.60399,0.99710,0.00351,0.02012,-0.07329,
1690986364879595520,91.22107,-7.57130,-0.76382,0.99656,0.00365,0.01441,-0.08152,
1690986364979173888,91.42386,-7.27246,-0.46046,0.99592,0.00572,0.01405,-0.08895,
1690986365079377408,91.48473,-7.30731,-0.55157,0.99608,0.01066,0.01496,-0.08655,
1690986365179200768,91.64342,-7.48602,-0.34969,0.99669,0.01802,-0.00342,-0.07916,
1690986365279820288,91.96275,-7.18209,-0.89467,0.99759,0.01238,-0.00690,-0.06792,
1690986365379155200,92.67121,-7.56417,-0.96199,0.99838,-0.00364,-0.00885,-0.05608,
1690986365479484672,92.19871,-7.35700,-0.53530,0.99878,-0.00565,-0.00558,-0.04865,
1690986365579421184,91.98612,-7.41978,-0.17813,0.99942,0.00632,0.00026,-0.03349,
1690986365679495168,92.05483,-7.78202,-0.07356,0.99958,0.00526,-0.02216,-0.01802,
1690986365879078912,92.64658,-7.96270,-0.66830,0.99902,0.00269,-0.04003,-0.01845,
1690986365979400960,92.66674,-7.75059,-0.87091,0.99920,0.00153,-0.03385,-0.02119,
1690986366079589632,92.67656,-7.59979,-0.21842,0.99947,-0.00100,-0.01769,-0.02748,
1690986366179027968,92.69545,-7.20673,0.38806,0.99910,-0.01625,-0.02262,-0.03188,
1690986366279577856,92.63588,-7.46328,-0.27957,0.99845,-0.02511,-0.04499,-0.02103,
1690986366479247616,92.84477,-7.39818,-0.38251,0.99825,-0.02750,-0.05142,-0.00954,
1690986366578942208,93.48694,-7.96403,-0.81958,0.99961,-0.01569,-0.02055,-0.01010,
1690986366679269632,94.35741,-8.13868,-0.45086,0.99975,-0.01269,-0.01043,-0.01521,
1690986366779197440,95.06004,-8.11284,-1.19121,0.99926,-0.01041,-0.02081,-0.03055,
1690986366878956288,93.98544,-7.82001,-0.75353,0.99863,-0.00051,-0.02698,-0.04486,
1690986366979150336,94.18168,-7.77277,-0.57079,0.99776,0.01051,-0.02416,-0.06143,
1690986367179884288,94.36729,-7.08030,-0.64148,0.99694,0.00834,-0.01246,-0.07676,
1690986367279269120,96.22084,-8.28217,-0.60227,0.99740,0.01430,-0.01335,-0.06932,
1690986367379290624,94.85897,-8.00310,-0.91869,0.99790,0.01956,-0.01330,-0.06026,
1690986367479348480,96.56038,-7.95949,-1.14090,0.99848,0.00869,-0.01942,-0.05086,
1690986367579344384,95.09652,-7.99029,-0.79361,0.99884,0.01642,-0.00678,-0.04467,
1690986367679660032,95.22052,-8.21565,-0.37802,0.99907,0.01984,0.00022,-0.03822,
1690986367779681280,95.17967,-8.37654,0.04837,0.99877,0.01517,-0.01829,-0.04358,
1690986367880007680,95.59447,-8.15590,-0.84506,0.99784,0.01024,-0.02628,-0.05936,
1690986367979751424,95.73264,-8.17051,-0.93676,0.99636,0.02109,-0.03711,-0.07384,
1690986368079542528,95.95319,-7.89740,-0.87799,0.99574,0.02244,-0.02932,-0.08454,
1690986368179375616,95.94043,-7.58023,-0.61397,0.99554,0.02461,-0.02126,-0.08857,
1690986368279404288,96.19039,-8.00723,-0.65668,0.99541,0.02439,-0.02939,-0.08777,
1690986368379398144,96.42508,-7.87344,-0.92607,0.99614,0.01821,-0.02745,-0.08140,
1690986368479846656,96.63903,-8.04093,-1.02324,0.99683,0.01851,-0.01721,-0.07538,
1690986368579710208,96.47959,-7.93237,-0.83397,0.99749,0.01841,-0.00688,-0.06810,
1690986368679341312,96.31598,-8.16009,-0.31249,0.99857,0.01632,-0.00207,-0.05088,
1690986368779618816,96.43419,-8.76019,-0.34475,0.99899,0.00342,-0.02191,-0.03902,
1690986368879506944,97.33852,-8.51530,-0.96994,0.99829,-0.00890,-0.02510,-0.05207,
1690986368979165952,97.25920,-8.24466,-0.59293,0.99701,-0.00587,-0.02108,-0.07409,
1690986369079428608,97.43298,-7.98094,-0.80316,0.99621,0.00788,-0.02150,-0.08394,
1690986369179091456,97.62511,-8.37776,-1.06630,0.99587,0.02232,-0.01410,-0.08683,
1690986369379132160,97.18746,-8.25749,-0.68208,0.99531,0.02068,-0.02303,-0.09162,
1690986369580463104,97.75434,-8.00450,-0.88269,0.99574,0.00715,-0.01973,-0.08975,
1690986369779299072,97.62769,-8.20269,-0.85846,0.99684,0.00875,-0.01576,-0.07742,
1690986369879226368,97.12471,-7.95809,-0.63679,0.99553,0.00833,-0.03026,-0.08908,
1690986369978981632,98.27682,-8.22255,-1.11000,0.99401,0.00509,-0.03106,-0.10463,
1690986370079188480,99.09575,-8.27879,-0.99708,0.99256,0.00450,-0.02362,-0.11939,
1690986370179019008,98.73367,-8.29120,-1.37247,0.99189,0.01048,-0.01577,-0.12565,
1690986370379274240,98.30612,-8.30979,-0.96541,0.99261,0.02421,-0.01655,-0.11773,
1690986370479421696,99.31742,-8.30553,-1.25412,0.99285,0.00838,-0.01141,-0.11853,
1690986370579296256,99.77245,-8.32158,-1.45348,0.99271,0.00268,0.00104,-0.12052,
1690986370679204352,100.87826,-8.37566,-0.97297,0.99371,0.00541,0.01123,-0.11131,
1690986370779113984,99.50778,-8.30435,-1.25087,0.99418,0.00305,-0.00711,-0.10743,
1690986370881202176,99.70327,-8.80981,-1.10627,0.99409,0.00430,-0.02707,-0.10503,
1690986370978910464,100.02589,-8.93275,-1.52259,0.99287,0.00304,-0.03771,-0.11305,
1690986371079525888,99.98717,-8.69764,-1.01313,0.99230,-0.00044,-0.03166,-0.11971,
1690986371179301120,100.33859,-8.49419,-1.18369,0.99246,0.00050,-0.02363,-0.12024,
1690986371279108096,102.87434,-8.50321,-1.70229,0.99237,0.00003,-0.03883,-0.11702,
1690986371379084288,103.21794,-8.93950,-0.52055,0.99474,0.00562,-0.02456,-0.09925,
1690986371479277568,104.47069,-8.85448,-1.73643,0.99485,-0.00458,-0.02952,-0.09684,
1690986371579232000,101.85049,-8.96302,-1.66359,0.99484,-0.01806,-0.02757,-0.09597,
1690986371679690752,101.88519,-9.21222,-1.42417,0.99632,-0.01704,-0.00989,-0.08340,
1690986371879900672,101.61409,-8.90985,-1.32009,0.99677,-0.00567,-0.01686,-0.07830,
1690986372079795200,102.05511,-9.20272,-1.25745,0.99560,0.00756,-0.01798,-0.09160,
1690986372279587584,102.69391,-8.48641,-1.30389,0.99524,0.01042,-0.01745,-0.09532,
1690986372379180800,102.65148,-9.01447,-1.08054,0.99631,0.00275,-0.01785,-0.08394,
1690986372479574016,102.98246,-9.20051,-1.70271,0.99732,-0.00065,-0.01449,-0.07172,
1690986372579512576,102.76711,-9.02503,-1.58204,0.99773,0.00797,-0.00164,-0.06691,
1690986372679814656,103.05299,-9.37725,-1.35447,0.99774,0.02209,0.02652,-0.05760,
1690986372879566848,102.16194,-8.99828,-1.40271,0.99750,0.01603,0.02192,-0.06516,
1690986372979533568,102.99172,-9.54153,-1.10615,0.99638,0.01200,0.02137,-0.08138,
1690986373079399680,103.33951,-9.38078,-1.55761,0.99475,0.01607,0.03215,-0.09580,
1690986373179292928,103.48349,-9.30458,-1.35796,0.99301,0.01884,0.04958,-0.10546,
1690986373279784448,103.80337,-9.23176,-1.23562,0.99193,0.02107,0.05121,-0.11410,
1690986373379203072,104.03001,-9.28879,-1.42960,0.99295,0.01815,0.04202,-0.10934,
1690986373582724096,104.16971,-9.29044,-1.59300,0.99453,0.00714,0.05013,-0.09137,
1690986373679129088,104.01144,-9.44012,-1.24938,0.99478,0.00051,0.05962,-0.08277,
1690986373779298560,104.12171,-9.58071,-1.09710,0.99474,-0.00342,0.07084,-0.07387,
1690986373879378432,104.66184,-9.76008,-1.06132,0.99588,-0.00911,0.05860,-0.06866,
1690986373979438592,104.50769,-10.06168,-1.59972,0.99630,-0.00574,0.04735,-0.07145,
1690986374079644160,105.11671,-9.79780,-1.96260,0.99549,-0.00121,0.05250,-0.07903,
1690986374179234560,104.93698,-9.63499,-1.50154,0.99380,0.00515,0.07033,-0.08593,
1690986374280077056,106.92275,-10.16885,-1.46150,0.99270,0.01553,0.07955,-0.08933,
1690986374379648256,107.14269,-9.98662,-2.18219,0.99459,0.01351,0.05299,-0.08830,
1690986374579144448,106.77414,-9.59792,-2.13856,0.99636,0.00125,0.04409,-0.07293,
1690986374778893568,106.11096,-9.91480,-1.66321,0.99731,-0.00104,0.04662,-0.05664,
1690986374878925056,106.44195,-10.17574,-1.45711,0.99840,0.00601,0.03162,-0.04649,
1690986374979169024,110.66052,-11.22020,-1.97699,0.99799,0.00620,0.02277,-0.05876,
1690986375079182592,107.89428,-10.22487,-2.49544,0.99702,-0.00637,0.01825,-0.07468,
1690986375179229696,109.39480,-10.88339,-1.74360,0.99628,0.00391,0.02626,-0.08196,
1690986375279322880,107.57348,-10.05372,-1.34234,0.99556,0.01427,0.03454,-0.08639,
1690986375379502848,107.13725,-9.59444,-0.70983,0.99571,0.01294,0.02126,-0.08914,
1690986375479302144,107.90311,-10.02393,-1.56968,0.99689,0.00131,0.00905,-0.07822,
1690986375579292416,108.43596,-10.40306,-2.08092,0.99743,-0.00859,-0.00235,-0.07105,
1690986375679773952,108.20419,-10.36811,-2.04366,0.99779,-0.01117,0.00406,-0.06536,
1690986375779842304,108.29562,-10.36168,-1.69987,0.99792,-0.00618,0.02329,-0.05975,
1690986375879286272,109.42561,-10.33235,-1.72379,0.99819,-0.00606,0.02156,-0.05573,
1690986375979533312,107.89902,-10.32739,-1.81659,0.99834,-0.00076,0.00001,-0.05754,
1690986376079361024,108.75733,-10.57935,-2.22282,0.99716,-0.00149,-0.00162,-0.07534,
1690986376181093120,108.91248,-10.41630,-2.08942,0.99620,0.00152,0.00817,-0.08668,
1690986376281126400,111.21636,-11.46406,-2.68698,0.99554,0.00658,0.02859,-0.08961,
1690986376379399424,110.11976,-10.29019,-2.49689,0.99534,0.00725,0.02616,-0.09251,
1690986376479872000,110.44209,-10.80169,-2.59637,0.99649,0.00256,0.01686,-0.08199,
1690986376579353344,110.57376,-10.52973,-2.52279,0.99732,-0.00005,0.01791,-0.07098,
1690986376679597824,110.33590,-10.62002,-2.42078,0.99766,0.00452,0.03103,-0.06083,
1690986376779800064,110.16424,-10.68600,-2.23570,0.99713,0.00524,0.04950,-0.05697,
1690986376879169280,110.05981,-10.75104,-1.75637,0.99726,-0.00204,0.05688,-0.04716,
1690986376981726976,110.61723,-11.00545,-1.54276,0.99778,-0.00765,0.04476,-0.04872,
1690986377079116032,110.78777,-11.11209,-2.45872,0.99743,-0.01327,0.03619,-0.06048,
1690986377179340288,110.79325,-10.76933,-2.36139,0.99679,-0.01024,0.03364,-0.07191,
1690986377279941888,111.75225,-11.38245,-1.51304,0.99558,0.00602,0.05983,-0.07216,
1690986377379394816,113.38113,-11.55231,-2.71213,0.99535,0.01073,0.05449,-0.07864,
1690986377479311104,113.78865,-12.27046,-2.60298,0.99609,0.00532,0.04923,-0.07322,
1690986377679450624,112.32370,-11.10916,-2.48977,0.99733,-0.00629,0.03706,-0.06264,
1690986377779468032,112.16158,-11.15639,-2.30121,0.99729,-0.00448,0.04733,-0.05607,
1690986377879336192,112.23420,-11.44796,-1.84293,0.99758,-0.00058,0.04783,-0.05040,
1690986377979217408,113.29655,-11.67869,-2.07607,0.99805,-0.00003,0.03233,-0.05332,
1690986378079923456,112.83291,-11.67034,-2.68944,0.99781,0.00187,0.02353,-0.06176,
1690986378179319552,112.93252,-11.43062,-2.58287,0.99658,-0.00079,0.03093,-0.07659,
1690986378279438080,114.70966,-11.62603,-2.25114,0.99499,0.01295,0.05792,-0.08042,
1690986378379493376,112.90133,-11.54786,-2.64726,0.99473,0.02014,0.04885,-0.08789,
1690986378479724288,113.40088,-11.34392,-2.07237,0.99577,0.00882,0.03604,-0.08405,
1690986378679510016,113.76438,-11.50345,-2.84208,0.99665,-0.00626,0.03970,-0.07124,
1690986378779257856,113.91197,-11.53471,-2.88920,0.99621,-0.00491,0.05272,-0.06898,
1690986378879592704,114.16936,-11.71311,-2.06191,0.99610,0.00067,0.05656,-0.06766,
1690986378979333888,113.92778,-11.52324,-2.65929,0.99681,-0.00497,0.03373,-0.07216,
1690986379079767040,116.03714,-12.46334,-3.36054,0.99643,-0.00278,0.01856,-0.08226,
1690986379179613952,115.97239,-11.94896,-3.07141,0.99462,0.00682,0.02650,-0.09993,
1690986379279263488,116.57257,-12.12542,-3.29605,0.99407,0.01118,0.04256,-0.09945,
1690986379379408128,114.91218,-11.26161,-2.18811,0.99345,0.01464,0.04437,-0.10430,
1690986379479269376,116.60791,-11.96172,-2.91570,0.99506,0.01242,0.02652,-0.09486,
1690986379579341056,117.60036,-11.56315,-3.30217,0.99608,0.00395,0.03063,-0.08286,
1690986379679730688,116.55238,-11.36930,-3.23756,0.99630,-0.00302,0.03528,-0.07831,
1690986379779397376,116.10389,-11.72310,-2.98764,0.99630,-0.00547,0.04862,-0.07067,
1690986379879938304,117.14521,-11.61582,-3.39589,0.99624,-0.01300,0.06403,-0.05691,
1690986379979331328,118.98784,-11.69379,-4.20788,0.99662,-0.01689,0.05896,-0.05470,
1690986380079367168,118.40483,-11.71686,-4.02282,0.99610,-0.01608,0.05188,-0.06953,
1690986380179113984,117.06359,-11.56597,-3.52029,0.99473,-0.00706,0.06063,-0.08243,
1690986380279554816,117.30322,-11.50722,-2.90363,0.99367,0.00132,0.07517,-0.08350,
1690986380379451904,117.69228,-11.43641,-2.59733,0.99373,0.00103,0.07102,-0.08639,
1690986380479596288,119.17812,-12.42420,-3.54500,0.99581,-0.00083,0.04497,-0.07965,
1690986380579452160,119.97659,-12.50660,-3.90976,0.99730,-0.00588,0.03599,-0.06376,
1690986380779665664,118.54604,-12.12771,-3.35717,0.99789,-0.00232,0.04503,-0.04667,
1690986380979175680,118.22055,-11.91602,-3.35918,0.99857,0.00626,0.04169,-0.03297,
1690986381079318784,118.50455,-12.80798,-3.13137,0.99862,0.01077,0.02749,-0.04353,
1690986381179388928,119.42027,-12.18254,-3.88103,0.99765,0.01502,0.03634,-0.05603,
1690986381279753984,118.90773,-11.92295,-3.03075,0.99654,0.02294,0.04307,-0.06733,
1690986381379763968,119.04002,-11.67645,-2.97770,0.99518,0.02948,0.05913,-0.07242,
1690986381479572992,119.53024,-11.80786,-2.52160,0.99585,0.02813,0.04543,-0.07369,
1690986381579575552,119.36518,-11.65963,-3.19040,0.99711,0.01909,0.02721,-0.06834,
1690986381679260672,119.41521,-11.97706,-3.57979,0.99782,0.01141,0.00954,-0.06437,
1690986381779213824,119.66948,-12.22585,-3.70949,0.99785,0.01003,0.01180,-0.06365,
1690986381879215104,120.19168,-12.17893,-3.16806,0.99710,0.01785,0.03678,-0.06411,
1690986381979323648,122.50012,-11.82421,-3.79380,0.99723,0.01257,0.03148,-0.06623,
1690986382079837440,120.36696,-12.48936,-3.18266,0.99693,0.00929,0.01885,-0.07549,
1690986382179360768,121.14168,-12.15196,-3.45106,0.99507,-0.00983,0.00989,-0.09824,
1690986382279872768,120.66912,-12.08094,-3.79687,0.99357,-0.00049,0.01498,-0.11219,
1690986382379649280,121.24261,-11.75766,-3.51161,0.99340,0.01216,0.04120,-0.10631,
1690986382479140352,120.76145,-12.03941,-2.63429,0.99286,0.01909,0.04173,-0.11012,
1690986382579208448,121.37068,-11.81425,-2.83856,0.99493,0.01313,0.03185,-0.09448,
1690986382679243776,121.30682,-12.32795,-3.83385,0.99604,0.00844,0.01897,-0.08640,
1690986382779179008,121.48574,-12.32505,-3.67682,0.99657,0.01097,0.03237,-0.07532,
1690986382879678208,121.60919,-12.23933,-3.64329,0.99596,0.01066,0.05533,-0.06996,
1690986382979392000,121.85669,-12.47534,-3.07729,0.99667,0.01211,0.05001,-0.06322,
1690986383079469568,123.09800,-12.79645,-3.85715,0.99718,0.00387,0.03022,-0.06855,
1690986383179440128,121.89636,-12.64638,-4.20087,0.99704,0.00061,0.01976,-0.07430,
1690986383279448832,122.43740,-12.60435,-3.86251,0.99526,-0.00958,0.03139,-0.09157,
1690986383379265024,122.42994,-12.51881,-3.62362,0.99386,-0.00612,0.04138,-0.10245,
1690986383479069952,122.40635,-12.01086,-3.11641,0.99326,0.00440,0.04089,-0.10839,
1690986383580071936,122.58376,-12.28774,-3.03760,0.99386,0.00451,0.02100,-0.10852,
1690986383779181824,124.77164,-12.42860,-3.67099,0.99453,-0.00763,0.00624,-0.10401,
1690986383879575040,123.16571,-12.57766,-3.45028,0.99361,-0.00656,0.01728,-0.11134,
1690986383979098624,123.26906,-12.35021,-3.20351,0.99391,-0.00117,0.03279,-0.10519,
1690986384079083008,122.98479,-12.78830,-2.44367,0.99456,0.00471,0.01651,-0.10276,
1690986384179205376,123.32957,-12.91588,-3.47551,0.99371,0.00979,0.00513,-0.11145,
1690986384279141888,123.79915,-12.49082,-3.76022,0.99176,0.00228,-0.00366,-0.12806,
1690986384379156224,123.94215,-12.43351,-3.57254,0.99160,0.01099,0.00456,-0.12878,
1690986384579108352,124.17546,-12.52134,-3.30576,0.99205,0.01314,0.00208,-0.12512,
1690986384678921984,125.03958,-12.81223,-3.85253,0.99316,-0.00429,0.00097,-0.11667,
1690986384779427584,125.75345,-12.61477,-3.15804,0.99322,-0.01419,0.02136,-0.11340,
1690986384879407872,124.82242,-12.51942,-3.35596,0.99437,-0.02270,0.02046,-0.10147,
1690986384979398912,126.31943,-13.78794,-3.87813,0.99422,-0.01927,0.04789,-0.09418,
1690986385079091968,131.13010,-13.54029,-2.65645,0.99421,-0.01846,0.06182,-0.08589,
1690986385178941696,125.80054,-13.02453,-3.54737,0.99399,-0.01097,0.04247,-0.10031,
1690986385279376640,126.39126,-12.95965,-3.89416,0.99289,-0.00579,0.04491,-0.11010,
1690986385379003136,126.27302,-12.87295,-3.72196,0.99150,0.00780,0.05595,-0.11717,
1690986385479333632,126.00359,-12.62845,-2.94174,0.98966,0.01786,0.07567,-0.12052,
1690986385579588864,126.66637,-12.60499,-2.64566,0.99052,0.01530,0.06201,-0.12161,
1690986385679580160,128.64641,-13.02466,-3.99799,0.99276,0.00790,0.04534,-0.11098,
1690986385779178496,128.10201,-13.77851,-4.05159,0.99451,0.01390,0.03700,-0.09684,
1690986385879332864,127.33976,-13.13076,-3.95643,0.99521,0.01606,0.04583,-0.08485,
1690986385979319040,127.23697,-13.17494,-3.54023,0.99448,0.01211,0.06804,-0.07896,
1690986386079774976,126.87624,-13.35897,-2.80212,0.99475,0.01006,0.07249,-0.07157,
1690986386179256832,127.42415,-13.58249,-3.48299,0.99589,0.00779,0.05093,-0.07449,
1690986386279845120,127.80456,-13.78798,-4.00318,0.99519,0.01359,0.04295,-0.08698,
1690986386380357376,127.67246,-13.06414,-4.41955,0.99249,0.01557,0.05487,-0.10818,
1690986386479554304,128.81565,-13.26506,-4.08657,0.98993,0.01661,0.08314,-0.11338,
1690986386679322368,128.59789,-13.39650,-3.86342,0.98979,0.01820,0.08622,-0.11207,
1690986386779099904,128.18674,-12.96396,-3.05384,0.99154,0.01397,0.07536,-0.10478,
1690986386879184384,128.64767,-13.45990,-4.62548,0.99353,0.01252,0.06552,-0.09196,
1690986386979017984,128.57033,-13.41812,-4.21751,0.99270,0.00985,0.08008,-0.08963,
1690986387078958592,129.45636,-13.60006,-3.99706,0.99137,0.00863,0.10077,-0.08336,
1690986387179155456,128.82196,-13.44671,-3.23319,0.99219,0.00554,0.09330,-0.08256,
1690986387279338240,129.41128,-14.43227,-3.16372,0.99259,0.01235,0.07804,-0.09233,
1690986387379444480,129.55483,-13.61872,-4.26049,0.99254,0.01268,0.06127,-0.10466,
1690986387479399424,130.08056,-13.66615,-3.10652,0.99016,0.01665,0.06092,-0.12489,
1690986387679027200,132.06726,-16.20023,-3.80674,0.98917,0.02372,0.05256,-0.13494,
1690986387879733248,130.98136,-14.14609,-3.84777,0.99058,0.02907,0.03664,-0.12870,
1690986387979683072,130.64973,-13.68661,-4.13500,0.99087,0.02816,0.04276,-0.12474,
1690986388079386112,130.77757,-13.66146,-4.03469,0.99021,0.04265,0.06089,-0.11812,
1690986388179439104,130.70660,-14.13524,-4.21273,0.99152,0.03561,0.06044,-0.10938,
1690986388279442688,129.87632,-13.90341,-3.68175,0.99139,0.02303,0.05306,-0.11750,
1690986388379158784,131.32962,-14.15572,-4.36240,0.98987,0.02486,0.05641,-0.12792,
1690986388479543808,131.08087,-13.96561,-3.97105,0.98757,0.02465,0.06875,-0.13916,
1690986388679572992,131.02097,-13.94158,-4.05829,0.98641,0.01819,0.07773,-0.14360,
1690986388779409152,131.33932,-13.69575,-3.45064,0.98916,0.01152,0.05963,-0.13366,
1690986388879511552,131.69440,-13.76047,-4.13813,0.99271,0.01699,0.03800,-0.11314,
1690986388979391488,132.39257,-14.31796,-4.64348,0.99470,0.00923,0.03467,-0.09640,
1690986389079574528,135.61378,-16.39109,-4.23049,0.99510,0.00907,0.06219,-0.07628,
1690986389179079168,131.91393,-14.55829,-3.41726,0.99597,0.00903,0.06653,-0.05942,
1690986389279962624,133.61726,-14.73521,-3.56886,0.99727,0.00510,0.05377,-0.05040,
1690986389379531776,132.90695,-15.23737,-4.31257,0.99794,0.00611,0.03964,-0.05006,
1690986389479658496,133.19576,-14.99072,-4.63318,0.99691,0.00914,0.05226,-0.05793,
1690986389579759104,132.89207,-14.63188,-3.87419,0.99503,0.01246,0.06713,-0.07253,
1690986389779179264,133.75030,-15.00897,-4.24785,0.99446,0.01403,0.06411,-0.08207,
1690986389879229184,133.20340,-14.27368,-3.69893,0.99599,0.00681,0.05083,-0.07330,
1690986389979025152,133.87766,-14.96655,-4.85278,0.99650,0.00777,0.04749,-0.06831,
1690986390079577088,133.68420,-14.67047,-4.42470,0.99516,0.00979,0.06968,-0.06855,
1690986390179373568,133.27270,-14.65310,-3.64037,0.99460,0.01180,0.08510,-0.05830,
1690986390279821568,134.17446,-15.37838,-3.46941,0.99591,0.01213,0.07279,-0.05215,
1690986390379788288,133.12055,-14.70098,-3.85041,0.99628,0.01178,0.05640,-0.06411,
1690986390479628544,134.35211,-15.01598,-4.74397,0.99535,0.00652,0.05936,-0.07558,
1690986390579238912,134.27961,-14.96425,-4.73327,0.99365,0.00224,0.06427,-0.09232,
1690986390679163904,134.33653,-14.58249,-3.79199,0.99138,0.00635,0.07796,-0.10514,
1690986390779412480,136.13356,-15.52112,-3.96242,0.99205,0.01051,0.06107,-0.10955,
1690986390879666688,134.82614,-14.61675,-3.93124,0.99317,-0.00207,0.04693,-0.10681,
1690986390979321600,135.11609,-14.94185,-4.00127,0.99442,-0.01434,0.02847,-0.10056,
1690986391079652608,135.16182,-15.01277,-4.47047,0.99504,-0.01911,0.01200,-0.09683,
1690986391179955456,136.27911,-15.43901,-3.37870,0.99476,-0.01081,0.03739,-0.09457,
1690986391279202560,135.48026,-15.19703,-3.57290,0.99576,-0.01563,0.02494,-0.08715,
1690986391379265280,135.44018,-15.59681,-3.95828,0.99562,-0.01300,0.01287,-0.09173,
1690986391479150848,135.65744,-15.23930,-4.39572,0.99389,-0.02092,0.01432,-0.10738,
1690986391579241728,135.90372,-15.00435,-4.26760,0.99286,-0.01423,0.02061,-0.11660,
1690986391679793664,136.41179,-15.29055,-3.73566,0.99192,-0.00689,0.05264,-0.11525,
1690986391779476992,136.72793,-15.34157,-3.68681,0.99246,0.00114,0.04376,-0.11449,
1690986391879739648,136.50904,-15.32087,-3.78372,0.99461,0.00042,0.03029,-0.09913,
1690986391979637760,136.85627,-15.21265,-4.58266,0.99482,-0.00703,0.02500,-0.09825,
1690986392080090368,136.51674,-15.40000,-4.33490,0.99447,-0.02176,0.03454,-0.09680,
1690986392179714048,136.63037,-15.14551,-3.84076,0.99404,-0.01459,0.05714,-0.09167,
1690986392279260672,137.25557,-15.72310,-3.59927,0.99502,-0.00212,0.05214,-0.08493,
1690986392379210496,137.09593,-15.81765,-4.18268,0.99560,0.00296,0.03607,-0.08646,
1690986392479962368,136.89856,-15.83702,-4.83844,0.99422,0.00183,0.04207,-0.09877,
1690986392579699456,137.24060,-15.56017,-4.55510,0.99215,0.01194,0.06020,-0.10894,
1690986392679619840,137.30499,-15.15463,-3.73277,0.98908,0.01945,0.08500,-0.11883,
1690986392779476224,137.41419,-14.70401,-3.27809,0.98832,0.02165,0.09404,-0.11796,
1690986392879465728,137.53745,-15.27011,-3.72058,0.99064,0.02420,0.07660,-0.11036,
1690986392979263744,137.91480,-15.15862,-4.43576,0.99283,0.02153,0.06478,-0.09811,
1690986393079077632,137.82984,-15.61726,-4.88185,0.99176,0.00910,0.08398,-0.09635,
1690986393179461376,138.62107,-15.40599,-3.56714,0.99114,0.00617,0.10105,-0.08594,
1690986393379181056,137.89913,-15.86121,-4.32746,0.99235,0.00373,0.08803,-0.08646,
1690986393479485952,138.12212,-15.89467,-3.82303,0.99136,0.00120,0.07960,-0.10424,
1690986393579589120,138.74332,-15.37791,-4.79464,0.98792,0.00138,0.09622,-0.12144,
1690986393679152640,139.31093,-16.43585,-5.07667,0.98549,0.00414,0.10956,-0.12960,
1690986393779320064,139.25123,-14.49346,-4.31429,0.98495,0.00041,0.11497,-0.12904,
1690986393879145984,138.83544,-15.16224,-3.51769,0.98779,0.00191,0.09423,-0.12405,
1690986393979259392,139.25489,-15.28290,-4.82895,0.99034,-0.00200,0.07916,-0.11379,
1690986394079616512,139.87992,-15.42778,-4.95564,0.99145,0.00075,0.08079,-0.10247,
1690986394179325440,139.86625,-15.44306,-4.90130,0.99250,-0.00207,0.08271,-0.09000,
1690986394279320576,139.76375,-15.63011,-4.41615,0.99050,-0.00367,0.11072,-0.08148,
1690986394379260672,138.70703,-15.44290,-4.37826,0.99237,-0.00852,0.10001,-0.07166,
1690986394479135488,139.00095,-15.47311,-4.42354,0.99401,-0.01207,0.07359,-0.07989,
1690986394579251968,139.81146,-15.63197,-5.44842,0.99389,-0.01204,0.07490,-0.08020,
1690986394679346688,140.24411,-16.11714,-5.11368,0.99274,-0.00194,0.08223,-0.08780,
1690986394779458560,139.94605,-15.34678,-4.10943,0.99044,0.01110,0.10246,-0.09170,
1690986394879742720,140.00582,-14.96087,-3.57288,0.99078,0.01107,0.09530,-0.09569,
1690986394979259648,139.96486,-15.03088,-3.88848,0.99343,0.00762,0.07812,-0.08330,
1690986395079995392,140.59644,-15.59880,-4.96059,0.99598,0.00378,0.05552,-0.07015,
1690986395179743744,140.60509,-15.81193,-5.06848,0.99627,0.00207,0.05654,-0.06521,
1690986395279824128,140.64576,-15.64869,-4.61482,0.99472,0.00707,0.08595,-0.05571,
1690986395379235072,140.49096,-16.02326,-3.62756,0.99512,0.00613,0.08397,-0.05141,
1690986395479209728,140.67624,-16.42045,-4.16204,0.99621,0.00282,0.06524,-0.05740,
1690986395579335936,141.31438,-16.28654,-4.96579,0.99527,0.00473,0.05408,-0.08057,
1690986395679641344,141.21194,-15.69205,-5.04832,0.99296,0.00556,0.05792,-0.10319,
1690986395779259904,141.11805,-15.30536,-4.00468,0.98916,0.00088,0.07696,-0.12504,
1690986395879517696,144.05861,-15.92577,-4.23391,0.98875,0.00491,0.07715,-0.12805,
1690986395979334144,142.16019,-15.65332,-3.83172,0.99058,0.00462,0.04576,-0.12900,
1690986396079534848,142.15289,-15.45242,-5.14926,0.99218,0.00273,0.02783,-0.12168,
1690986396179125760,142.16279,-15.61221,-5.33210,0.99262,0.00081,0.01793,-0.11994,
1690986396279459840,142.34344,-15.75936,-5.03444,0.99307,0.00574,0.03569,-0.11187,
1690986396379171584,142.36381,-16.40214,-4.13013,0.99312,0.00262,0.04885,-0.10639,
1690986396479623680,142.04674,-16.43420,-3.91428,0.99277,0.00281,0.03949,-0.11331,
1690986396579375104,142.26678,-16.40593,-4.65250,0.99049,0.00326,0.03558,-0.13286,
1690986396679211008,142.48982,-15.93885,-4.48197,0.98753,-0.00038,0.02999,-0.15457,
1690986396779715328,142.51297,-15.73591,-4.58924,0.98515,0.01289,0.02779,-0.16891,
1690986396879352320,142.96865,-15.95343,-4.52799,0.98393,0.01859,0.03456,-0.17418,
1690986396979352064,142.95502,-15.68827,-4.26682,0.98348,0.01799,0.03696,-0.17627,
1690986397079384832,142.57755,-15.57906,-4.01038,0.98526,0.01124,0.02331,-0.16907,
1690986397179304960,142.81821,-15.84588,-4.64483,0.98755,0.00487,0.01811,-0.15616,
1690986397379379456,142.92683,-16.10176,-4.53673,0.99011,0.00847,0.01395,-0.13932,
1690986397479401984,143.03018,-16.23462,-4.51091,0.99119,0.00751,0.02874,-0.12910,
1690986397579738880,144.01816,-16.71175,-4.60885,0.99104,-0.00074,0.03182,-0.12975,
1690986397779296512,142.27190,-16.08044,-4.74172,0.99062,-0.00036,0.01500,-0.13583,
1690986398079594496,142.98506,-15.60693,-4.81894,0.99153,-0.00831,0.00605,-0.12943,
1690986398379574528,143.03039,-15.83007,-4.57621,0.99199,0.00920,0.01383,-0.12521,
1690986398979158784,143.02095,-15.99090,-4.50570,0.99348,0.00754,0.01644,-0.11252,
1690986399179005696,143.02968,-15.97343,-4.50333,0.99512,0.01043,0.00622,-0.09791,
1690986400079095296,143.02376,-15.98538,-4.49834,0.99532,0.01493,0.01506,-0.09432,
1690986400279061248,143.03502,-15.98656,-4.50010,0.99452,0.00466,0.01617,-0.10320,
1690986400378951936,143.04641,-15.99610,-4.50777,0.99395,0.01305,0.02413,-0.10632,
1690986400479880704,143.07297,-16.00765,-4.49854,0.99253,0.03368,0.04822,-0.10690,
1690986400578980352,143.09462,-16.03403,-4.51125,0.99113,0.05777,0.06295,-0.10180,
1690986400679477504,143.01918,-16.02126,-4.47002,0.99389,0.03254,0.04022,-0.09750,
1690986400779776512,143.07255,-16.09201,-4.53138,0.99454,-0.01248,0.02111,-0.10142,
1690986400879168256,143.32868,-16.24568,-4.59818,0.99436,-0.02286,0.01326,-0.10275,
1690986400979366144,143.34377,-16.15689,-4.55873,0.99426,-0.02128,0.00204,-0.10483,
1690986401079348736,143.35360,-16.15104,-4.57953,0.99384,-0.00002,0.01688,-0.10954,
1690986401179410688,143.20879,-16.03814,-4.46143,0.99357,0.02540,0.03158,-0.10572,
1690986401379447808,143.32035,-16.20257,-4.51796,0.99203,0.04502,0.03928,-0.11092,
1690986401479300864,143.26494,-16.24591,-4.47861,0.99098,0.02478,0.03855,-0.12591,
1690986401579360768,143.26043,-16.02901,-4.48338,0.98805,0.01511,0.01798,-0.15232,
1690986401779403520,143.25340,-15.70391,-4.55024,0.98800,0.00729,0.01573,-0.15349,
1690986401879316224,143.34333,-15.92345,-4.54996,0.98875,0.01884,0.01204,-0.14788,
1690986402080003328,143.39615,-16.19729,-4.48845,0.99080,0.01054,0.01162,-0.13443,
1690986402279508480,143.43353,-16.52980,-4.58110,0.99124,0.01226,0.00522,-0.13140,
1690986402479451392,143.55840,-16.46000,-4.49887,0.99031,0.01083,0.02395,-0.13639,
1690986402579297024,143.63519,-16.19825,-4.59683,0.99159,-0.00479,0.04213,-0.12229,
1690986402679027200,142.59883,-15.92324,-4.09836,0.99505,-0.00058,0.00577,-0.09920,
1690986402779219968,143.22973,-16.65988,-4.51788,0.99526,0.03092,-0.01390,-0.09118,
1690986402879590400,143.40423,-16.55714,-4.66443,0.99457,0.05698,-0.02037,-0.08466,
1690986402979689216,143.14316,-16.75201,-4.40646,0.99306,0.07521,-0.02333,-0.08730,
1690986403079696896,143.42355,-16.93917,-4.50229,0.99190,0.07350,-0.02360,-0.10089,
1690986403179637760,143.28521,-16.52104,-4.57023,0.99207,0.03235,-0.02661,-0.11851,
1690986403279748608,143.39798,-16.33829,-4.53067,0.99080,-0.00627,-0.00376,-0.13512,
1690986403479074304,143.62967,-16.74707,-4.48808,0.98889,-0.01351,-0.00156,-0.14805,
1690986403579148800,143.34232,-15.95900,-4.53705,0.99013,-0.00973,-0.02027,-0.13836,
1690986403679672832,143.23013,-16.39125,-4.50869,0.98927,0.00767,0.01085,-0.14548,
1690986403779324416,143.11165,-15.79682,-3.99095,0.99114,0.00383,0.01804,-0.13156,
1690986403879510528,143.85955,-16.78506,-4.40861,0.99194,0.01236,0.00074,-0.12610,
1690986404079544832,143.74440,-16.87510,-4.44412,0.99287,0.01703,-0.02029,-0.11622,
1690986404279183616,143.84570,-16.99940,-4.45325,0.99191,0.02514,-0.00343,-0.12440,
1690986404379219456,143.70716,-16.49472,-4.39812,0.99253,-0.01814,0.00445,-0.12056,
1690986404479976960,143.22277,-15.88692,-4.16170,0.99446,-0.03436,-0.01853,-0.09763,
1690986404579866368,143.71067,-16.85676,-4.51794,0.99688,-0.00621,-0.00807,-0.07828,
1690986404679517440,143.55050,-16.71719,-4.49192,0.99766,-0.00101,-0.01833,-0.06587,
1690986404779369984,143.60701,-16.66932,-4.46230,0.99814,0.01938,-0.01681,-0.05529,
1690986404979564032,144.02209,-16.98586,-4.44897,0.99853,0.01082,-0.01706,-0.05024,
1690986405179466240,144.65289,-17.24282,-4.41882,0.99820,-0.00518,-0.01314,-0.05833,
1690986405279754752,144.34746,-16.47214,-4.50746,0.99815,-0.02670,0.00305,-0.05461,
1690986405379800832,144.72347,-16.98685,-4.36224,0.99873,-0.00267,-0.00250,-0.05023,
1690986405479404032,144.38714,-16.57204,-4.38204,0.99892,-0.00836,-0.01483,-0.04322,
1690986405579418368,144.66710,-16.69619,-4.45980,0.99882,-0.01146,-0.02864,-0.03764,
1690986405679071488,144.63948,-16.84849,-4.65000,0.99909,-0.00893,-0.02646,-0.03214,
1690986405979416832,145.88939,-17.58709,-4.45056,0.99948,-0.00333,-0.01035,-0.03021,
1690986406079758592,146.43054,-16.34564,-4.24264,0.99887,0.00433,-0.00801,-0.04670,
1690986406179340288,145.23476,-16.85326,-4.59236,0.99807,0.01038,-0.00810,-0.06069,
1690986406279444480,145.58882,-16.36356,-4.16917,0.99724,0.00443,0.00359,-0.07398,
1690986406379804928,145.61489,-16.32406,-4.16724,0.99645,0.01038,0.00040,-0.08349,
1690986406479461376,146.22469,-16.57959,-4.18407,0.99721,0.00798,-0.00197,-0.07418,
1690986406579272448,146.07569,-16.59018,-4.51719,0.99803,0.00697,-0.01390,-0.06072,
1690986406679283968,146.12207,-16.79102,-4.58837,0.99845,0.01635,-0.01150,-0.05190,
1690986406779382784,146.50585,-16.92026,-4.38661,0.99915,0.01397,-0.00208,-0.03876,
1690986406879831040,146.55069,-17.04762,-4.33314,0.99943,0.00122,-0.00391,-0.03355,
1690986407079581440,146.58539,-17.13182,-4.37821,0.99922,-0.00111,-0.02460,-0.03099,
1690986407279475200,147.78991,-17.81717,-4.40215,0.99920,0.01203,-0.00302,-0.03806,
1690986407379229952,147.76989,-16.62964,-4.21500,0.99850,0.01146,0.00971,-0.05272,
1690986407479357952,150.01788,-15.88918,-4.38212,0.99870,-0.00026,0.00530,-0.05071,
1690986407679685376,147.99031,-16.61844,-4.71898,0.99860,-0.00400,-0.02521,-0.04635,
1690986407779109632,148.06655,-17.01263,-4.46783,0.99914,0.00668,-0.01838,-0.03669,
1690986407979482368,149.28099,-18.04200,-4.41664,0.99930,0.00203,-0.00944,-0.03606,
1690986408179190272,149.71625,-18.27783,-4.43017,0.99872,0.01123,-0.01325,-0.04748,
1690986408280156928,148.50361,-17.41511,-4.46898,0.99821,0.01398,-0.00693,-0.05766,
1690986408379328000,148.89086,-16.63709,-4.27209,0.99811,0.01189,-0.00046,-0.06031,
1690986408479880448,148.78054,-16.79943,-4.00519,0.99781,0.01717,-0.01384,-0.06237,
1690986408579306240,149.40125,-16.83205,-4.48871,0.99827,0.01291,-0.00187,-0.05739,
1690986408679553536,149.59661,-16.94693,-4.41053,0.99891,0.01115,-0.00992,-0.04421,
1690986408779728896,149.38216,-17.17792,-4.43443,0.99932,0.02016,-0.00610,-0.03041,
1690986408879205632,149.31555,-17.48514,-4.24937,0.99922,0.02834,0.01644,-0.02217,
1690986408979349248,151.67248,-19.24104,-4.42725,0.99939,0.01866,0.02220,-0.01937,
1690986409179275264,151.23911,-18.67983,-4.41048,0.99975,0.01071,0.00047,-0.01965,
1690986409279685120,151.02605,-18.62631,-4.72313,0.99947,0.01203,0.00124,-0.03007,
1690986409379335936,150.73895,-17.60079,-4.18695,0.99938,0.00966,0.01009,-0.03227,
1690986409479694848,151.11962,-17.82972,-3.77733,0.99912,0.01288,0.00623,-0.03947,
1690986409579508224,151.52986,-18.06874,-4.44670,0.99945,0.00350,-0.00282,-0.03279,
1690986409779358976,152.42961,-19.18840,-4.36397,0.99950,0.00764,-0.00862,-0.02957,
1690986409879423744,151.38527,-18.37378,-4.32579,0.99953,-0.00894,-0.00416,-0.02898,
1690986410079781120,151.70754,-18.39906,-4.20592,0.99912,-0.01650,-0.01354,-0.03623,
1690986410279494400,153.43741,-19.69021,-4.35964,0.99869,0.00549,-0.00864,-0.05015,
1690986410379655680,152.33893,-18.43502,-4.48737,0.99856,0.00477,0.00153,-0.05341,
1690986410479564288,152.75842,-18.59594,-4.19905,0.99805,0.00149,0.00260,-0.06235,
1690986410579558400,152.86303,-18.50048,-4.47115,0.99801,-0.00597,-0.01064,-0.06193,
1690986410679522816,152.76573,-18.33320,-4.51026,0.99822,0.00286,-0.00796,-0.05909,
1690986410879734784,154.54521,-20.08707,-4.37671,0.99849,0.01687,0.00530,-0.05196,
1690986411079564288,155.14719,-19.51272,-4.36844,0.99909,-0.00103,0.00526,-0.04241,
1690986411279463168,153.95627,-19.26905,-4.30257,0.99859,0.01662,-0.00318,-0.05038,
1690986411379311104,154.78715,-19.91498,-4.41148,0.99834,0.01640,0.00940,-0.05440,
1690986411479313408,154.39499,-18.73810,-4.31922,0.99816,0.01048,0.00628,-0.05941,
1690986411579179008,155.46489,-18.94530,-4.65907,0.99868,0.00529,0.00536,-0.05085,
1690986411679771648,154.74943,-19.29303,-4.49340,0.99915,-0.00299,0.00713,-0.04044,
1690986411882343168,155.17245,-19.60310,-4.37511,0.99956,0.00213,0.00035,-0.02947,
1690986412179446528,155.31956,-19.76598,-4.62969,0.99958,0.00657,-0.00412,-0.02794,
1690986412279610112,155.46830,-19.36613,-4.53409,0.99917,0.00670,-0.00454,-0.03981,
1690986412379521536,155.73953,-19.38190,-4.42863,0.99874,0.00846,0.00713,-0.04896,
1690986412479780096,155.89079,-19.08825,-4.27395,0.99856,0.00853,0.00519,-0.05277,
1690986412579269120,155.97474,-19.10505,-4.14482,0.99850,0.01236,-0.00590,-0.05308,
1690986412779757568,156.41033,-19.37834,-4.60731,0.99842,-0.01097,-0.01400,-0.05322,
1690986412879395328,156.24216,-19.31828,-4.44647,0.99872,-0.01197,-0.01942,-0.04509,
1690986412979278848,156.28757,-19.67142,-4.65603,0.99932,-0.00266,-0.00698,-0.03618,
1690986413179436032,156.84708,-19.87656,-4.32895,0.99923,-0.00670,-0.01209,-0.03664,
1690986413279835648,156.85980,-20.17857,-4.55008,0.99872,0.00123,-0.01201,-0.04902,
1690986413379348736,158.29888,-20.87600,-4.79392,0.99794,0.01419,-0.00481,-0.06231,
1690986413479183360,157.30528,-19.71954,-4.17019,0.99716,0.01965,0.00509,-0.07256,
1690986413580055296,157.49793,-19.86834,-4.27875,0.99636,0.01909,-0.00594,-0.08281,
1690986413679273472,157.80719,-19.44561,-4.41060,0.99606,0.00227,-0.01438,-0.08745,
1690986413879010304,158.52224,-19.86892,-4.44259,0.99695,-0.00670,-0.01252,-0.07677,
1690986413979064576,157.97823,-19.87274,-4.34281,0.99801,0.00786,-0.00432,-0.06248,
1690986414079222528,157.86242,-20.15693,-4.28328,0.99836,0.01017,-0.00565,-0.05600,
1690986414279129856,160.00474,-21.54463,-4.42193,0.99851,0.00345,-0.00548,-0.05418,
1690986414379260160,159.73822,-20.77099,-4.43700,0.99672,-0.00785,-0.02128,-0.07772,
1690986414579261952,160.76293,-22.16662,-4.41295,0.99590,0.00673,-0.00697,-0.08998,
1690986414779245056,159.41722,-20.17179,-4.43873,0.99700,0.00230,-0.01407,-0.07606,
1690986414879560448,159.39153,-20.34595,-4.56117,0.99741,0.00138,-0.00912,-0.07129,
1690986414979887360,159.65103,-20.95799,-4.81168,0.99775,0.01148,0.01007,-0.06522,
1690986415079746048,159.33696,-20.68096,-4.06053,0.99788,0.00302,0.01723,-0.06269,
1690986415279341312,162.05749,-22.80317,-4.50269,0.99793,0.02347,0.01307,-0.05844,
1690986415379485696,161.88883,-20.72251,-5.00712,0.99714,0.01823,0.01822,-0.07108,
1690986415479062784,160.67631,-20.48649,-4.69928,0.99671,0.02028,0.01805,-0.07639,
1690986415579188992,160.73273,-20.41563,-4.36539,0.99584,0.02157,0.00796,-0.08818,
1690986415679687936,161.46616,-20.46184,-4.50223,0.99617,0.01759,-0.00716,-0.08532,
1690986415779457792,161.65363,-21.10414,-4.86431,0.99725,0.01518,-0.00075,-0.07258,
1690986415979260416,163.37473,-22.53801,-4.57379,0.99804,0.01604,-0.00136,-0.06048,
1690986416079625216,161.72527,-21.04230,-4.53738,0.99861,0.00200,0.00476,-0.05253,
1690986416179518464,161.63628,-21.17802,-3.94269,0.99896,-0.00548,0.00160,-0.04523,
1690986416279483392,161.88413,-21.43033,-4.31680,0.99925,0.00505,-0.01284,-0.03626,
1690986416379248128,162.07309,-21.22114,-4.65902,0.99936,0.00165,-0.01241,-0.03348,
1690986416479566080,162.08682,-21.58536,-4.58924,0.99914,0.00099,0.00004,-0.04155,
1690986416579367936,162.11958,-20.96772,-4.04936,0.99838,-0.00130,0.01026,-0.05588,
1690986416681944320,163.45600,-21.61478,-4.51511,0.99823,-0.00230,-0.00091,-0.05937,
1690986416780072704,162.89393,-21.11387,-4.51900,0.99843,0.00404,-0.01232,-0.05449,
1690986416879320832,163.01175,-21.09891,-4.33282,0.99809,-0.00249,-0.02549,-0.05630,
1690986416979367424,163.02711,-21.22880,-4.60820,0.99858,0.00759,-0.03469,-0.03975,
1690986417079559424,163.00587,-21.35824,-4.66367,0.99901,0.01361,-0.02231,-0.03609,
1690986417180133120,163.25475,-21.69335,-4.40506,0.99909,-0.00759,-0.01955,-0.03724,
1690986417279557376,163.47770,-21.52869,-4.42516,0.99885,-0.01562,-0.02742,-0.03608,
1690986417379364608,163.46440,-21.56396,-4.69093,0.99848,-0.01707,-0.03631,-0.03772,
1690986417480107008,163.89639,-21.71248,-4.64515,0.99889,-0.00213,-0.01295,-0.04530,
1690986417579617792,163.53660,-21.47663,-4.28684,0.99900,0.00547,-0.00519,-0.04416,
1690986417679232768,163.70582,-21.47722,-4.12691,0.99835,0.00843,-0.00975,-0.05588,
1690986417779331584,164.05361,-21.35066,-4.22410,0.99855,0.01022,-0.01583,-0.05049,
1690986417879493888,164.18313,-21.43849,-4.64338,0.99861,-0.00166,-0.01700,-0.04990,
1690986417979167232,164.27720,-21.58294,-4.57530,0.99798,-0.02088,-0.03452,-0.04905,
1690986418079638528,166.50405,-22.80917,-4.97383,0.99926,-0.00139,-0.00922,-0.03722,
1690986418179260928,168.27174,-20.35252,-4.83890,0.99934,-0.00742,0.00332,-0.03530,
1690986418279794688,167.35356,-21.37758,-5.06150,0.99951,0.00002,-0.00543,-0.03071,
1690986418379479808,165.42145,-21.79678,-4.71219,0.99886,0.01174,0.00356,-0.04621,
1690986418479205632,165.68858,-21.70789,-4.63292,0.99867,0.00528,-0.01629,-0.04868,
1690986418579438080,165.88132,-21.79876,-4.86503,0.99840,0.00768,-0.00982,-0.05508,
1690986418682326528,167.09822,-21.63971,-5.00338,0.99715,0.01127,0.01086,-0.07386,
1690986418779284224,169.83342,-21.83530,-5.44195,0.99676,0.01206,0.00910,-0.07903,
1690986418879846912,167.05521,-21.55014,-4.45786,0.99732,0.01286,0.00286,-0.07200,
1690986418979374336,166.93317,-21.57072,-4.85563,0.99749,-0.00197,-0.02187,-0.06729,
1690986419081767936,167.23324,-21.72136,-4.95763,0.99768,-0.01487,-0.01139,-0.06538,
1690986419179308544,167.89818,-22.46463,-5.27265,0.99873,-0.00057,0.00822,-0.04974,
1690986419279554304,169.77462,-22.40888,-5.30806,0.99901,-0.00618,0.00401,-0.04381,
1690986419379388928,167.88150,-22.35530,-4.77553,0.99939,-0.00098,-0.00281,-0.03485,
1690986419479283968,167.80689,-22.51071,-4.96909,0.99893,-0.00508,-0.01689,-0.04278,
1690986419579711744,167.99068,-22.11249,-5.01738,0.99801,-0.00605,-0.02018,-0.05950,
1690986419679599360,168.40415,-21.91804,-4.88644,0.99818,0.00306,0.00177,-0.06028,
1690986419779551232,168.25628,-21.66913,-4.69685,0.99772,0.01236,-0.00639,-0.06601,
1690986419979362048,168.48842,-21.83831,-4.86565,0.99806,-0.00463,-0.01537,-0.06011,
1690986420079250432,168.83500,-21.84981,-5.07680,0.99850,-0.00211,-0.02037,-0.05070,
1690986420179214848,168.87866,-22.12790,-4.91527,0.99933,-0.00440,-0.01267,-0.03398,
1690986420279243776,170.43658,-22.63998,-4.60617,0.99963,-0.01154,0.01383,-0.02041,
1690986420379424512,170.51213,-22.87469,-5.05223,0.99978,-0.00742,0.00561,-0.01854,
1690986420479681536,169.53766,-22.69969,-4.87577,0.99938,-0.00888,-0.02006,-0.02771,
1690986420579405824,169.54094,-22.38450,-5.31854,0.99840,0.00761,-0.02858,-0.04811,
1690986420679902720,171.03888,-21.70316,-5.29891,0.99828,0.01510,-0.00385,-0.05651,
1690986420779842304,172.51717,-24.76937,-4.92868,0.99744,0.02200,-0.00225,-0.06797,
1690986420879698176,172.00418,-23.02253,-4.91846,0.99771,0.01529,-0.00445,-0.06578,
1690986420979333888,170.94840,-22.77716,-5.01665,0.99772,-0.00101,-0.02897,-0.06092,
1690986421079227904,171.07621,-22.78588,-5.31922,0.99778,0.00626,-0.03728,-0.05487,
1690986421179250432,171.24556,-22.92659,-5.31127,0.99854,0.01110,-0.02527,-0.04638,
1690986421279816960,171.27201,-23.08718,-4.94842,0.99916,0.00833,-0.02174,-0.03376,
1690986421379531264,171.38623,-23.63142,-4.76073,0.99876,0.01858,-0.02590,-0.03815,
1690986421479405824,171.34140,-23.38570,-4.99471,0.99851,0.00776,-0.02507,-0.04783,
1690986421579695360,171.62353,-23.10434,-5.01332,0.99757,0.00342,-0.01868,-0.06705,
1690986421679316992,171.78758,-22.99292,-4.90869,0.99711,-0.00605,-0.00336,-0.07571,
1690986421780256000,172.41777,-23.20080,-4.71314,0.99690,-0.00951,0.00194,-0.07804,
1690986421879324160,172.13755,-22.74682,-4.61928,0.99734,-0.00243,-0.00617,-0.07252,
1690986421979884544,172.29955,-22.84614,-4.88802,0.99779,0.00145,-0.01308,-0.06515,
1690986422079792128,173.77900,-22.89665,-4.46477,0.99860,-0.00902,-0.00048,-0.05219,
1690986422179532032,172.59524,-23.11769,-4.95539,0.99937,-0.00551,0.00393,-0.03471,
1690986422381242624,175.36485,-23.96547,-4.84762,0.99971,-0.00757,0.01300,-0.01873,
1690986422579157248,173.09866,-23.66214,-4.80503,0.99941,0.01173,0.00369,-0.03205,
1690986422679341312,173.34329,-23.48571,-5.01576,0.99886,0.00738,0.01230,-0.04562,
1690986422879733504,173.54877,-23.24669,-4.68364,0.99790,0.01179,0.01266,-0.06249,
1690986422979168512,173.79268,-23.17358,-4.70989,0.99795,0.00590,0.00538,-0.06355,
1690986423079560960,175.04810,-23.53672,-4.16562,0.99818,-0.01397,-0.00481,-0.05841,
1690986423179541248,181.95025,-24.79799,-4.88959,0.99838,-0.02140,0.01482,-0.05062,
1690986423382805248,178.29316,-26.91887,-4.79295,0.99918,-0.00179,0.00385,-0.04030,
1690986423579458816,178.82415,-27.47741,-4.80568,0.99848,0.00539,-0.01391,-0.05305,
1690986423679729408,176.12487,-24.57471,-5.21637,0.99824,-0.00197,-0.01286,-0.05780,
1690986423779230720,176.53266,-24.45620,-5.00724,0.99831,-0.00037,0.00104,-0.05812,
1690986423879810816,176.04567,-24.56093,-4.08516,0.99780,0.00080,-0.00937,-0.06558,
1690986423979863552,176.68681,-24.28046,-4.73088,0.99803,-0.00052,-0.01452,-0.06107,
1690986424179449088,176.78749,-24.52336,-4.89007,0.99802,0.00043,-0.01476,-0.06107,
1690986424379093760,176.94712,-24.59008,-4.79387,0.99826,-0.00328,-0.00301,-0.05886,
1690986424579441664,176.52046,-25.54466,-4.69840,0.99733,0.01493,-0.00964,-0.07088,
1690986424679188736,176.66957,-24.44734,-4.58726,0.99638,0.01626,0.00230,-0.08336,
1690986424780353024,178.14576,-24.32346,-4.42053,0.99627,0.01243,0.02187,-0.08259,
1690986424879589120,178.94058,-25.38328,-5.08173,0.99636,0.01488,0.00804,-0.08359,
1690986424979246848,177.83319,-24.53180,-5.03388,0.99709,0.01631,0.00119,-0.07440,
1690986425179249920,180.72750,-27.97460,-4.73289,0.99755,0.02345,0.00243,-0.06580,
1690986425279587072,178.19486,-25.04597,-4.66540,0.99846,0.01205,-0.00649,-0.05372,
1690986425479537920,178.93553,-25.75532,-4.86106,0.99854,0.01065,-0.01304,-0.05130,
1690986425579562752,179.87974,-26.75311,-5.28068,0.99791,0.02329,-0.00974,-0.05943,
1690986425679426048,179.11032,-26.13610,-5.02119,0.99710,0.01727,-0.00630,-0.07386,
1690986425779517440,179.17674,-25.17922,-4.60549,0.99589,0.01727,0.00937,-0.08840,
1690986425979192064,179.17743,-24.98302,-4.36214,0.99599,0.02030,-0.00145,-0.08714,
1690986426079577088,179.55098,-25.06998,-4.62517,0.99672,0.00750,-0.01748,-0.07867,
1690986426180165120,179.69479,-25.28475,-5.13652,0.99724,0.00764,-0.02391,-0.06987,
1690986426279545088,179.74614,-25.66492,-5.29712,0.99860,0.01371,-0.01262,-0.04955,
1690986426382087936,179.64974,-25.61903,-4.73209,0.99916,0.00848,-0.00780,-0.03941,
1690986426581513472,179.80714,-26.17164,-4.57233,0.99925,0.01195,-0.01483,-0.03376,
1690986426679108352,180.13365,-26.02849,-5.13954,0.99887,0.01184,-0.01820,-0.04232,
1690986426779205120,181.61313,-26.48685,-4.85856,0.99827,0.02262,0.00318,-0.05417,
1690986426879849472,182.80309,-26.73244,-5.29597,0.99787,0.02167,0.01326,-0.06015,
1690986427079258112,180.98550,-25.69138,-4.68582,0.99839,-0.00564,-0.00123,-0.05643,
1690986427279233536,181.75168,-25.88785,-4.98477,0.99927,-0.00603,-0.00052,-0.03764,
1690986427378977792,181.85408,-25.97227,-5.11995,0.99974,0.00458,0.01225,-0.01875,
1690986427479015424,182.81420,-26.19803,-5.11375,0.99980,-0.00621,0.01410,-0.01308,
1690986427579123968,181.72905,-26.58186,-4.78563,0.99985,-0.00252,0.00493,-0.01611,
1690986427681113600,182.86674,-26.48878,-5.38089,0.99947,-0.00932,0.00261,-0.03093,
1690986427778916864,182.97076,-26.35741,-5.29531,0.99917,0.00312,0.01055,-0.03911,
1690986427879086080,182.28033,-26.24984,-4.65883,0.99795,0.00749,0.02695,-0.05760,
1690986427979249664,183.28609,-26.25024,-4.82501,0.99768,0.00054,0.02491,-0.06339,
1690986428079025664,182.52290,-26.00755,-5.14215,0.99812,0.00014,0.01197,-0.06004,
1690986428279219968,185.65545,-29.23233,-4.95223,0.99840,0.01721,0.01720,-0.05106,
1690986428380287488,184.43901,-27.36122,-5.15599,0.99915,0.01858,0.01876,-0.03159,
1690986428479576576,185.52964,-26.63070,-5.37855,0.99960,-0.00579,0.00397,-0.02737,
1690986428579509248,184.28829,-26.75911,-5.23930,0.99970,-0.01027,-0.01602,-0.01517,
1690986428679831808,183.84865,-27.19474,-5.48053,0.99967,-0.00220,-0.01983,-0.01613,
1690986428780289280,184.12986,-26.97557,-5.40976,0.99957,0.00591,-0.01612,-0.02375,
1690986428879450112,184.39955,-27.00713,-5.30927,0.99934,0.02364,0.00201,-0.02757,
1690986428979240960,184.60016,-26.92482,-5.11650,0.99919,0.02053,0.00859,-0.03354,
1690986429079385088,185.24549,-27.46638,-5.70755,0.99929,0.00509,0.00556,-0.03699,
1690986429179252736,186.21618,-27.43583,-5.71896,0.99918,-0.00104,0.02156,-0.03416,
1690986429279689216,185.09286,-26.97593,-5.24987,0.99884,-0.01068,0.03106,-0.03508,
1690986429379249920,185.34295,-27.16273,-5.28211,0.99906,-0.00124,0.03198,-0.02933,
1690986429479745024,187.58152,-26.86336,-5.88376,0.99918,-0.00362,0.03568,-0.01889,
1690986429682098688,188.44560,-30.14396,-5.34780,0.99896,0.01842,0.03392,-0.02415,
1690986429779264256,186.15609,-27.50974,-5.48449,0.99936,0.01423,0.01640,-0.02848,
1690986429879253504,186.40078,-27.54244,-5.74663,0.99849,0.01263,0.01492,-0.05130,
1690986429979544320,186.65910,-27.58955,-5.76130,0.99730,0.02534,0.03209,-0.06108,
1690986430079751680,186.69186,-27.39093,-5.21809,0.99673,0.02119,0.03512,-0.06963,
1690986430179364096,187.63965,-27.83834,-4.94708,0.99762,0.01421,0.02853,-0.06111,
1690986430279587328,188.29710,-28.41671,-5.86797,0.99839,0.01195,0.00389,-0.05537,
1690986430379446784,187.30234,-27.49653,-6.01795,0.99906,0.02044,-0.01459,-0.03529,
1690986430481547264,187.23999,-27.83415,-5.89194,0.99925,0.03499,0.01004,-0.01356,
1690986430579149312,187.45545,-28.05223,-5.76582,0.99953,0.01450,0.02415,-0.01205,
1690986430679205888,187.38431,-27.96751,-5.60048,0.99983,0.01206,0.01392,-0.00242,
1690986430781341184,187.66659,-28.27616,-5.57949,0.99957,0.02641,0.01122,-0.00569,
1690986430879735296,187.94439,-28.35690,-5.89948,0.99918,0.03200,0.00753,-0.02352,
1690986430983067904,188.00367,-28.11742,-5.77284,0.99823,0.03862,0.01524,-0.04250,
1690986431079339008,189.58488,-29.47907,-5.93401,0.99678,0.04377,0.03191,-0.05915,
1690986431179780608,191.12345,-28.85854,-6.27731,0.99641,0.03198,0.02583,-0.07404,
1690986431279503104,190.48023,-29.45547,-6.59343,0.99707,0.02689,0.01013,-0.07091,
1690986431479389184,191.68471,-31.42570,-5.83131,0.99733,0.03634,0.00978,-0.06255,
1690986431679659264,192.30352,-31.89733,-5.82464,0.99852,0.01373,0.01730,-0.04975,
1690986431779528192,191.19673,-30.16792,-5.95110,0.99885,0.01336,0.00035,-0.04612,
1690986431880128768,190.68034,-30.07911,-6.19248,0.99879,0.01998,-0.01196,-0.04334,
1690986431980046848,190.35003,-29.87779,-6.48981,0.99776,0.02286,-0.01131,-0.06183,
1690986432079520000,189.28224,-29.28212,-6.03277,0.99674,0.03120,0.00664,-0.07417,
1690986432179364096,190.11611,-29.25813,-5.38445,0.99604,0.02521,0.00315,-0.08516,
1690986432379227392,190.88793,-28.96669,-5.72945,0.99587,0.01311,-0.00612,-0.08966,
1690986432479587072,191.21473,-29.20996,-5.88240,0.99681,0.01440,-0.00694,-0.07815,
1690986432579175680,191.22817,-29.14568,-5.57935,0.99807,0.00795,-0.01228,-0.06040,
1690986432680155392,190.54777,-29.41489,-5.55287,0.99862,0.00114,-0.01161,-0.05129,
1690986432779281664,191.02046,-29.59005,-5.50574,0.99871,-0.00362,-0.02942,-0.04133,
1690986432979293440,191.52673,-29.94383,-6.31886,0.99806,-0.01602,-0.03957,-0.04533,
1690986433079529984,192.73227,-29.47278,-5.98167,0.99799,-0.01525,-0.01372,-0.05991,
1690986433279780352,195.13870,-32.89806,-5.87245,0.99797,0.01568,-0.01112,-0.06075,
1690986433382205184,192.22564,-29.65189,-5.16250,0.99717,-0.01498,-0.03112,-0.06680,
1690986433478981632,192.44676,-29.53712,-5.85476,0.99555,-0.04189,-0.05316,-0.06563,
1690986433579910912,193.63718,-29.83241,-5.92477,0.99707,-0.03615,-0.04323,-0.05169,
1690986433679307008,192.66192,-30.00832,-5.89449,0.99813,-0.02972,-0.03051,-0.04383,
1690986433879247360,195.38780,-33.14522,-5.76671,0.99846,-0.01893,-0.02266,-0.04703,
1690986433979144704,193.16648,-30.43022,-5.79696,0.99715,-0.00573,-0.02578,-0.07073,
1690986434079783168,193.39688,-30.26589,-6.02669,0.99627,-0.00426,-0.02059,-0.08366,
1690986434182726400,193.57632,-30.15598,-5.89596,0.99513,0.01157,-0.00564,-0.09769,
1690986434379642368,193.55486,-30.19167,-5.77737,0.99366,0.02533,0.00953,-0.10914,
1690986434579448576,193.63380,-30.33754,-5.60521,0.99255,0.03456,0.00637,-0.11670,
1690986434679218176,193.78514,-30.25527,-5.80836,0.99062,0.04438,-0.00181,-0.12922,
1690986434879967488,193.62820,-30.22467,-5.65713,0.98932,0.02928,-0.00274,-0.14275,
1690986435079782912,194.08414,-30.38000,-5.89789,0.98758,0.03189,0.01094,-0.15346,
1690986435279230464,194.12533,-30.41486,-5.57374,0.98612,0.01501,0.00947,-0.16510,
1690986435379398144,194.13508,-30.37471,-5.58622,0.98510,0.00708,-0.00414,-0.17179,
1690986435479257600,194.88186,-30.03759,-6.39419,0.98457,0.01383,-0.00231,-0.17440,
1690986435579083520,199.67150,-30.81681,-5.60377,0.98706,0.02276,0.02076,-0.15734,
1690986435679904256,199.42645,-32.62794,-6.73693,0.98936,0.01537,0.02097,-0.14315,
1690986435779219456,198.28704,-30.89316,-5.37267,0.99266,0.01757,0.02784,-0.11640,
1690986435879601920,195.84944,-31.12501,-5.49850,0.99432,0.02368,0.02881,-0.09967,
1690986435979210496,195.92696,-31.14902,-5.23534,0.99623,0.02383,0.01827,-0.08134,
1690986436079577856,196.07393,-31.11041,-5.65901,0.99706,0.02410,0.00769,-0.07239,
1690986436179402240,196.42412,-31.20593,-5.92093,0.99751,0.02662,0.00546,-0.06503,
1690986436279142656,196.52271,-31.06940,-5.81697,0.99792,0.02603,0.01841,-0.05602,
1690986436379239168,196.58688,-31.15359,-5.51740,0.99805,0.01471,0.00539,-0.06043,
1690986436479807488,196.83545,-31.22697,-5.76868,0.99794,0.02354,0.00577,-0.05935,
1690986436579314176,196.87184,-31.37525,-5.96439,0.99795,0.02238,-0.00381,-0.05987,
1690986436680117248,196.88825,-31.27642,-5.90053,0.99595,0.02166,-0.00905,-0.08676,
1690986436779326464,196.75283,-31.30460,-6.02642,0.99541,0.03579,0.00711,-0.08846,
1690986436880072448,197.24058,-30.95724,-5.41717,0.99448,0.03555,0.00765,-0.09840,
1690986437079222272,200.09556,-34.06200,-5.72830,0.99431,0.03440,0.00126,-0.10078,
1690986437279670528,200.72124,-34.85211,-5.70409,0.99431,0.04787,-0.00644,-0.09490,
1690986437379441152,202.38072,-32.92619,-6.62617,0.99628,0.01919,0.00525,-0.08386,
1690986437479578368,199.93624,-32.10468,-5.93634,0.99622,0.02142,-0.00947,-0.08362,
1690986437579668480,198.64331,-32.18077,-5.73489,0.99627,0.02313,-0.02440,-0.07949,
1690986437679665152,199.00972,-31.99321,-6.17205,0.99537,0.01246,-0.03366,-0.08913,
1690986437779196928,199.07545,-32.21760,-6.23017,0.99578,0.01013,-0.01475,-0.08997,
1690986437879306240,201.73455,-32.56004,-5.18534,0.99571,0.01919,0.00788,-0.09018,
1690986437979549952,202.18097,-32.63908,-5.59497,0.99553,0.02058,-0.00304,-0.09209,
1690986438079396608,200.21031,-32.42866,-6.12336,0.99604,0.02665,-0.00711,-0.08454,
1690986438279286272,200.39868,-32.27396,-6.02145,0.99688,0.02446,-0.00632,-0.07482,
1690986438378973184,200.45529,-32.34408,-5.95477,0.99750,0.02405,0.00288,-0.06636,
1690986438579227136,200.66486,-32.50366,-6.06402,0.99747,0.03294,-0.00475,-0.06277,
1690986438779219968,201.13848,-32.52031,-6.04354,0.99722,0.02491,-0.00096,-0.07016,
1690986438979301632,204.28117,-31.91153,-5.90610,0.99659,0.02289,0.01879,-0.07695,
1690986439079404544,202.48429,-32.60866,-6.21197,0.99720,0.02644,0.00467,-0.06986,
1690986439179440640,201.67999,-32.43238,-6.32823,0.99759,0.03483,-0.00454,-0.05992,
1690986439281621248,201.79112,-32.44500,-6.35494,0.99796,0.03875,-0.00059,-0.05077,
1690986439379150848,202.06423,-32.68912,-6.11183,0.99836,0.03650,0.01472,-0.04150,
1690986439479006720,201.80574,-32.51104,-6.36913,0.99885,0.01413,0.00896,-0.04490,
1690986439579465984,201.06053,-32.39263,-6.04361,0.99860,0.02195,-0.00620,-0.04773,
1690986439782046720,202.05539,-32.82174,-6.55661,0.99691,0.03467,-0.00816,-0.07008,
1690986439879493120,202.64279,-32.77606,-6.77636,0.99559,0.03132,-0.00538,-0.08826,
1690986440079610880,206.55867,-32.54454,-6.22914,0.99399,0.02695,-0.00254,-0.10611,
1690986440279421952,206.10419,-32.44919,-6.24003,0.99493,0.02247,-0.00748,-0.09769,
1690986440479737600,205.35232,-32.55363,-6.28515,0.99433,0.04559,-0.00876,-0.09568,
1690986440679023616,203.94541,-32.40703,-6.29445,0.99524,0.03781,-0.01009,-0.08921,
1690986440879645952,204.69717,-32.55286,-6.41440,0.99630,0.02114,-0.00922,-0.08277,
1690986440979490560,204.81068,-32.86084,-6.46813,0.99577,0.02894,0.00355,-0.08714,
1690986441079342848,205.92582,-32.62399,-7.18698,0.99643,0.03310,0.01684,-0.07582,
1690986441179211264,207.49202,-33.32416,-7.67786,0.99668,0.02320,0.01533,-0.07648,
1690986441279806976,205.52455,-32.04448,-6.45109,0.99785,0.00286,0.01050,-0.06455,
1690986441379371776,205.52342,-32.77799,-6.23784,0.99792,-0.00619,0.01064,-0.06333,
1690986441479795200,205.62890,-32.70823,-6.55249,0.99932,0.00471,0.00432,-0.03620,
1690986441579905792,205.48198,-33.75390,-6.51074,0.99936,0.00788,0.00356,-0.03459,
1690986441779369472,205.93656,-33.44726,-6.64267,0.99940,0.01510,-0.00889,-0.02988,
1690986441879259648,206.37353,-33.34760,-6.71862,0.99859,0.02129,-0.01706,-0.04547,
1690986441979152640,206.14829,-33.26063,-6.65758,0.99832,0.02775,-0.00101,-0.05095,
1690986442079653376,206.10686,-32.94872,-6.25460,0.99773,0.02501,0.00318,-0.06245,
1690986442181883136,210.94742,-32.49689,-7.05635,0.99785,0.01629,0.00053,-0.06347,
1690986442279959552,207.49608,-33.26993,-6.82281,0.99788,0.01879,-0.01122,-0.06122,
1690986442479381760,207.82905,-33.31227,-6.95932,0.99770,0.02154,-0.02117,-0.06065,
1690986442579526144,207.66583,-33.37698,-7.05145,0.99792,0.01494,-0.01378,-0.06117,
1690986442779024640,207.83518,-33.56806,-6.43804,0.99767,0.01812,-0.00052,-0.06576,
1690986442879924480,207.84501,-33.53713,-6.87802,0.99711,0.01691,-0.01049,-0.07331,
1690986442979304960,207.67437,-33.48848,-7.09307,0.99578,0.02760,-0.00495,-0.08741,
1690986443079287040,211.22387,-33.88266,-6.93324,0.99535,0.04025,0.02627,-0.08350,
1690986443179748096,213.00547,-33.21888,-7.31038,0.99609,0.01788,0.01594,-0.08500,
1690986443279934464,210.40430,-33.77545,-6.48180,0.99744,0.02203,0.00623,-0.06774,
1690986443379293184,209.35407,-33.67702,-7.01491,0.99807,0.01713,-0.01078,-0.05864,
1690986443479134208,209.39864,-33.70909,-7.25171,0.99833,0.02081,-0.01380,-0.05201,
1690986443579333376,209.72226,-33.68877,-7.06832,0.99879,0.03322,0.00596,-0.03565,
1690986443679710976,210.58744,-33.95229,-6.48213,0.99915,0.02132,0.01269,-0.03304,
1690986443779245568,212.02842,-34.45702,-6.62744,0.99949,0.01296,0.01267,-0.02624,
1690986443879945984,211.74289,-34.14380,-7.29392,0.99949,0.00756,-0.00136,-0.03099,
1690986443980493312,210.71304,-34.02027,-7.20765,0.99892,0.01006,-0.01298,-0.04353,
1690986444079456768,210.59940,-33.83806,-7.20062,0.99834,0.01535,-0.00240,-0.05538,
1690986444179271424,210.96304,-33.47097,-6.76867,0.99807,0.01643,0.01078,-0.05888,
1690986444279100160,212.59841,-34.37251,-7.41516,0.99838,0.01025,0.00422,-0.05574,
1690986444379421952,211.14381,-34.00367,-7.29103,0.99885,0.01467,-0.00628,-0.04523,
1690986444579494656,211.26702,-34.06182,-7.22438,0.99912,0.02579,-0.01235,-0.03081,
1690986444679432448,211.55933,-34.01773,-7.03404,0.99952,0.01488,-0.00598,-0.02651,
1690986444780091904,211.72714,-34.25069,-6.69287,0.99962,0.00235,-0.01866,-0.01995,
1690986444879332352,211.79213,-34.17045,-7.28023,0.99950,0.00368,-0.02295,-0.02122,
1690986445079246080,211.85060,-34.23089,-7.12981,0.99889,0.00470,-0.03130,-0.03480,
1690986445179205632,212.18742,-34.07198,-7.09843,0.99914,0.01138,-0.00970,-0.03873,
1690986445279690752,214.70799,-34.62768,-7.16208,0.99906,0.00757,-0.01328,-0.04066,
1690986445379178752,212.62997,-34.37470,-7.28456,0.99885,0.00668,-0.02813,-0.03833,
1690986445479540224,212.77092,-34.00379,-7.41473,0.99899,0.00114,-0.02481,-0.03751,
1690986445679195904,212.93897,-34.34359,-7.21670,0.99963,0.00575,-0.01131,-0.02426,
1690986445879158272,213.42129,-34.35323,-7.10436,0.99975,-0.00326,-0.00754,-0.02090,
1690986446079611904,213.25033,-34.58969,-6.80222,0.99928,0.01380,-0.01335,-0.03276,
1690986446179235840,213.59090,-34.48105,-7.18593,0.99887,0.01708,-0.01581,-0.04133,
1690986446379702016,216.09394,-33.56352,-7.10631,0.99820,0.02090,-0.00729,-0.05567,
1690986446579547392,216.16190,-33.35443,-7.12901,0.99856,0.02354,-0.00074,-0.04827,
1690986446679163136,221.80672,-32.94495,-8.00051,0.99841,0.03049,0.01223,-0.04581,
1690986446779381248,217.07293,-34.62862,-7.13272,0.99877,0.03206,0.01751,-0.03347,
1690986446879808768,215.13486,-34.71819,-6.19155,0.99933,0.02041,0.00611,-0.02962,
1690986446979335168,215.53354,-34.86162,-6.94637,0.99921,0.02454,-0.01153,-0.02912,
1690986447079575296,215.67840,-34.78202,-7.53858,0.99903,0.01196,-0.02022,-0.03731,
1690986447179175424,215.70315,-34.75624,-7.50569,0.99837,0.01663,-0.02022,-0.05070,
1690986447279154432,215.99481,-34.91244,-7.60212,0.99803,0.02587,0.00226,-0.05707,
1690986447379289600,216.17998,-34.72790,-7.05147,0.99693,0.03331,-0.00218,-0.07086,
1690986447479352064,216.89770,-34.56699,-7.56553,0.99707,0.02034,-0.01663,-0.07190,
1690986447579387136,216.75374,-34.78820,-7.55501,0.99750,0.01032,-0.01608,-0.06800,
1690986447679619072,216.75281,-34.70777,-7.40215,0.99741,-0.00074,-0.02269,-0.06820,
1690986447779357952,216.72324,-34.74490,-7.38451,0.99809,0.00768,-0.01762,-0.05864,
1690986447979834880,219.35639,-34.06459,-7.27530,0.99805,0.01412,-0.00347,-0.06073,
1690986448079201280,221.53732,-34.43708,-8.33978,0.99702,0.02380,-0.00437,-0.07329,
1690986448179149568,218.07462,-34.77098,-7.73994,0.99579,0.04046,-0.00907,-0.08178,
1690986448279337728,217.96665,-34.76275,-7.61570,0.99453,0.03926,0.00079,-0.09677,
1690986448378999808,218.60225,-34.83759,-7.36184,0.99336,0.04149,0.02277,-0.10486,
1690986448479243776,218.36970,-34.37838,-6.84795,0.99334,0.04248,0.01606,-0.10593,
1690986448578882304,220.35253,-35.53051,-7.52252,0.99457,0.03352,0.01152,-0.09790,
1690986448679491584,224.08472,-35.45584,-6.40310,0.99639,0.02454,0.02730,-0.07654,
1690986448779331840,219.31879,-35.05748,-7.26958,0.99817,0.00999,0.01114,-0.05861,
1690986448879518720,219.39562,-35.07729,-7.26305,0.99865,0.01624,0.02195,-0.04416,
1690986448978966016,219.46934,-35.18918,-7.18864,0.99926,0.00416,0.02425,-0.02947,
1690986449178968064,219.73317,-35.49934,-7.00133,0.99970,0.00269,0.01771,-0.01659,
1690986449279375872,220.06393,-35.48600,-7.28141,0.99963,0.01113,0.01649,-0.01878,
1690986449379167488,220.47330,-35.45186,-7.62599,0.99905,0.01485,0.02564,-0.03201,
1690986449479413504,220.48728,-35.39723,-7.47432,0.99856,0.02091,0.03313,-0.03669,
1690986449579608320,220.18611,-35.06483,-6.65935,0.99873,0.02346,0.01547,-0.04188,
1690986449679747328,220.41665,-35.08518,-6.91561,0.99904,0.02251,0.01386,-0.03487,
1690986449879312640,220.51499,-35.35115,-7.42441,0.99937,0.00970,0.01440,-0.03082,
1690986450079912448,220.96402,-35.45038,-7.12110,0.99938,0.01288,0.02300,-0.02349,
1690986450279480320,224.19896,-34.45666,-7.18512,0.99943,0.00019,0.00562,-0.03333,
1690986450479945728,223.86947,-34.23538,-7.18215,0.99851,0.00440,0.01147,-0.05326,
1690986450679064832,225.91685,-34.26848,-7.18089,0.99781,0.00926,0.02040,-0.06220,
1690986450879286784,225.68818,-34.11155,-7.19412,0.99831,0.00686,-0.00017,-0.05779,
1690986450978851328,224.00402,-35.73953,-8.39337,0.99831,0.00807,-0.00079,-0.05746,
1690986451079086592,223.46591,-34.85302,-7.36913,0.99834,0.01437,0.01991,-0.05205,
1690986451179535616,223.08834,-35.36647,-6.12421,0.99867,0.01168,0.01768,-0.04695,
1690986451279441152,222.93050,-35.50773,-7.61825,0.99875,0.01194,0.00449,-0.04838,
1690986451479078912,223.63526,-35.58105,-7.64443,0.99769,0.02841,0.00088,-0.06167,
1690986451579256832,223.70049,-35.44476,-7.40421,0.99676,0.03289,0.01480,-0.07190,
1690986451679323904,223.26013,-35.44565,-7.60438,0.99638,0.03880,0.01478,-0.07413,
1690986451779122944,225.26722,-35.77731,-8.17920,0.99705,0.02516,0.00667,-0.07225,
1690986451879813632,225.18807,-36.11392,-7.86348,0.99709,0.02214,0.01392,-0.07159,
1690986452079269888,226.65978,-34.65631,-7.49809,0.99755,0.00747,0.01002,-0.06879,
1690986452279485184,226.88541,-34.47679,-7.50259,0.99818,-0.00153,0.01367,-0.05872,
1690986452479717888,227.81625,-34.39185,-7.52027,0.99787,0.01649,0.00124,-0.06311,
1690986452579379200,225.73352,-35.68289,-7.55740,0.99637,0.02983,0.00304,-0.07964,
1690986452679691008,225.25913,-35.34522,-7.65633,0.99433,0.03804,0.02034,-0.09721,
1690986452779472384,229.43166,-35.69946,-6.52546,0.99375,0.04543,0.01728,-0.10054,
1690986452879652352,226.49222,-35.60694,-6.91889,0.99546,0.03270,0.00218,-0.08935,
1690986452979240704,227.04775,-35.65811,-7.13164,0.99720,0.00794,-0.01779,-0.07227,
1690986453079233792,227.43818,-35.58124,-7.48589,0.99714,0.01127,-0.02194,-0.07139,
1690986453180091392,227.49372,-35.78496,-7.36701,0.99826,0.02562,-0.00721,-0.05257,
1690986453279760384,226.86094,-35.99068,-7.13286,0.99876,0.01953,-0.00789,-0.04517,
1690986453479640064,229.18623,-34.83934,-7.35566,0.99892,0.01409,-0.01585,-0.04142,
1690986453579518976,228.03229,-36.05081,-7.65393,0.99791,0.04117,-0.02243,-0.04446,
1690986453679340032,228.64937,-35.84548,-7.81448,0.99691,0.04599,-0.01098,-0.06269,
1690986453779311360,228.11046,-34.96960,-7.13385,0.99639,0.04204,0.00064,-0.07381,
1690986453879481600,233.22333,-37.36797,-7.61215,0.99693,0.03516,-0.00247,-0.06997,
1690986453979299072,239.10186,-38.25731,-7.05660,0.99832,0.02037,0.01225,-0.05275,
1690986454079535104,233.56230,-35.86501,-9.01233,0.99870,-0.02274,-0.00931,-0.04477,
1690986454183302400,232.33918,-36.27291,-8.43178,0.99969,-0.01914,-0.00876,-0.01335,
1690986454279112448,230.91888,-36.37587,-7.67186,0.99982,-0.01790,-0.00500,0.00392,
1690986454379880960,234.17717,-36.50883,-8.31532,0.99933,-0.02016,-0.00105,0.03044,
1690986454479236608,231.59136,-37.55678,-7.36017,0.99900,-0.01568,-0.00699,0.04137,
1690986454579420928,232.40481,-37.34186,-7.85749,0.99883,-0.02179,-0.01866,0.03896,
1690986454679203840,231.88025,-36.82425,-8.17308,0.99951,0.00372,-0.02060,0.02315,
1690986454779202560,231.79849,-36.52306,-8.03621,0.99988,0.01157,-0.00476,0.00862,
1690986454879824640,234.13479,-37.82229,-8.28300,0.99989,0.01122,0.00748,-0.00563,
1690986454979328512,232.08080,-36.35029,-6.96307,0.99974,0.01087,-0.01605,-0.01201,
1690986455079764480,232.69412,-36.70024,-8.13814,0.99927,0.02337,-0.02925,-0.00805,
1690986455179803136,233.48423,-36.78832,-8.35428,0.99912,0.03303,-0.02366,-0.01067,
1690986455279402240,232.68836,-36.97359,-7.99629,0.99904,0.03186,-0.01107,-0.02801,
1690986455479440128,234.80796,-35.76411,-7.83746,0.99930,0.00125,-0.00158,-0.03731,
1690986455579392000,233.22578,-36.92370,-8.22073,0.99890,0.00560,0.00852,-0.04584,
1690986455679595520,233.23726,-37.13466,-8.03457,0.99847,0.01593,-0.01496,-0.05087,
1690986455779547392,233.34385,-36.83602,-8.23025,0.99678,0.03519,-0.01276,-0.07088,
1690986455882145280,232.89391,-36.73215,-8.01129,0.99558,0.03925,0.00087,-0.08529,
1690986455979291648,233.31487,-36.72680,-7.85818,0.99555,0.03575,-0.00795,-0.08679,
1690986456079420928,232.84072,-36.68079,-8.00076,0.99615,0.03161,-0.00708,-0.08152,
1690986456179271936,234.16932,-36.71943,-8.16824,0.99756,0.01905,-0.00802,-0.06675,
1690986456279298560,235.32699,-37.03332,-7.92207,0.99839,0.00590,-0.01182,-0.05514,
1690986456379394304,236.13801,-37.52163,-7.50426,0.99911,0.02889,0.00207,-0.03077,
1690986456479725056,239.27817,-37.60822,-7.93555,0.99942,0.02422,0.00805,-0.02234,
1690986456579386368,236.35463,-37.77989,-8.20191,0.99979,0.01391,-0.00684,-0.01351,
1690986456679572224,235.87979,-37.74059,-8.05520,0.99958,0.02081,-0.01422,-0.01442,
1690986456779676160,235.67600,-37.56337,-8.29423,0.99913,0.01546,-0.02483,-0.02983,
1690986456879362304,236.09210,-36.88829,-7.85772,0.99894,0.01940,-0.01699,-0.03821,
1690986456979182848,236.38206,-37.55151,-8.06226,0.99841,0.03640,-0.00553,-0.04267,
1690986457079525888,238.08030,-38.00495,-8.84674,0.99794,0.03078,-0.01744,-0.05344,
1690986457279621120,238.40910,-36.39600,-8.06464,0.99802,0.02549,-0.02223,-0.05304,
1690986457479813376,239.46350,-36.37203,-8.04597,0.99786,0.03469,-0.01485,-0.05333,
1690986457679493632,240.43209,-36.25430,-8.05825,0.99849,0.03119,-0.01169,-0.04367,
1690986457879457280,241.35515,-36.21353,-8.07206,0.99735,0.03993,-0.00845,-0.06021,
1690986457979069696,240.87254,-36.89729,-9.45946,0.99601,0.03786,0.00489,-0.08063,
1690986458079844352,238.91710,-37.00530,-7.70132,0.99548,0.04054,0.00116,-0.08584,
1690986458179056896,238.90608,-36.67093,-7.49357,0.99557,0.02786,-0.00724,-0.08953,
1690986458279864832,240.61924,-36.73927,-8.08218,0.99650,0.01513,-0.01378,-0.08102,
1690986458379329792,240.39003,-37.09579,-8.33251,0.99738,0.00642,-0.02268,-0.06846,
1690986458479173632,239.72298,-37.54946,-8.39064,0.99837,0.01881,-0.02678,-0.04667,
1690986458579460096,239.66453,-37.67277,-8.45030,0.99869,0.02708,-0.01433,-0.04097,
1690986458679329024,239.96786,-37.51417,-8.22604,0.99889,0.02465,-0.00516,-0.03970,
1690986458779161344,239.91912,-37.38124,-8.19497,0.99919,0.02761,-0.00518,-0.02897,
1690986458879802624,239.66311,-37.49882,-8.43169,0.99957,0.01867,-0.00695,-0.02155,
1690986458979227648,240.42391,-38.21393,-8.46678,0.99977,0.01202,0.00182,-0.01739,
1690986459082723840,240.43832,-37.95099,-8.31634,0.99943,0.01578,0.01095,-0.02778,
1690986459180024832,241.95592,-38.58868,-8.69658,0.99850,0.02445,0.02702,-0.04083,
1690986459279472128,242.78076,-38.40169,-9.02085,0.99874,0.01309,0.01370,-0.04646,
1690986459379218688,241.39632,-38.29213,-8.80040,0.99893,-0.00390,0.00319,-0.04601,
1690986459479396864,241.89309,-38.78708,-8.84240,0.99886,-0.00626,-0.01180,-0.04593,
1690986459579340800,241.86997,-38.48176,-8.85565,0.99894,-0.00607,-0.02414,-0.03866,
1690986459680535296,243.46975,-39.10284,-9.11131,0.99948,-0.00379,-0.00856,-0.03091,
1690986459781417216,244.69757,-39.82524,-9.15873,0.99966,0.00833,0.00166,-0.02483,
1690986459879224576,243.50482,-38.85974,-9.53473,0.99966,0.01658,0.00324,-0.01973,
1690986459979491328,242.52696,-38.82440,-9.04472,0.99905,0.01663,0.00360,-0.04018,
1690986460082215680,242.62203,-38.55278,-8.81138,0.99727,0.03185,0.01214,-0.06543,
1690986460183108864,242.92342,-38.00946,-8.13074,0.99563,0.03550,0.02958,-0.08112,
1690986460279230976,244.96850,-39.51481,-9.08537,0.99497,0.03593,0.01827,-0.09166,
1690986460480269312,247.14822,-37.91120,-8.71494,0.99531,0.02317,0.00561,-0.09373,
1690986460579499520,244.66880,-38.63764,-9.31568,0.99615,0.01332,0.00932,-0.08616,
1690986460680635904,245.86483,-38.82639,-9.21870,0.99706,0.02452,0.02533,-0.06799,
1690986460779731456,246.57779,-39.26462,-9.39533,0.99684,0.01420,0.03651,-0.06904,
1690986460879498240,244.36275,-38.70390,-8.34845,0.99692,0.00464,0.03814,-0.06843,
1690986460979293696,244.96104,-39.02908,-8.47712,0.99765,0.00910,0.02258,-0.06408,
1690986461079370752,245.25512,-39.29661,-9.55197,0.99728,0.01812,0.02222,-0.06790,
1690986461179154176,244.65423,-39.16399,-8.89090,0.99516,0.02086,0.04386,-0.08541,
1690986461279807488,244.99679,-38.50034,-8.39752,0.99396,0.02135,0.05307,-0.09367,
1690986461379229184,246.12086,-39.22121,-9.33291,0.99486,0.02105,0.03905,-0.09106,
1690986461479323392,247.79102,-38.76757,-8.35391,0.99512,0.01725,0.04547,-0.08586,
1690986461582503168,246.48594,-38.94172,-8.54699,0.99599,0.01776,0.03087,-0.08209,
1690986461679101952,246.06803,-38.94105,-8.69336,0.99692,0.03483,0.01625,-0.06842,
1690986461779197184,246.28186,-39.15504,-9.03413,0.99719,0.03086,0.02699,-0.06263,
1690986461879147776,246.33025,-39.20651,-8.32979,0.99822,0.01552,0.02131,-0.05345,
1690986461979359744,246.53682,-39.47873,-8.32039,0.99852,0.02337,0.01412,-0.04702,
1690986462079694592,246.90098,-39.53938,-8.79904,0.99882,0.01460,-0.00000,-0.04641,
1690986462179139072,248.08676,-39.95012,-8.85182,0.99739,0.02385,0.01089,-0.06734,
1690986462279243776,247.05881,-39.28933,-8.75751,0.99555,0.02519,0.03922,-0.08184,
1690986462379296256,246.78380,-38.87882,-7.63151,0.99428,0.02678,0.03176,-0.09835,
1690986462479400192,249.31495,-38.66941,-8.41409,0.99488,0.00581,0.01625,-0.09962,
1690986462579362560,247.98823,-39.28113,-8.54241,0.99572,-0.00315,0.00317,-0.09235,
1690986462679316736,248.23869,-39.98115,-9.14248,0.99673,0.00114,-0.00511,-0.08060,
1690986462779489024,247.89168,-39.44790,-8.85312,0.99735,0.00735,0.00205,-0.07240,
1690986462879725568,248.08188,-39.65245,-8.78685,0.99727,-0.00270,0.01214,-0.07282,
1690986462979716608,249.97189,-40.91342,-9.23803,0.99779,-0.00300,0.01395,-0.06496,
1690986463079555072,249.51242,-39.57193,-9.57123,0.99803,-0.00112,0.00410,-0.06258,
1690986463179280384,248.65837,-39.92827,-9.14566,0.99739,0.00985,0.00789,-0.07107,
1690986463279320832,248.65274,-39.74243,-8.68880,0.99555,-0.00106,0.01438,-0.09312,
1690986463379173632,249.48072,-39.18464,-8.89846,0.99495,-0.00452,0.00609,-0.10007,
1690986463480358400,248.61525,-39.61229,-9.08725,0.99555,-0.00004,0.00232,-0.09423,
1690986463579317504,249.37939,-39.45941,-8.77808,0.99649,0.00479,0.00722,-0.08328,
1690986463679622144,249.83882,-39.82910,-9.02109,0.99767,0.00623,-0.00843,-0.06738,
1690986463779242752,250.47489,-40.19225,-9.57719,0.99897,0.01125,-0.00810,-0.04316,
1690986463879350784,253.48025,-40.32571,-7.62142,0.99879,0.00189,0.02243,-0.04378,
1690986463979556608,251.95742,-40.46564,-9.12133,0.99914,-0.01575,0.01042,-0.03683,
1690986464079432704,250.51246,-40.18062,-9.13029,0.99975,-0.00799,-0.00318,-0.02067,
1690986464179163136,250.63564,-40.63070,-9.17985,0.99907,-0.02749,0.00284,-0.03297,
1690986464279253504,250.85399,-40.37554,-8.86112,0.99877,-0.01701,0.00137,-0.04656,
1690986464379288320,250.52846,-40.15176,-9.15321,0.99799,-0.00664,0.01428,-0.06130,
1690986464479801088,250.20746,-40.04126,-8.95484,0.99711,-0.00309,0.01036,-0.07518,
1690986464679437568,252.63769,-38.88419,-8.93177,0.99677,0.00402,0.00687,-0.07989,
1690986464779677184,252.12722,-40.76677,-9.50518,0.99673,0.02036,0.01072,-0.07748,
1690986464980901888,253.09284,-38.93431,-8.96512,0.99743,0.00089,0.00586,-0.07136,
1690986465081497344,252.11380,-40.26886,-9.08914,0.99794,-0.00325,0.01054,-0.06318,
1690986465179267840,252.12725,-40.51959,-8.73228,0.99791,0.01056,-0.00606,-0.06351,
1690986465279684608,252.54258,-40.56297,-9.69510,0.99689,0.00694,-0.01738,-0.07650,
1690986465379427840,253.59634,-41.36907,-9.91069,0.99648,0.01082,-0.00210,-0.08305,
1690986465579704576,254.66408,-39.13275,-9.10205,0.99658,0.00323,0.01500,-0.08125,
1690986465679631616,253.59539,-39.70249,-9.73187,0.99770,-0.00541,0.00202,-0.06748,
1690986465779210752,253.61273,-40.42398,-9.04433,0.99859,-0.00021,0.00728,-0.05254,
1690986465879161600,253.53938,-40.52763,-9.58213,0.99925,0.01497,0.00494,-0.03544,
1690986465979080704,254.04266,-40.54114,-9.41750,0.99947,0.02061,0.01524,-0.02019,
1690986466179197184,253.85042,-40.80186,-9.04040,0.99965,0.01431,0.00535,-0.02159,
1690986466279272704,253.78800,-40.58701,-9.49374,0.99939,0.01186,-0.01217,-0.03066,
1690986466379817728,254.08209,-40.55446,-9.88611,0.99817,0.02797,-0.00480,-0.05347,
1690986466479079168,254.60745,-40.41209,-9.31717,0.99764,0.03835,0.00951,-0.05609,
1690986466579295744,254.44264,-40.40759,-9.26096,0.99692,0.03589,0.01745,-0.06753,
1690986466779302144,253.83319,-40.39072,-9.36740,0.99663,0.02728,0.02401,-0.07357,
1690986466879963648,254.57532,-40.45531,-8.96353,0.99568,0.03786,0.04095,-0.07427,
1690986466979218176,255.85738,-42.10279,-9.82160,0.99651,0.01969,0.01209,-0.08019,
1690986467179718144,257.68107,-41.14570,-9.35987,0.99623,0.03073,0.00570,-0.08087,
1690986467279600640,256.54850,-40.74212,-9.67291,0.99536,0.04150,0.01181,-0.08606,
1690986467379533824,255.88744,-40.93978,-9.37436,0.99429,0.04873,0.00197,-0.09495,
1690986467478998784,255.91086,-40.68204,-9.36366,0.99183,0.06983,0.00068,-0.10675,
1690986467580330496,256.48190,-40.79747,-9.23768,0.99073,0.06848,0.01259,-0.11661,
1690986467679686912,256.35956,-40.67481,-8.86357,0.99145,0.05455,0.00236,-0.11851,
1690986467781891072,256.51869,-40.63110,-9.41964,0.99289,0.04553,0.00267,-0.10999,
1690986467879768576,256.65456,-40.65661,-9.48919,0.99422,0.04035,-0.00255,-0.09942,
1690986467980211712,256.74530,-40.72294,-9.45819,0.99535,0.04116,-0.00594,-0.08684,
1690986468079691776,256.82784,-40.83401,-9.42062,0.99616,0.04022,0.01252,-0.07671,
1690986468179295232,257.54069,-41.43168,-9.39822,0.99730,0.02002,0.01098,-0.06981,
1690986468379267840,260.05675,-41.74652,-9.22001,0.99736,0.02713,0.00364,-0.06719,
1690986468479901184,257.93059,-41.17409,-9.79813,0.99697,0.02784,-0.00339,-0.07255,
1690986468579481344,257.76346,-41.13364,-9.41468,0.99631,0.04193,0.00716,-0.07449,
1690986468679418112,258.00827,-41.23307,-9.40159,0.99560,0.04795,0.01915,-0.07814,
1690986468779657984,260.47701,-42.02704,-10.33935,0.99626,0.03716,0.00870,-0.07754,
1690986468979192576,258.66964,-41.12050,-9.70156,0.99742,0.01627,-0.00346,-0.06990,
1690986469179287040,258.90820,-41.32968,-9.66078,0.99836,0.02072,0.01039,-0.05227,
1690986469379435008,258.90854,-41.51097,-9.44992,0.99839,0.00648,0.01148,-0.05517,
1690986469479567616,260.78719,-42.11624,-9.65260,0.99805,0.00596,0.00638,-0.06175,
1690986469579598080,259.66216,-41.63840,-9.77129,0.99757,0.01499,-0.00172,-0.06795,
1690986469681749760,259.60101,-41.55790,-9.49366,0.99660,0.02426,0.01305,-0.07761,
1690986469779432960,259.60379,-41.35445,-9.29764,0.99564,0.02646,0.01612,-0.08803,
1690986469879161344,263.69701,-42.45655,-9.83110,0.99575,0.02406,0.00421,-0.08880,
1690986469979542528,260.74851,-41.87862,-9.85476,0.99645,0.02219,0.00679,-0.08095,
1690986470079823616,260.65979,-41.70663,-9.82009,0.99684,0.01881,-0.01050,-0.07640,
1690986470179251712,260.71590,-41.97615,-9.89286,0.99682,0.01896,-0.00741,-0.07704,
1690986470279155712,260.82054,-41.78886,-9.72545,0.99737,0.02311,0.01279,-0.06743,
1690986470479303168,262.33111,-40.81011,-9.66990,0.99780,0.00782,0.00817,-0.06537,
1690986470679283456,262.44790,-42.11504,-9.67636,0.99718,0.01824,0.00484,-0.07259,
1690986470779378432,261.59101,-41.88454,-9.76634,0.99652,0.02429,0.02070,-0.07699,
1690986470879742720,261.53750,-41.58238,-9.17557,0.99665,0.02399,0.01899,-0.07582,
1690986470979220736,261.73312,-41.68517,-9.19709,0.99734,0.01458,0.00460,-0.07134,
1690986471079533056,262.00607,-41.81679,-9.91938,0.99808,0.00672,-0.00036,-0.06155,
1690986471180001792,262.18746,-41.77941,-9.84549,0.99854,0.00378,-0.00180,-0.05384,
1690986471279436544,262.23150,-41.88681,-9.85011,0.99897,0.00543,-0.00731,-0.04442,
1690986471379271168,262.34054,-42.19385,-9.87945,0.99911,0.00812,0.01930,-0.03651,
1690986471479431168,262.14902,-42.09071,-9.19570,0.99930,-0.00319,0.01570,-0.03381,
1690986471579653888,262.65770,-42.25330,-9.44150,0.99922,0.00646,0.00962,-0.03781,
1690986471679781632,262.54487,-42.33922,-9.90561,0.99881,0.01179,0.00307,-0.04724,
1690986471779645184,262.69339,-42.23502,-9.83495,0.99807,0.02270,0.00616,-0.05747,
1690986471879884288,262.74365,-42.23423,-9.77344,0.99717,0.02821,0.01522,-0.06803,
1690986471979739648,263.27822,-42.15037,-9.74147,0.99646,0.02807,0.01855,-0.07699,
1690986472079558144,266.44620,-41.95693,-10.46602,0.99658,0.02542,0.01169,-0.07776,
1690986472279266560,266.33571,-41.62636,-9.73346,0.99694,0.00675,0.00205,-0.07790,
1690986472379260416,269.61157,-41.66499,-10.80676,0.99795,0.00727,-0.00485,-0.06345,
1690986472479841024,264.86740,-42.34725,-10.37859,0.99871,0.02001,0.00926,-0.04578,
1690986472579222528,264.77120,-42.58115,-9.58013,0.99891,0.00890,0.01026,-0.04467,
1690986472679084032,264.97947,-42.54959,-9.52455,0.99935,0.00994,0.00361,-0.03452,
1690986472779585792,265.07132,-42.57961,-10.12106,0.99910,0.01553,0.00436,-0.03921,
1690986472979072000,266.36094,-41.42566,-9.84011,0.99824,0.01337,0.01575,-0.05560,
1690986473079243776,265.88282,-42.09406,-9.67860,0.99793,0.01503,0.00946,-0.06187,
1690986473279612928,265.78721,-42.14488,-9.82312,0.99835,0.00806,-0.00506,-0.05670,
1690986473482748416,265.94316,-42.22328,-10.15900,0.99825,0.02041,-0.00844,-0.05494,
1690986473679234816,267.19448,-41.43498,-9.82729,0.99917,0.00545,0.00379,-0.04020,
1690986473779322368,271.74535,-43.22906,-9.34902,0.99867,-0.00408,0.00554,-0.05107,
1690986473879254272,268.78880,-42.76056,-10.09620,0.99893,0.00637,-0.00807,-0.04515,
1690986473981234944,267.72053,-42.50975,-10.03967,0.99818,0.02262,0.00514,-0.05564,
1690986474079497984,267.30662,-42.66052,-9.54807,0.99764,0.02144,0.00980,-0.06445,
1690986474178934784,267.46493,-42.06550,-9.32874,0.99740,0.01627,-0.00170,-0.07019,
1690986474279081984,267.67633,-42.18306,-9.59112,0.99781,0.00716,-0.01286,-0.06456,
1690986474379118080,268.38486,-42.45433,-9.40432,0.99864,0.00950,-0.00589,-0.05085,
1690986474479588352,268.05323,-42.76114,-9.64539,0.99863,0.01540,-0.01723,-0.04695,
1690986474579148032,268.03666,-42.57480,-9.94590,0.99873,0.01931,-0.01932,-0.04223,
1690986474779201024,268.31213,-42.60898,-9.74078,0.99930,0.00988,-0.00896,-0.03499,
1690986474979710976,268.54923,-42.87860,-9.42671,0.99893,0.00295,-0.01936,-0.04192,
1690986475081203456,268.43823,-42.61461,-10.05593,0.99796,0.00215,-0.01890,-0.06100,
1690986475181121536,268.88011,-42.57501,-9.94664,0.99805,0.01266,-0.00585,-0.06089,
1690986475279227136,268.89497,-42.67356,-9.58876,0.99748,0.01496,-0.00272,-0.06932,
1690986475481383424,269.42312,-42.71459,-9.48344,0.99773,-0.00103,-0.00525,-0.06713,
1690986475679464704,270.46460,-41.88603,-9.71555,0.99784,0.01827,-0.01230,-0.06196,
1690986475779464704,269.67799,-42.76004,-9.89731,0.99815,0.00224,-0.00212,-0.06078,
1690986475879726080,271.83264,-42.83595,-9.09874,0.99832,-0.01395,-0.01249,-0.05476,
1690986475979617536,272.94688,-43.99844,-8.85069,0.99855,-0.00075,-0.00833,-0.05317,
1690986476079374592,270.79077,-43.26541,-9.75117,0.99775,0.00258,-0.02654,-0.06156,
1690986476179181056,270.85642,-43.14735,-9.54255,0.99659,0.00355,-0.02396,-0.07883,
1690986476279412480,271.89307,-43.83790,-10.32742,0.99648,0.00716,-0.01513,-0.08215,
1690986476479767552,272.31217,-43.16045,-9.58455,0.99634,0.00736,-0.01387,-0.08404,
1690986476579257600,271.62887,-42.85665,-9.63024,0.99688,0.00348,-0.01006,-0.07826,
1690986476680019712,271.86672,-43.13260,-9.82259,0.99741,0.01035,-0.00580,-0.07092,
1690986476779471104,272.01592,-43.19274,-9.37432,0.99830,0.02313,0.00814,-0.05287,
1690986476879474944,271.92190,-43.74211,-9.28072,0.99872,0.01165,0.01906,-0.04536,
1690986476979149824,271.65569,-43.49769,-9.59907,0.99900,0.00169,0.00800,-0.04405,
1690986477079284224,272.22605,-43.62702,-9.69084,0.99832,0.00005,-0.00466,-0.05780,
1690986477179462912,272.46855,-43.48980,-9.99815,0.99706,0.01083,-0.00870,-0.07534,
1690986477279781376,272.63897,-43.29493,-9.53406,0.99564,0.01776,0.01262,-0.09070,
1690986477379205376,272.61990,-43.31446,-9.40759,0.99408,0.00858,0.01633,-0.10708,
1690986477579790848,272.89614,-42.96961,-9.30480,0.99381,-0.00665,0.01103,-0.11038,
1690986477679595776,273.12185,-43.02736,-9.44582,0.99502,0.00121,0.00205,-0.09961,
1690986477779172352,273.87717,-43.44657,-9.39024,0.99640,0.02679,0.00626,-0.08014,
1690986477879236096,275.69201,-43.90422,-9.04235,0.99746,0.02308,0.01466,-0.06572,
1690986477979029504,275.69052,-44.09699,-10.20491,0.99830,0.01132,0.01389,-0.05541,
1690986478079924480,278.20853,-44.03278,-10.10977,0.99770,0.01533,0.01145,-0.06496,
1690986478180185344,274.70211,-43.84911,-9.98002,0.99654,0.01112,0.01111,-0.08164,
1690986478279482624,274.68667,-43.74569,-9.85687,0.99489,0.01756,0.02333,-0.09669,
1690986478379465216,274.90889,-43.60465,-9.33657,0.99249,0.03254,0.04625,-0.10844,
1690986478479691008,275.98102,-43.71854,-9.09484,0.99220,0.02921,0.04235,-0.11354,
1690986478579500544,277.20144,-43.82406,-10.31496,0.99343,0.01621,0.03452,-0.10787,
1690986478679233024,275.71828,-43.68631,-9.33443,0.99387,0.00242,0.02752,-0.10705,
1690986478779393536,275.56100,-43.70786,-9.43553,0.99417,0.00459,0.01579,-0.10660,
1690986478879185152,278.13176,-43.83838,-10.34397,0.99618,0.01381,0.02438,-0.08265,
1690986479079202560,278.83113,-43.22042,-9.64745,0.99633,0.01498,0.03285,-0.07758,
1690986479179590656,279.95010,-44.31935,-9.85522,0.99477,0.01902,0.03582,-0.09374,
1690986479279578880,277.10490,-43.82889,-9.70014,0.99304,0.03850,0.04865,-0.10014,
1690986479379519232,277.22687,-43.93916,-9.37238,0.98999,0.04630,0.06394,-0.11703,
1690986479479143168,277.65313,-43.53310,-9.48121,0.98923,0.04555,0.05839,-0.12626,
1690986479579452160,279.48912,-44.02025,-9.52723,0.99108,0.03920,0.04940,-0.11744,
1690986479678989056,280.50966,-44.41663,-9.62970,0.99272,0.03188,0.04943,-0.10513,
1690986479778934272,278.10926,-43.86947,-9.96336,0.99315,0.01759,0.05184,-0.10328,
1690986479879344128,278.51484,-43.79270,-9.82001,0.99556,0.01853,0.03942,-0.08348,
1690986479979142912,283.86465,-44.49711,-8.92695,0.99680,0.01667,0.05474,-0.05577,
1690986480079189760,280.57878,-44.26134,-8.90306,0.99739,0.01573,0.05411,-0.04508,
1690986480179216640,282.82772,-44.81696,-10.53434,0.99817,0.00807,0.04377,-0.04086,
1690986480279194368,281.59459,-46.19021,-10.30329,0.99918,0.00408,0.01867,-0.03573,
1690986480380090880,281.13318,-44.63838,-9.78570,0.99838,0.00243,0.01779,-0.05391,
1690986480479684864,280.82107,-44.23659,-10.04657,0.99745,0.00636,0.03934,-0.05916,
1690986480579330816,285.21833,-46.54684,-10.55082,0.99686,0.00702,0.03729,-0.06955,
1690986480679232256,283.03687,-44.76068,-10.48988,0.99668,0.01555,0.04352,-0.06702,
1690986480779473664,282.38181,-44.75751,-10.14681,0.99567,0.00735,0.04730,-0.07973,
1690986480879203840,281.82178,-44.53158,-9.68053,0.99578,0.01135,0.03822,-0.08261,
1690986480979301376,281.92236,-44.63431,-9.54701,0.99664,0.01262,0.03481,-0.07301,
1690986481179150848,282.41526,-45.11273,-10.01963,0.99607,0.02468,0.03682,-0.07674,
1690986481279981312,282.52251,-45.21163,-9.58925,0.99529,0.03515,0.03565,-0.08302,
1690986481379421440,282.77616,-45.25160,-10.19104,0.99357,0.03812,0.03039,-0.10216,
1690986481479797760,282.81197,-44.55273,-9.96349,0.99204,0.04523,0.02700,-0.11436,
1690986481579783680,282.78228,-45.92955,-10.40025,0.99083,0.05540,0.03709,-0.11750,
1690986481779227648,284.57991,-44.89142,-9.92541,0.99219,0.03641,0.03314,-0.11461,
1690986481879270656,283.36497,-44.50995,-9.84050,0.99358,0.01979,0.01844,-0.10985,
1690986481979237120,283.63420,-44.98035,-10.16163,0.99523,0.01116,0.01510,-0.09571,
1690986482079775744,285.63599,-45.82101,-11.52755,0.99596,0.02130,0.03624,-0.07940,
1690986482179435264,286.37279,-45.19931,-11.53828,0.99608,0.02435,0.04050,-0.07476,
1690986482279667968,286.49730,-45.39004,-11.58250,0.99609,0.03678,0.03236,-0.07354,
1690986482379378944,284.49357,-45.27260,-10.79388,0.99614,0.03941,0.01658,-0.07671,
1690986482479687168,285.06590,-45.36288,-10.92576,0.99506,0.04986,0.00968,-0.08534,
1690986482579428096,285.13194,-45.33300,-10.92210,0.99354,0.05861,0.01455,-0.09612,
1690986482679159552,287.58190,-46.28810,-11.44336,0.99294,0.05453,0.03238,-0.10027,
1690986482779302144,287.42078,-45.37864,-11.68762,0.99311,0.04433,0.02083,-0.10643,
1690986482879910656,286.74354,-45.11148,-11.39380,0.99442,0.04237,0.01758,-0.09505,
1690986482979172096,286.50889,-45.38647,-11.19489,0.99582,0.03044,-0.00291,-0.08609,
1690986483079539456,286.35511,-45.53550,-11.46627,0.99628,0.03410,0.00890,-0.07869,
1690986483179686912,286.52571,-45.46412,-10.56079,0.99696,0.03774,0.02737,-0.06246,
1690986483279567360,286.65132,-46.01180,-10.14330,0.99768,0.02985,0.02599,-0.05543,
1690986483379484672,287.06930,-46.18362,-10.35871,0.99796,0.03245,0.01639,-0.05251,
1690986483479368192,286.98157,-46.17563,-11.06887,0.99787,0.03019,0.01418,-0.05615,
1690986483579218944,287.07886,-46.00233,-11.17397,0.99590,0.03816,0.01386,-0.08086,
1690986483679679488,287.85637,-45.72324,-10.83013,0.99453,0.04839,0.03315,-0.08643,
1690986483779197440,287.37272,-45.66691,-10.45016,0.99310,0.05339,0.03582,-0.09810,
1690986483979108352,289.11510,-45.63390,-10.79892,0.99406,0.03744,0.02995,-0.09767,
1690986484079238912,287.91494,-45.57906,-11.44848,0.99514,0.01263,0.02719,-0.09378,
1690986484179680000,287.53876,-45.99259,-11.15848,0.99574,0.03248,0.03385,-0.07937,
1690986484279542784,288.19676,-46.22228,-10.47191,0.99665,0.02502,0.03860,-0.06763,
1690986484379271424,288.15142,-46.21844,-10.34770,0.99687,0.01718,0.03583,-0.06828,
1690986484479933952,288.57366,-46.29942,-10.59519,0.99671,0.01804,0.02397,-0.07528,
1690986484579398912,288.87950,-46.26252,-11.33444,0.99715,0.01026,0.00671,-0.07445,
1690986484679309312,290.18023,-46.14041,-10.72569,0.99637,0.01223,0.02106,-0.08161,
1690986484779361792,294.74777,-49.62490,-10.97708,0.99459,0.02530,0.04735,-0.08889,
1690986484979289600,294.99347,-48.76896,-10.85648,0.99367,0.03836,0.04157,-0.09709,
1690986485079385856,292.61199,-47.03665,-9.91249,0.99452,0.04632,0.03515,-0.08684,
1690986485178985472,291.39357,-47.17788,-11.17452,0.99500,0.04374,0.02326,-0.08672,
1690986485279623168,291.15737,-47.03729,-11.02860,0.99505,0.04550,0.03621,-0.08060,
1690986485379713792,291.80243,-46.99426,-10.63155,0.99596,0.03580,0.04737,-0.06731,
1690986485479458048,291.83236,-47.26329,-10.92662,0.99692,0.03074,0.04066,-0.05959,
1690986485579383040,293.20802,-47.47011,-11.61686,0.99721,0.02054,0.03358,-0.06335,
1690986485679746304,292.24403,-47.50047,-11.43789,0.99651,0.01739,0.03652,-0.07303,
1690986485779614464,292.19580,-47.34804,-11.20363,0.99508,0.01589,0.04779,-0.08535,
1690986485979248384,293.64313,-46.60361,-10.98922,0.99429,0.02725,0.04404,-0.09330,
1690986486179173888,293.42382,-46.60975,-10.99389,0.99553,0.03135,0.03596,-0.08155,
1690986486280020992,292.87923,-47.10351,-11.30585,0.99513,0.03960,0.03246,-0.08417,
1690986486379464448,294.23997,-46.78591,-9.97804,0.99621,0.02962,0.05076,-0.06415,
1690986486479452416,300.15937,-46.87182,-12.16591,0.99748,0.01555,0.03903,-0.05721,
1690986486579332352,296.91270,-46.45607,-10.82587,0.99791,0.02143,0.03364,-0.05081,
1690986486779300608,295.26855,-46.60640,-10.99875,0.99732,0.02080,0.03105,-0.06286,
1690986486979596544,295.54645,-46.72354,-10.98224,0.99590,0.02472,0.03448,-0.07988,
1690986487079320832,295.69246,-46.77971,-9.93285,0.99579,0.02908,0.02629,-0.08282,
1690986487179444992,295.10626,-47.38118,-11.15628,0.99559,0.03464,0.02823,-0.08251,
1690986487279512064,295.48510,-47.03956,-10.93856,0.99595,0.02742,0.00149,-0.08564,
1690986487379151360,295.44439,-46.89699,-11.82325,0.99588,0.03590,0.00814,-0.08293,
1690986487579112960,298.37457,-47.11471,-10.93855,0.99721,0.02140,0.02494,-0.06706,
1690986487779552000,297.22768,-46.82375,-10.95368,0.99692,0.03082,0.02410,-0.06802,
1690986487879472896,296.27089,-47.23397,-10.63596,0.99613,0.03791,0.01496,-0.07781,
1690986487979108352,296.41670,-47.05478,-11.22981,0.99517,0.03788,0.03636,-0.08299,
1690986488078929408,296.53684,-46.54903,-9.81587,0.99568,0.03710,0.02512,-0.08136,
1690986488178985728,296.50730,-46.85875,-10.84815,0.99685,0.03846,-0.00802,-0.06890,
1690986488279417600,297.70407,-47.07623,-11.49698,0.99700,0.05161,-0.00866,-0.05694,
1690986488378980352,297.07776,-47.51235,-11.76526,0.99655,0.05456,-0.00115,-0.06247,
1690986488478893824,298.43230,-47.08960,-11.10795,0.99718,0.05863,0.01335,-0.04486,
1690986488579112192,297.42208,-47.83369,-10.57227,0.99732,0.05694,0.02068,-0.04099,
1690986488679530240,297.67292,-47.82686,-10.16412,0.99759,0.05464,0.00099,-0.04269,
1690986488779463168,297.76879,-47.83014,-11.04480,0.99713,0.04649,-0.01352,-0.05817,
1690986488879518976,299.24928,-47.41270,-10.60482,0.99476,0.07449,-0.00922,-0.06945,
1690986488979408896,301.40204,-48.14995,-11.71095,0.99326,0.08435,0.01017,-0.07878,
1690986489079110912,303.47396,-51.57528,-12.08335,0.99243,0.09020,0.01617,-0.08172,
1690986489179328256,306.41145,-49.38207,-11.57422,0.99287,0.08650,0.01001,-0.08146,
1690986489279731200,300.39109,-48.24195,-11.61641,0.99356,0.08538,0.00184,-0.07441,
1690986489379532032,300.40361,-48.21110,-11.52866,0.99322,0.08863,0.00967,-0.07455,
1690986489479837952,300.50297,-48.37040,-11.20993,0.99158,0.10580,0.01257,-0.07362,
1690986489579409664,302.71437,-48.89853,-11.40397,0.99201,0.10316,0.03553,-0.06330,
1690986489679717376,302.46409,-48.19426,-11.62986,0.99361,0.08556,0.03080,-0.06679,
1690986489779393536,301.16159,-48.73977,-11.30552,0.99423,0.07631,0.00850,-0.07489,
1690986489879360768,301.56639,-48.76968,-11.81888,0.99379,0.07038,-0.00347,-0.08611,
1690986489979276288,302.16794,-48.11463,-12.09466,0.99049,0.09499,0.00671,-0.09935,
1690986490079959040,302.23834,-48.31539,-11.92417,0.98787,0.10632,0.02979,-0.10914,
1690986490179274496,301.84378,-48.28693,-11.23869,0.98510,0.11626,0.04833,-0.11716,
1690986490280304640,301.82012,-48.19412,-10.24998,0.98371,0.11753,0.05572,-0.12404,
1690986490379589888,301.97364,-48.18002,-10.58714,0.98559,0.10470,0.05359,-0.12155,
1690986490479739392,302.05662,-48.20412,-10.78208,0.98845,0.09114,0.03795,-0.11496,
1690986490579247616,302.32077,-48.37729,-11.48704,0.99132,0.07432,0.02318,-0.10589,
1690986490679381760,302.56939,-48.54244,-11.53159,0.99329,0.05942,0.03325,-0.09353,
1690986490779340544,302.45960,-48.82479,-10.79750,0.99505,0.04455,0.02198,-0.08607,
1690986490879688448,302.65421,-49.03439,-11.49601,0.99539,0.03391,0.01289,-0.08883,
1690986490979341056,302.92380,-49.04248,-11.59832,0.99502,0.03329,0.01507,-0.09276,
1690986491079820288,302.48526,-48.60298,-11.54404,0.99355,0.02279,0.01863,-0.10946,
1690986491179424000,302.89245,-48.34125,-10.65562,0.99205,0.02106,0.02995,-0.12037,
1690986491279286272,306.50088,-48.66813,-10.93999,0.99268,0.02418,0.02522,-0.11561,
1690986491379339776,303.73838,-48.76040,-11.13764,0.99287,0.02414,0.00119,-0.11671,
1690986491479311104,304.03238,-48.56124,-11.50519,0.99417,0.02542,-0.00849,-0.10445,
1690986491579180800,303.95276,-48.85092,-11.50470,0.99451,0.04035,-0.01515,-0.09538,
1690986491679520512,303.84433,-48.75279,-11.22174,0.99439,0.05668,-0.00273,-0.08928,
1690986491779348224,304.10168,-48.86341,-10.95704,0.99617,0.03365,0.00157,-0.08064,
1690986491879825920,305.07052,-49.14967,-11.19659,0.99683,0.01888,-0.01113,-0.07652,
1690986491979587840,304.89881,-49.35850,-11.46778,0.99651,0.02239,-0.02160,-0.07741,
1690986492079753984,306.33957,-50.36650,-12.29736,0.99527,0.02974,-0.02325,-0.08955,
1690986492179299584,309.72020,-51.36179,-10.21499,0.99347,0.05020,0.00244,-0.10245,
1690986492279262720,312.72077,-54.22081,-12.14743,0.99352,0.04258,0.01867,-0.10367,
1690986492379301632,312.38303,-54.31086,-12.04168,0.99383,0.03780,-0.00121,-0.10423,
1690986492479639040,307.34509,-50.30340,-11.60273,0.99425,0.03268,-0.01364,-0.10102,
1690986492579430144,307.54427,-50.31070,-11.78159,0.99452,0.02442,-0.02453,-0.09862,
1690986492679335680,307.92377,-50.32138,-11.84266,0.99449,0.04008,-0.02601,-0.09335,
1690986492779817216,310.71710,-50.36788,-11.72347,0.99614,0.04771,-0.00071,-0.07361,
1690986492879584512,310.65221,-51.57302,-12.32357,0.99741,0.03473,0.00413,-0.06278,
1690986492979334400,309.48657,-51.35220,-11.88433,0.99738,0.03788,-0.01514,-0.05976,
1690986493079275008,308.57678,-50.75953,-11.97427,0.99696,0.03517,-0.02550,-0.06475,
1690986493179129856,309.41727,-50.81707,-12.29434,0.99556,0.04605,-0.02690,-0.07756,
1690986493279741440,313.37273,-50.78721,-12.33246,0.99479,0.04432,0.00514,-0.09165,
1690986493379637760,312.24625,-51.46939,-12.46131,0.99472,0.03973,0.01753,-0.09298,
1690986493479220992,316.20588,-54.95869,-12.79119,0.99605,0.03545,0.00941,-0.08087,
1690986493580645120,310.92348,-51.76056,-12.13489,0.99670,0.03288,0.00643,-0.07387,
1690986493679519744,310.96282,-51.41868,-11.92474,0.99724,0.02442,-0.01585,-0.06833,
1690986493779529728,311.24020,-51.30254,-12.39064,0.99711,0.03390,-0.01585,-0.06618,
1690986493879466752,311.76244,-51.57265,-12.58737,0.99813,0.03463,-0.01260,-0.04874,
1690986493979111680,311.45488,-51.93231,-11.81302,0.99863,0.02927,-0.01741,-0.03983,
1690986494179200256,312.67644,-52.46033,-12.10926,0.99787,0.03924,-0.02736,-0.04424,
1690986494279788800,312.12377,-51.68823,-12.58723,0.99721,0.03898,-0.02235,-0.05967,
1690986494379612416,312.12616,-51.53996,-11.67761,0.99669,0.04826,-0.00536,-0.06518,
1690986494479402240,312.46830,-51.01942,-11.07950,0.99653,0.04610,-0.00785,-0.06892,
1690986494579227648,312.22305,-51.21925,-11.53429,0.99729,0.03735,-0.01480,-0.06170,
1690986494679312640,312.51077,-51.48704,-11.95572,0.99794,0.02811,-0.02667,-0.05122,
1690986494779881472,312.91063,-52.02832,-12.41146,0.99862,0.01644,-0.02979,-0.04001,
1690986494879621888,312.93915,-51.87616,-12.13251,0.99917,0.02691,-0.01034,-0.02875,
1690986494979493376,315.78452,-52.20886,-13.22329,0.99937,0.02140,-0.00008,-0.02835,
1690986495080410368,315.67288,-52.31654,-13.63698,0.99953,0.01143,0.00968,-0.02683,
1690986495180165888,317.20620,-52.43847,-13.41323,0.99910,0.00495,0.02059,-0.03665,
1690986495279490048,314.60034,-51.90298,-12.32208,0.99900,0.01738,0.02514,-0.03273,
1690986495379293952,314.60622,-52.08807,-11.81380,0.99823,0.02880,0.03599,-0.03763,
1690986495479090688,314.70509,-52.01838,-12.07659,0.99786,0.03640,0.03458,-0.04183,
1690986495579300352,315.29769,-51.73470,-11.65036,0.99826,0.03258,0.01942,-0.04513,
1690986495679954176,315.79379,-52.05499,-12.74329,0.99884,0.02584,0.01306,-0.03835,
1690986495779399168,315.38219,-52.02746,-12.49241,0.99890,0.02730,0.01713,-0.03410,
1690986495880076800,315.24225,-52.17013,-12.28380,0.99833,0.04549,0.01568,-0.03192,
1690986495979892736,315.69301,-52.05708,-12.17100,0.99881,0.03894,0.01598,-0.02461,
1690986496079525888,315.76888,-52.47551,-11.81124,0.99913,0.03699,0.00286,-0.01905,
1690986496179257088,315.93536,-52.88092,-12.77653,0.99901,0.03799,-0.00525,-0.02267,
1690986496279100416,316.51332,-52.76238,-12.91689,0.99889,0.03063,-0.01791,-0.03095,
1690986496379795200,315.76435,-52.21043,-12.30263,0.99815,0.03689,0.00510,-0.04812,
1690986496479649792,316.65130,-52.03925,-12.08707,0.99743,0.04173,0.02250,-0.05371,
1690986496579483392,319.54003,-52.14584,-12.44635,0.99792,0.02965,0.01066,-0.05626,
1690986496679793152,319.55880,-51.84980,-11.51587,0.99847,0.01472,0.00339,-0.05323,
1690986496779646976,318.39800,-52.12691,-11.82394,0.99858,0.01225,-0.00792,-0.05117,
1690986496879607552,317.53769,-52.35694,-12.36505,0.99879,0.02755,-0.00922,-0.03967,
1690986496979529216,322.12393,-52.87894,-11.08924,0.99851,0.03800,0.01953,-0.03382,
1690986497079439616,324.68372,-53.54946,-12.71189,0.99912,0.02631,0.00395,-0.03228,
1690986497179360768,319.65914,-52.80865,-12.51783,0.99885,0.02489,-0.00696,-0.04044,
1690986497279833856,319.50964,-52.95322,-12.73546,0.99854,0.02931,-0.00937,-0.04448,
1690986497379480064,319.38138,-52.72721,-12.44414,0.99776,0.03169,0.00246,-0.05888,
1690986497479538432,319.74798,-52.44090,-11.84700,0.99704,0.03251,0.01694,-0.06761,
1690986497579596800,323.44391,-53.43763,-13.59899,0.99708,0.01957,0.00329,-0.07380,
1690986497679829248,324.06010,-52.99539,-11.91585,0.99760,0.01939,0.01449,-0.06486,
1690986497779105280,324.58252,-52.85485,-10.97342,0.99774,0.01607,0.02072,-0.06193,
1690986497879357440,322.00397,-52.88465,-12.45598,0.99839,0.01562,0.00168,-0.05455,
1690986497979005696,321.80239,-52.91507,-12.32966,0.99900,0.02814,0.00733,-0.03397,
1690986498079921920,321.79335,-53.08371,-12.32417,0.99934,0.02196,0.00994,-0.02703,
1690986498179246080,324.60312,-53.42725,-11.44328,0.99885,0.01828,0.01752,-0.04074,
1690986498279756800,327.26541,-53.81573,-13.57706,0.99906,0.02638,0.00268,-0.03429,
1690986498379467264,322.68638,-53.10416,-12.59195,0.99781,0.04861,0.01043,-0.04369,
1690986498479529984,323.14702,-53.28894,-11.84368,0.99683,0.04817,0.02668,-0.05740,
1690986498579480064,323.48935,-52.27856,-11.52410,0.99691,0.04530,0.02103,-0.06058,
1690986498679165184,323.56840,-52.43288,-11.47223,0.99721,0.04776,0.01621,-0.05500,
1690986498779426304,323.82263,-52.81404,-11.89147,0.99811,0.05267,-0.00200,-0.03168,
1690986498979315200,324.17773,-53.32078,-12.02039,0.99756,0.06803,0.00004,-0.01544,
1690986499179620352,324.37717,-53.30635,-12.01125,0.99867,0.04993,0.00194,-0.01276,
1690986499279435520,325.52791,-53.61569,-11.10923,0.99728,0.06777,0.00649,-0.02830,
1690986499379057152,330.70493,-57.48069,-10.40193,0.99556,0.08315,0.02329,-0.03753,
1690986499479276800,331.88508,-54.11902,-14.23026,0.99574,0.06037,0.01359,-0.06837,
1690986499579291136,329.37951,-54.05345,-13.19798,0.99530,0.05860,0.03386,-0.06928,
1690986499679757568,334.25968,-55.07096,-13.18853,0.99566,0.04783,0.02768,-0.07492,
1690986499779169280,333.63519,-54.90218,-13.90818,0.99631,0.03415,0.02776,-0.07366,
1690986499879872000,327.79749,-54.08411,-12.27940,0.99618,0.03664,0.01047,-0.07862,
1690986499979369216,328.13389,-53.84805,-12.36478,0.99660,0.03584,0.00068,-0.07417,
1690986500079830272,328.16964,-54.02896,-13.21905,0.99718,0.03799,0.00873,-0.06414,
1690986500179142144,328.28360,-54.20551,-12.55819,0.99791,0.02449,0.01682,-0.05742,
1690986500379643392,330.04256,-54.68343,-12.46622,0.99721,0.02924,0.02202,-0.06504,
1690986500479758848,328.89202,-54.38568,-12.49099,0.99614,0.03059,0.01850,-0.08021,
1690986500579439360,330.33897,-54.43420,-12.69896,0.99507,0.03105,0.03098,-0.08898,
1690986500679729408,329.49414,-54.21447,-12.42358,0.99428,0.03624,0.03512,-0.09414,
1690986500779597824,329.45129,-54.11560,-12.03510,0.99471,0.02354,0.01559,-0.09880,
1690986500879541504,332.05418,-54.79608,-13.28819,0.99597,0.02471,0.00999,-0.08566,
1690986501179524096,329.95531,-54.51590,-12.90331,0.99673,0.03927,0.00856,-0.07010,
1690986501479291904,330.94435,-55.15113,-12.91418,0.99751,0.02564,0.00541,-0.06542,
1690986501579246848,330.52260,-54.88565,-12.69104,0.99593,0.03486,0.00413,-0.08300,
1690986501679351296,334.48416,-58.41756,-13.04115,0.99475,0.04136,0.03473,-0.08689,
1690986501779010816,334.94392,-56.37930,-14.22448,0.99513,0.03591,0.03203,-0.08602,
1690986501879368960,330.92657,-55.22427,-12.99833,0.99601,0.03463,0.01674,-0.08047,
1690986502079171072,330.30778,-54.35277,-12.93214,0.99654,0.03825,0.01669,-0.07185,
1690986502179198464,331.65934,-55.40088,-12.61847,0.99661,0.04841,0.02289,-0.06243,
1690986502279130624,331.81480,-55.39503,-12.80016,0.99760,0.03006,0.02715,-0.05609,
1690986502379328000,332.08450,-55.75902,-12.74408,0.99819,0.03175,0.01984,-0.04713,
1690986502479270912,331.91593,-55.65076,-12.67101,0.99829,0.03089,0.01456,-0.04734,
1690986502579235328,332.56039,-55.77980,-12.90324,0.99765,0.04006,0.01564,-0.05326,
1690986502679439104,332.26305,-55.57608,-12.96258,0.99651,0.04759,0.03271,-0.06026,
1690986502779755520,333.59564,-55.49156,-12.15346,0.99552,0.04668,0.04786,-0.06679,
1690986502880682496,333.03464,-55.41769,-11.64080,0.99703,0.03621,0.01756,-0.06560,
1690986503079470592,333.28976,-55.41046,-12.76965,0.99767,0.02954,0.01256,-0.06027,
1690986503179230720,333.24264,-55.42588,-12.75514,0.99805,0.03055,0.02023,-0.05060,
1690986503279732736,333.65668,-55.60137,-11.75137,0.99852,0.01956,0.03680,-0.03503,
1690986503379492352,335.65443,-56.11577,-11.85786,0.99912,0.00590,0.03102,-0.02767,
1690986503479653888,337.41951,-55.91918,-13.83356,0.99950,-0.00997,0.01265,-0.02706,
1690986503579730944,336.85687,-56.14687,-11.81617,0.99958,-0.00546,0.00612,-0.02784,
1690986503679899136,334.83767,-56.15931,-13.16394,0.99894,0.01644,-0.00133,-0.04299,
1690986503779406592,334.97333,-55.71268,-12.60922,0.99789,0.03387,0.02749,-0.04816,
1690986503879945472,334.47837,-55.52409,-11.63148,0.99715,0.04157,0.02101,-0.05932,
1690986503979751168,334.80646,-55.08841,-11.69644,0.99784,0.03647,-0.00223,-0.05458,
1690986504079598336,335.41306,-55.77307,-12.86911,0.99838,0.03216,-0.02059,-0.04218,
1690986504279353344,335.53628,-55.89070,-12.90255,0.99861,0.03734,-0.00877,-0.03622,
1690986504380213760,335.52929,-55.99178,-12.39889,0.99900,0.02525,-0.00529,-0.03647,
1690986504679202304,335.73100,-55.92777,-12.11585,0.99847,0.03480,-0.00393,-0.04269,
1690986504779854080,335.82038,-55.99819,-12.22803,0.99870,0.02380,0.00187,-0.04509,
1690986504879499520,337.09908,-56.26704,-11.40314,0.99817,0.03159,0.02310,-0.04604,
1690986504979604992,336.47813,-55.57792,-11.16476,0.99860,0.02513,-0.00710,-0.04595,
1690986505079168256,336.46761,-55.66755,-12.74703,0.99883,0.02373,-0.02366,-0.03495,
1690986505179371008,337.00358,-55.88413,-13.23312,0.99916,0.01265,-0.03009,-0.02460,
1690986505279639296,337.78445,-55.84874,-12.01476,0.99948,0.01574,-0.01990,-0.01988,
1690986505379252480,337.12414,-56.22420,-12.35409,0.99938,0.03354,-0.00640,-0.00909,
1690986505579407360,337.15325,-56.32333,-11.97072,0.99949,0.02408,-0.00704,-0.01997,
1690986505679218176,339.53976,-56.01174,-12.01445,0.99911,0.01368,-0.02362,-0.03216,
1690986505779258624,338.59240,-56.29843,-12.85837,0.99892,0.02225,-0.01958,-0.03575,
1690986505879486464,338.48465,-55.70806,-12.38925,0.99849,0.03116,0.00711,-0.04469,
1690986505979018752,337.69115,-55.92837,-11.85782,0.99824,0.03154,0.00607,-0.04975,
1690986506179268608,339.38148,-55.42404,-12.03435,0.99873,0.02437,-0.00952,-0.04303,
1690986506379270912,338.60861,-56.08058,-12.38043,0.99829,0.04799,-0.00468,-0.03299,
1690986506579332096,339.06577,-56.22375,-12.14882,0.99891,0.04170,0.00527,-0.02008,
1690986506779396096,339.10677,-56.67916,-12.13441,0.99869,0.04883,0.00201,-0.01537,
1690986506879746048,338.80041,-56.40749,-12.41210,0.99837,0.04553,0.01414,-0.03154,
1690986506980946176,339.38488,-56.18401,-11.38338,0.99787,0.05428,0.00877,-0.03524,
1690986507179442944,339.62652,-56.00968,-12.02360,0.99851,0.03944,-0.00003,-0.03770,
1690986507279433472,339.89000,-56.05841,-12.47158,0.99901,0.02556,-0.00052,-0.03628,
1690986507379851264,339.77190,-56.39093,-12.27415,0.99842,0.03619,0.01462,-0.04034,
1690986507479341824,339.96161,-56.45270,-12.10265,0.99749,0.04401,0.04095,-0.03749,
1690986507579097088,342.84106,-57.26898,-12.53736,0.99797,0.03083,0.04233,-0.03619,
1690986507679609088,346.85190,-56.60251,-14.06703,0.99818,0.02405,0.03704,-0.04096,
1690986507779204352,345.17811,-57.33904,-14.57217,0.99735,0.02304,0.03698,-0.05818,
1690986507879621632,343.49149,-57.12849,-13.70541,0.99579,0.05046,0.03606,-0.06751,
1690986507979461888,342.08868,-56.62561,-12.97123,0.99382,0.05691,0.05077,-0.08064,
1690986508079281920,342.43875,-56.35908,-12.15979,0.99415,0.04526,0.03775,-0.09054,
1690986508179373824,342.79987,-56.53571,-12.57016,0.99491,0.04533,0.01617,-0.08851,
1690986508279502080,342.96947,-56.77764,-13.13531,0.99527,0.04413,0.00256,-0.08651,
1690986508480246528,343.45721,-56.68410,-12.96423,0.99562,0.05631,0.00822,-0.07414,
1690986508681526784,344.11744,-57.01718,-12.75602,0.99738,0.03263,0.01338,-0.06316,
1690986508779609600,343.49414,-57.25059,-12.48947,0.99702,0.03523,-0.00203,-0.06863,
1690986508879597312,343.93462,-57.50747,-13.44622,0.99674,0.02876,-0.00483,-0.07526,
1690986508979081472,343.78917,-57.09235,-13.09510,0.99491,0.03237,0.00815,-0.09511,
1690986509079652608,344.05691,-56.83169,-12.69251,0.99266,0.04201,0.02882,-0.10970,
1690986509179763712,346.93378,-58.12958,-13.59980,0.99317,0.03210,0.02052,-0.11028,
1690986509279753984,344.59464,-56.88881,-12.84756,0.99405,0.03995,0.01674,-0.09990,
1690986509379501056,344.77525,-57.06535,-12.99614,0.99532,0.03590,-0.00094,-0.08976,
1690986509479261440,344.71851,-57.42148,-13.21619,0.99562,0.04101,-0.00760,-0.08365,
1690986509579975680,344.89930,-57.24016,-13.11433,0.99572,0.04522,0.02295,-0.07731,
1690986509679068928,344.83243,-57.00230,-12.42471,0.99734,0.02380,0.01811,-0.06647,
1690986509779012352,345.23187,-57.64127,-12.49156,0.99792,0.01828,0.00672,-0.06153,
1690986509879400960,350.80868,-57.85627,-13.68156,0.99768,0.01095,0.00026,-0.06723,
1690986509979536384,348.68425,-57.64210,-14.38512,0.99671,0.00662,0.00009,-0.08079,
1690986510079957248,346.48689,-57.27465,-13.52088,0.99617,0.01042,0.01356,-0.08570,
1690986510179178496,346.69722,-57.05138,-12.44323,0.99594,0.01636,0.01726,-0.08685,
1690986510279256832,347.32361,-57.68793,-12.63183,0.99624,0.01456,-0.00742,-0.08503,
1690986510379489536,347.04668,-57.37940,-13.58561,0.99645,0.00792,-0.02475,-0.08010,
1690986510479437312,347.41795,-57.24662,-13.85876,0.99665,-0.00897,-0.03126,-0.07502,
1690986510579451904,347.26169,-57.31209,-13.74265,0.99802,-0.00107,-0.02025,-0.05949,
1690986510679125248,347.32726,-57.48110,-13.11950,0.99874,-0.01529,-0.01087,-0.04650,
1690986510780076544,347.88489,-58.15094,-13.57147,0.99887,-0.01826,-0.01188,-0.04216,
1690986510879870208,347.96762,-58.27714,-13.13831,0.99913,0.00536,-0.01155,-0.03974,
1690986510979917056,348.01683,-58.08097,-13.01972,0.99840,0.01492,-0.02340,-0.04920,
1690986511079665152,347.87772,-57.83177,-13.25496,0.99662,0.02530,-0.02945,-0.07245,
1690986511179552512,348.29040,-57.48850,-12.90436,0.99567,0.03589,-0.00908,-0.08528,
1690986511282023424,348.89915,-57.57315,-12.33624,0.99490,0.02638,-0.02542,-0.09398,
1690986511379229184,348.45928,-57.51240,-13.25151,0.99468,0.01306,-0.03695,-0.09530,
1690986511479383552,348.82816,-57.79180,-13.27044,0.99477,0.01268,-0.04845,-0.08900,
1690986511579256576,348.62362,-57.90658,-13.80672,0.99454,0.01760,-0.05351,-0.08786,
1690986511679996928,349.27840,-58.18757,-14.05091,0.99558,0.03643,-0.00996,-0.08603,
1690986511779640832,350.39883,-58.24505,-13.69924,0.99613,0.02636,-0.00102,-0.08384,
1690986511879198208,349.78625,-58.05674,-13.01729,0.99625,0.02437,-0.01205,-0.08210,
1690986511979343616,349.47220,-58.34656,-13.57125,0.99580,0.02822,-0.02089,-0.08456,
1690986512079203072,350.09995,-58.29232,-14.13929,0.99452,0.02491,-0.02774,-0.09764,
1690986512179231232,350.12993,-58.15710,-13.62433,0.99347,0.03760,-0.01518,-0.10663,
1690986512279303424,353.06736,-58.94249,-12.99930,0.99284,0.05386,0.01666,-0.10532,
1690986512379156224,350.07282,-57.90759,-13.56916,0.99337,0.04271,0.01035,-0.10627,
1690986512479657728,350.53389,-58.03568,-13.14949,0.99501,0.03529,0.00087,-0.09331,
1690986512580111616,350.71445,-58.34861,-13.39236,0.99590,0.02523,-0.00156,-0.08689,
1690986512779664384,350.78899,-58.40671,-13.45026,0.99613,0.03445,-0.00824,-0.08040,
1690986512979399680,351.35267,-58.57943,-13.63368,0.99663,0.02459,-0.01102,-0.07747,
1690986513079178496,351.01368,-58.41273,-13.66390,0.99577,0.03405,-0.01020,-0.08469,
1690986513179107840,351.77757,-58.67012,-13.82855,0.99595,0.03671,0.00122,-0.08210,
1690986513383194624,352.31376,-59.12213,-13.41383,0.99550,0.03812,0.01355,-0.08567,
1690986513480221184,355.45128,-60.00752,-14.10758,0.99591,0.03638,0.01556,-0.08126,
1690986513582451712,352.26947,-58.76335,-13.76876,0.99683,0.03281,-0.00291,-0.07244,
1690986513682217216,352.27857,-58.90898,-13.84891,0.99659,0.02183,-0.00719,-0.07925,
1690986513779198464,352.81319,-58.65896,-14.00001,0.99712,0.02489,0.00423,-0.07150,
1690986513979452160,353.26641,-59.27043,-13.56400,0.99756,0.02453,0.02039,-0.06208,
1690986514079630336,353.52522,-59.07640,-14.32259,0.99686,0.02531,0.02743,-0.06984,
1690986514179686912,353.68045,-59.20306,-14.26171,0.99652,0.03103,0.01695,-0.07544,
1690986514279736576,353.47225,-59.25358,-14.08701,0.99589,0.03042,0.02201,-0.08248,
1690986514379865088,352.45864,-58.91857,-13.82286,0.99424,0.04364,0.03046,-0.09301,
1690986514479726848,353.72205,-58.65790,-13.13314,0.99466,0.03642,0.01003,-0.09604,
1690986514579316480,353.77251,-58.76812,-13.93137,0.99559,0.03034,0.00471,-0.08865,
1690986514679336192,354.40306,-58.70261,-14.23080,0.99651,0.02621,-0.00593,-0.07903,
1690986514779622656,353.85346,-58.99067,-14.06093,0.99710,0.02708,-0.00844,-0.07059,
1690986514879683072,354.12965,-58.96042,-13.94388,0.99817,0.03412,0.01079,-0.04876,
1690986514979402496,354.38002,-59.69280,-13.35059,0.99892,0.02049,0.01090,-0.04015,
1690986515179624704,354.78869,-59.57910,-13.70560,0.99911,0.00976,-0.00357,-0.04089,
1690986515280021504,355.52333,-59.45556,-14.14247,0.99841,0.02165,-0.00091,-0.05208,
1690986515380542976,354.74994,-59.32986,-14.03234,0.99713,0.02777,0.01022,-0.06973,
1690986515479555840,355.93934,-59.46523,-13.84051,0.99567,0.04468,0.03060,-0.07553,
1690986515579984896,358.23650,-59.67459,-14.28090,0.99553,0.04428,0.02675,-0.07901,
1690986515682433280,355.84427,-59.25462,-14.22955,0.99678,0.02986,0.00859,-0.07391,
1690986515780025344,356.48598,-59.59420,-14.38243,0.99697,0.03713,-0.00392,-0.06825,
1690986515879789056,356.21548,-59.45855,-14.46168,0.99624,0.06628,0.00144,-0.05568,
1690986515979415808,355.92847,-59.40001,-14.17216,0.99639,0.06929,0.02096,-0.04436,
1690986516079413504,355.99603,-59.81071,-13.76463,0.99783,0.05028,0.02179,-0.03646,
1690986516281281024,356.38538,-59.83590,-13.95943,0.99809,0.04386,0.01821,-0.03948,
1690986516379284224,356.77050,-60.21376,-14.44292,0.99698,0.04684,0.02142,-0.05815,
1690986516480429056,356.55927,-59.80795,-14.10218,0.99503,0.06364,0.03935,-0.06569,
1690986516580059392,356.92634,-59.42730,-13.17258,0.99420,0.06737,0.04395,-0.07139,
1690986516680350720,356.77906,-59.56303,-12.92007,0.99573,0.04674,0.01841,-0.07750,
1690986516781695744,357.11647,-59.59232,-13.98580,0.99718,0.03841,-0.01305,-0.06313,
1690986516879388416,357.39754,-59.93196,-14.54426,0.99690,0.01665,-0.03287,-0.06954,
1690986516979157248,357.58632,-59.59217,-15.05877,0.99703,0.03700,-0.02648,-0.06206,
1690986517079320320,357.50682,-59.85264,-14.04698,0.99782,0.04204,-0.00266,-0.05080,
1690986517279746816,357.70381,-60.04653,-13.97383,0.99812,0.03145,-0.00127,-0.05263,
1690986517379718144,357.96343,-60.05019,-14.32519,0.99700,0.03237,-0.01004,-0.06954,
1690986517479503360,359.25461,-60.33939,-14.79212,0.99622,0.04531,0.00107,-0.07410,
1690986517579574272,358.11925,-59.93643,-13.72909,0.99503,0.04200,0.03376,-0.08369,
1690986517679233280,361.08833,-61.97939,-14.04902,0.99576,0.03215,0.03104,-0.08040,
1690986517780653568,363.31999,-62.00352,-15.81795,0.99704,0.01826,0.01607,-0.07295,
1690986517879262976,360.41372,-60.75605,-13.94973,0.99755,0.01653,0.01896,-0.06524,
1690986517979142400,360.19914,-60.72709,-14.91503,0.99796,0.00744,-0.00302,-0.06332,
1690986518079906816,360.01557,-60.38449,-14.64226,0.99827,0.02285,0.02102,-0.04998,
1690986518179474944,359.84229,-60.61849,-14.07224,0.99851,0.01230,0.03318,-0.04149,
1690986518279796224,361.40466,-60.94902,-14.69171,0.99917,0.00587,0.02915,-0.02774,
1690986518379382272,361.05368,-61.37711,-14.51691,0.99934,-0.00167,0.02033,-0.02991,
1690986518479359232,360.84616,-61.32055,-14.81164,0.99942,-0.00822,0.01194,-0.03078,
1690986518579522816,362.01362,-61.54550,-15.69062,0.99851,0.00821,0.02844,-0.04586,
1690986518679252736,365.47226,-64.36211,-15.30170,0.99640,0.03536,0.05294,-0.05590,
1690986518779476224,364.11062,-61.51442,-16.04966,0.99728,0.03048,0.03354,-0.05812,
1690986518879566848,362.03387,-61.01909,-14.58482,0.99802,0.02756,0.02222,-0.05194,
1690986518979344896,362.22024,-61.16220,-14.89717,0.99859,0.02639,0.01100,-0.04468,
1690986519079661568,362.38696,-61.32636,-15.12478,0.99919,0.02871,-0.00090,-0.02804,
1690986519179488256,362.71028,-61.59016,-14.82217,0.99835,0.05102,0.02109,-0.01560,
1690986519279194880,362.51661,-62.13272,-14.48888,0.99837,0.05301,0.01827,-0.01076,
1690986519379444480,363.35957,-62.09267,-14.54002,0.99892,0.04380,0.00795,-0.01333,
1690986519480312576,363.69151,-61.85504,-15.26250,0.99893,0.03389,0.00697,-0.03063,
1690986519579063040,363.44698,-61.86810,-15.31673,0.99749,0.04730,0.01588,-0.05018,
1690986519679669504,363.38177,-61.80611,-15.05979,0.99510,0.05126,0.03819,-0.07538,
1690986519779651584,366.80865,-62.46032,-15.63473,0.99402,0.04647,0.04560,-0.08762,
1690986519879230464,367.14073,-63.36465,-16.39695,0.99435,0.04261,0.02741,-0.09331,
1690986519979424768,369.85497,-62.04130,-16.52414,0.99424,0.03951,0.02461,-0.09657,
1690986520179217408,365.53533,-62.11934,-15.20265,0.99352,0.07108,0.01527,-0.08734,
1690986520379433728,365.50425,-62.48038,-15.18094,0.99533,0.04661,0.03014,-0.07894,
1690986520579173120,365.68654,-62.63532,-15.01391,0.99589,0.04349,0.02057,-0.07678,
1690986520679526144,365.66265,-62.46823,-15.28880,0.99484,0.04380,0.02327,-0.08846,
1690986520780390656,366.07256,-61.95673,-15.08303,0.99345,0.05500,0.04400,-0.08993,
1690986520879510272,366.11896,-61.89169,-14.51765,0.99407,0.05392,0.03784,-0.08653,
1690986520979335680,367.40705,-62.03540,-14.64543,0.99545,0.04733,0.03061,-0.07680,
1690986521079638272,366.71052,-62.60819,-15.31905,0.99693,0.03657,0.02283,-0.06529,
1690986521179282944,366.71088,-62.74983,-15.71487,0.99795,0.02330,0.01339,-0.05816,
1690986521280192512,366.73251,-62.65988,-15.56461,0.99733,0.04350,0.02353,-0.05380,
1690986521380071936,366.88932,-62.39858,-14.86655,0.99750,0.04347,0.03443,-0.04387,
1690986521479614976,366.86908,-62.69525,-15.06773,0.99850,0.02701,0.02470,-0.04068,
1690986521679277568,367.97376,-63.00164,-15.95998,0.99895,0.02096,0.00924,-0.03980,
1690986521779734016,367.53512,-63.04756,-15.63067,0.99769,0.03237,0.02116,-0.05588,
1690986521879451392,368.12125,-63.02880,-14.84880,0.99569,0.05119,0.04678,-0.06162,
1690986521979561472,371.78069,-63.67420,-17.05168,0.99534,0.05001,0.03955,-0.07241,
1690986522079785984,367.67522,-62.75058,-15.69849,0.99607,0.04666,0.03162,-0.06826,
1690986522282731264,368.61999,-62.84243,-15.67357,0.99661,0.04668,0.03492,-0.05800,
1690986522379224064,368.48709,-62.97513,-15.52780,0.99657,0.04774,0.04058,-0.05404,
1690986522479222528,368.64291,-63.05022,-15.51508,0.99694,0.04650,0.04452,-0.04432,
1690986522679347712,369.20407,-63.33851,-15.47034,0.99701,0.05419,0.03303,-0.04404,
1690986522779205888,369.37817,-63.46291,-15.75817,0.99748,0.04091,0.02008,-0.05443,
1690986522979163648,369.92947,-63.98618,-15.39726,0.99616,0.03723,0.03120,-0.07278,
1690986523079803136,370.06710,-63.05690,-15.41558,0.99733,0.03358,0.02168,-0.06113,
1690986523179716096,369.94086,-63.18435,-15.75406,0.99777,0.03547,0.01554,-0.05438,
1690986523379211264,369.77313,-63.28036,-15.68923,0.99765,0.04816,0.01899,-0.04491,
1690986523479208192,370.01143,-63.24908,-15.60330,0.99749,0.04791,0.03824,-0.03547,
1690986523579899904,369.04127,-63.20107,-15.61592,0.99855,0.02977,0.03263,-0.03067,
1690986523679469056,370.18556,-63.69210,-15.27918,0.99910,0.03032,0.01727,-0.02410,
1690986523879102208,370.47977,-64.13130,-15.41347,0.99861,0.02597,0.02229,-0.04019,
1690986523979223808,370.71174,-63.49677,-15.93195,0.99798,0.02911,0.03617,-0.04342,
1690986524079469568,370.70585,-63.36412,-15.29498,0.99736,0.03788,0.03911,-0.04798,
1690986524179474176,371.20592,-63.48866,-14.87221,0.99770,0.03498,0.02484,-0.05243,
1690986524279396608,370.93708,-63.52966,-15.86783,0.99766,0.03319,0.03321,-0.04967,
1690986524479326208,370.95585,-63.48134,-15.45583,0.99742,0.04176,0.02606,-0.05225,
1690986524679240704,371.39224,-63.64664,-15.42815,0.99823,0.02665,0.03248,-0.04208,
1690986524879505664,372.43688,-64.32037,-15.42899,0.99754,0.03921,0.02786,-0.05096,
1690986524979452160,371.71881,-64.06347,-15.93351,0.99637,0.03941,0.03334,-0.06762,
1690986525079412480,371.98272,-63.55356,-15.17449,0.99429,0.05007,0.04899,-0.08049,
1690986525179726080,373.09819,-63.68333,-14.66046,0.99435,0.04437,0.04155,-0.08708,
1690986525279351808,372.53568,-63.79017,-15.55138,0.99445,0.03697,0.03789,-0.09089,
1690986525479289088,373.58948,-63.01254,-15.65471,0.99506,0.03681,0.03095,-0.08679,
1690986525579532800,372.21555,-63.42830,-15.52312,0.99251,0.05956,0.07894,-0.07180,
1690986525679485440,372.72614,-64.35689,-14.50830,0.99540,0.05271,0.05015,-0.06229,
1690986525779309824,372.94727,-64.54714,-14.60290,0.99573,0.05528,0.04199,-0.06078,
1690986525879509504,372.95775,-64.55360,-14.72141,0.99604,0.04532,0.02713,-0.07146,
1690986525979760640,373.18843,-64.02672,-15.47585,0.99470,0.05038,0.02516,-0.08597,
1690986526079591424,373.54320,-63.78178,-15.31582,0.99252,0.06903,0.04344,-0.09087,
1690986526179100160,373.36428,-63.80653,-14.76582,0.99243,0.06619,0.04192,-0.09459,
1690986526279174400,375.68848,-64.16179,-14.97765,0.99347,0.06495,0.03452,-0.08719,
1690986526379459840,374.14086,-64.02065,-15.28387,0.99500,0.06551,0.02590,-0.07081,
1690986526579309056,374.40041,-64.08286,-15.18754,0.99577,0.06476,0.03660,-0.05393,
1690986526679405568,374.47555,-64.17861,-15.15348,0.99695,0.04793,0.04130,-0.04569,
1690986526779328256,374.59023,-64.46443,-14.81851,0.99852,0.02466,0.02977,-0.03824,
1690986526879770368,375.15703,-64.90037,-15.19514,0.99858,0.03242,0.02078,-0.03684,
1690986526979388928,375.07958,-64.75250,-15.55489,0.99845,0.02598,0.01714,-0.04616,
1690986527079351040,375.02010,-64.52060,-15.24131,0.99809,0.02873,0.01648,-0.05218,
1690986527179684096,375.12976,-64.06767,-14.91856,0.99703,0.04378,0.03142,-0.05499,
1690986527279288832,375.45055,-64.48583,-14.27749,0.99751,0.03521,0.02055,-0.05753,
1690986527379353600,375.50787,-64.19113,-15.12088,0.99812,0.02861,0.00880,-0.05350,
1690986527480278016,375.67725,-64.31337,-15.18824,0.99832,0.02789,-0.00855,-0.04996,
1690986527579553536,375.86997,-64.32450,-15.37331,0.99832,0.03029,-0.00340,-0.04933,
1690986527679841024,375.95275,-64.36694,-15.31493,0.99822,0.04155,0.01440,-0.04026,
1690986527779301632,376.04641,-64.50884,-15.13891,0.99829,0.02854,0.03623,-0.03588,
1690986527883009280,375.86651,-64.68364,-14.40341,0.99876,0.01606,0.03092,-0.03549,
1690986528079149568,376.17490,-65.07654,-14.95065,0.99845,0.02803,0.01907,-0.04425,
1690986528180333056,376.33401,-64.81170,-15.19533,0.99734,0.02867,0.02507,-0.06221,
1690986528279494656,376.56322,-64.14989,-14.67402,0.99575,0.04341,0.03774,-0.07190,
1690986528379124480,376.45718,-63.98602,-14.37448,0.99591,0.04576,0.02054,-0.07509,
1690986528479660544,377.19082,-64.21422,-15.49211,0.99660,0.02876,0.02541,-0.07289,
1690986528579252736,377.44727,-64.59621,-15.37500,0.99780,0.03051,0.02177,-0.05474,
1690986528679510016,377.43623,-64.53861,-15.03710,0.99706,0.04263,0.03578,-0.05267,
1690986528779460864,379.45065,-64.36398,-15.54707,0.99687,0.04763,0.04722,-0.04192,
1690986528882219264,379.47905,-64.28343,-15.60173,0.99822,0.02905,0.03789,-0.03574,
1690986528979189248,379.65415,-64.47077,-14.84156,0.99826,0.02402,0.03009,-0.04457,
1690986529079142400,378.65154,-64.87249,-15.83656,0.99803,0.01640,0.02343,-0.05580,
1690986529179195904,378.53058,-64.47473,-15.10330,0.99628,0.04119,0.03024,-0.06937,
1690986529279667200,378.70726,-64.63785,-15.17052,0.99423,0.04761,0.06256,-0.07300,
1690986529379263232,379.22324,-64.76258,-14.32126,0.99470,0.04027,0.04580,-0.08276,
1690986529479369472,379.09019,-64.47399,-14.93138,0.99537,0.03851,0.02967,-0.08292,
1690986529581671680,379.38525,-64.80496,-15.42469,0.99607,0.03211,0.01073,-0.08180,
1690986529679266560,379.51490,-64.78198,-15.44309,0.99531,0.03014,0.01946,-0.08979,
1690986529779341568,379.46969,-64.71077,-15.13778,0.99571,0.03552,0.02435,-0.08191,
1690986529879426048,379.62444,-64.71092,-15.16947,0.99629,0.04014,0.02433,-0.07215,
1690986529979844352,379.74148,-64.78945,-15.12064,0.99676,0.03182,0.01849,-0.07156,
1690986530079777280,379.80454,-64.88383,-15.17889,0.99610,0.03980,0.01224,-0.07778,
1690986530179517440,380.11114,-64.75736,-15.30487,0.99578,0.04832,0.01610,-0.07637,
1690986530279807232,380.14250,-64.85147,-15.40796,0.99575,0.03123,0.01349,-0.08561,
1690986530379688960,380.32297,-64.88437,-15.31920,0.99527,0.03480,0.02259,-0.08784,
1690986530579361536,380.31139,-64.97849,-15.18724,0.99599,0.03693,0.03525,-0.07343,
1690986530679856384,380.58352,-65.01583,-15.27120,0.99784,0.01830,0.03044,-0.05530,
1690986530781888000,380.59023,-65.49682,-15.36885,0.99773,0.01490,0.04299,-0.04965,
1690986530879911936,381.92820,-65.58258,-15.60474,0.99750,0.02593,0.05060,-0.04199,
1690986530979305472,380.72022,-65.35645,-14.83061,0.99786,0.03351,0.04443,-0.03419,
1690986531079397888,381.17219,-65.40004,-15.39556,0.99824,0.02959,0.03958,-0.03272,
1690986531179438080,381.11967,-65.47238,-15.28282,0.99859,0.02016,0.02784,-0.04033,
1690986531279530240,381.75044,-65.29587,-15.43214,0.99774,0.03411,0.03978,-0.04202,
1690986531379495936,381.43094,-65.29451,-15.12689,0.99775,0.02859,0.04272,-0.04304,
1690986531479618816,381.72583,-65.17533,-15.28826,0.99711,0.04423,0.05169,-0.03380,
1690986531579345920,383.39610,-65.70385,-15.45197,0.99783,0.04241,0.03975,-0.03097,
1690986531679542016,382.08334,-65.33762,-15.43610,0.99862,0.03928,0.03142,-0.01501,
1690986531779306752,382.08208,-65.38385,-15.59323,0.99924,0.02800,0.02561,-0.00857,
1690986531879710208,382.25851,-65.68423,-15.35108,0.99948,0.01892,0.02588,-0.00218,
1690986531979937536,382.32635,-65.59261,-15.54087,0.99848,0.02727,0.04769,0.00321,
1690986532079204864,385.55966,-65.54029,-16.01818,0.99808,0.02724,0.05566,-0.00132,
1690986532179367424,382.86860,-65.77677,-15.06469,0.99887,0.01928,0.04194,-0.01130,
1690986532279815936,382.91803,-65.70187,-15.56688,0.99918,0.00641,0.03081,-0.02546,
1690986532379804160,383.25928,-65.68420,-15.65874,0.99853,0.01144,0.02965,-0.04390,
1690986532479740672,383.34064,-65.74505,-15.28827,0.99694,0.03730,0.04453,-0.05239,
1690986532580290816,383.65619,-65.72759,-15.41835,0.99658,0.03537,0.03846,-0.06403,
1690986532682736896,383.42141,-65.57675,-14.96647,0.99670,0.03004,0.01659,-0.07353,
1690986532780399872,383.47026,-65.44083,-15.33938,0.99699,0.02588,0.00853,-0.07261,
1690986532879323904,383.60166,-65.74175,-15.61546,0.99688,0.01453,0.00633,-0.07727,
1690986532979364608,383.76175,-65.74022,-15.64666,0.99704,0.01582,0.00702,-0.07489,
1690986533079365120,384.02023,-65.93000,-15.71790,0.99669,0.02498,0.02541,-0.07310,
1690986533179340800,383.94696,-65.89392,-15.44506,0.99629,0.03767,0.02300,-0.07384,
1690986533279827456,383.72862,-65.77105,-15.60583,0.99530,0.03668,0.02799,-0.08517,
1690986533379273728,383.95680,-65.95798,-15.31947,0.99480,0.03591,0.01985,-0.09322,
1690986533479538432,384.08433,-65.98445,-15.39277,0.99315,0.02911,0.02095,-0.11121,
1690986533579819520,384.12135,-65.95755,-15.43703,0.99136,0.01825,0.02372,-0.12772,
1690986533779278592,384.35752,-65.93981,-15.56901,0.98877,0.02578,0.03336,-0.14338,
1690986533879297280,384.44309,-65.88732,-15.54169,0.98790,0.03195,0.04613,-0.14459,
1690986533979296000,384.71588,-65.85948,-15.40732,0.98727,0.03781,0.05320,-0.14502,
1690986534080249856,385.00360,-65.86035,-15.24018,0.98989,0.02148,0.04036,-0.13430,
1690986534179363840,385.03838,-65.83311,-15.59315,0.99180,0.00583,0.04240,-0.12045,
1690986534279631360,384.92190,-66.01271,-15.68322,0.99358,0.01172,0.04992,-0.10084,
1690986534379682816,384.60439,-65.85945,-15.54876,0.99526,0.01464,0.05215,-0.08073,
1690986534479265536,384.92317,-66.44393,-15.18903,0.99692,0.02808,0.04478,-0.05794,
1690986534579353088,384.74004,-66.26648,-15.78738,0.99671,0.01529,0.03709,-0.07047,
1690986534679423488,385.31474,-66.61690,-16.22392,0.99516,0.03684,0.04059,-0.08160,
1690986534779708416,384.86888,-66.32824,-15.88090,0.99322,0.04787,0.06658,-0.08234,
1690986534879953920,384.20215,-65.97552,-15.50966,0.99304,0.04461,0.05640,-0.09327,
1690986534979358208,385.39354,-65.90005,-15.31495,0.99297,0.04799,0.05557,-0.09288,
1690986535079729920,386.21394,-66.46513,-15.79979,0.99463,0.03585,0.05080,-0.08273,
1690986535179704064,385.50285,-66.35801,-16.04643,0.99520,0.01854,0.04509,-0.08486,
1690986535279490304,386.90230,-66.57940,-16.07642,0.99454,0.03658,0.06372,-0.07417,
1690986535379312640,386.47740,-66.31519,-14.86407,0.99550,0.04805,0.05108,-0.06369,
1690986535479250688,386.12570,-66.53717,-15.33923,0.99762,0.02870,0.03336,-0.05309,
1690986535579213824,386.54767,-67.09375,-15.94197,0.99747,0.01943,0.01770,-0.06610,
1690986535680182272,387.65051,-67.45011,-16.45667,0.99667,0.04513,0.01400,-0.06651,
1690986535779337728,386.47246,-66.97150,-16.10633,0.99498,0.06956,0.01243,-0.07085,
1690986535879402752,386.71438,-66.49210,-15.48270,0.99385,0.06478,0.03229,-0.08379,
1690986535979592448,386.78480,-66.27001,-14.74222,0.99437,0.05350,0.01487,-0.09029,
1690986536079657472,387.25242,-66.39030,-15.89779,0.99519,0.04813,0.00731,-0.08501,
1690986536179368704,387.31775,-66.58949,-15.96165,0.99624,0.04015,-0.00245,-0.07669,
1690986536279254272,387.34436,-66.78963,-15.99997,0.99675,0.03096,0.00597,-0.07417,
1690986536379405568,387.35548,-66.76452,-15.37683,0.99689,0.04233,0.01183,-0.06539,
1690986536479724544,388.65488,-67.64385,-15.59059,0.99673,0.04943,0.00560,-0.06367,
1690986536579344896,387.82085,-67.03492,-15.78350,0.99682,0.03175,0.00311,-0.07296,
1690986536779743744,387.91943,-66.95104,-15.72957,0.99507,0.02701,0.00494,-0.09526,
1690986536879550464,388.09157,-66.94657,-15.60519,0.99424,0.03062,0.01850,-0.10103,
1690986536979247360,388.35816,-66.77803,-15.53680,0.99441,0.01768,0.01349,-0.10324,
1690986537079485696,388.37121,-66.77212,-15.40805,0.99499,0.00143,-0.00132,-0.09995,
1690986537179130112,388.77169,-67.07408,-15.83484,0.99562,-0.00718,-0.00709,-0.09290,
1690986537280341760,388.79167,-67.31643,-16.13279,0.99617,-0.00116,-0.00621,-0.08718,
1690986537379305728,388.99195,-67.11005,-15.70046,0.99567,0.02416,0.01352,-0.08875,
1690986537479489280,389.22428,-67.21955,-15.83928,0.99627,0.03074,0.01336,-0.07952,
1690986537579463168,388.44131,-67.11792,-15.83144,0.99651,0.02000,0.01030,-0.08042,
1690986537679445504,389.03653,-67.54598,-15.69190,0.99592,0.01922,0.01396,-0.08711,
1690986537779335168,389.27725,-67.48578,-15.97690,0.99487,0.02341,0.01123,-0.09776,
1690986537879397376,389.19208,-67.15284,-15.78520,0.99278,0.02984,0.02035,-0.11442,
1690986537979710464,389.48946,-66.96919,-15.37310,0.99240,0.02622,0.03393,-0.11534,
1690986538079638272,391.18054,-67.38484,-15.37750,0.99311,0.01430,0.02015,-0.11453,
1690986538179277568,389.97935,-67.34108,-15.87323,0.99463,0.01066,0.01278,-0.10218,
1690986538279482368,390.13779,-67.33923,-15.97353,0.99525,0.00478,-0.00161,-0.09721,
1690986538379588352,390.19568,-67.35919,-16.03474,0.99603,0.01184,-0.00410,-0.08811,
1690986538479393024,390.24859,-67.45222,-16.01913,0.99701,0.01231,0.01047,-0.07559,
1690986538579226368,390.25923,-67.78361,-15.15678,0.99728,0.00208,-0.00045,-0.07362,
1690986538679497984,390.80964,-68.19434,-16.05780,0.99689,0.00546,0.00719,-0.07834,
1690986538779533056,390.37160,-67.68239,-16.10147,0.99594,-0.00025,-0.00854,-0.08956,
1690986538878962944,390.66590,-67.71481,-16.09975,0.99401,0.00622,0.00481,-0.10900,
1690986538979024896,391.14253,-67.44712,-15.72635,0.99196,0.00743,0.02174,-0.12444,
1690986539079238400,391.68489,-67.28682,-16.14795,0.99089,-0.00269,0.02998,-0.13124,
1690986539179430912,391.36763,-67.50414,-16.01350,0.99218,0.01083,0.01411,-0.12351,
1690986539279403520,391.45243,-67.63560,-16.12281,0.99265,0.02183,0.01225,-0.11843,
1690986539379122944,391.30210,-67.69407,-15.95952,0.99132,0.03046,0.01290,-0.12725,
1690986539479110912,391.64807,-67.38628,-15.72728,0.99242,0.03561,0.02121,-0.11568,
1690986539579083520,393.33685,-67.35446,-15.74302,0.99262,0.02093,0.02184,-0.11745,
1690986539779544320,392.30898,-67.98801,-16.16003,0.99306,0.02134,0.01405,-0.11481,
1690986539879554560,392.33915,-67.96290,-16.11528,0.99154,0.02246,0.02063,-0.12614,
1690986539979482880,392.40024,-67.84367,-15.78727,0.98951,0.03840,0.03825,-0.13392,
1690986540079270912,392.72813,-67.71865,-15.81313,0.98906,0.04437,0.03101,-0.13723,
1690986540179378688,393.94989,-69.26723,-15.82641,0.98884,0.04088,0.02704,-0.14066,
1690986540279420928,392.98121,-68.02212,-16.02141,0.99007,0.02183,0.02169,-0.13720,
1690986540379595008,393.00800,-68.00466,-15.98508,0.98993,0.01022,0.00009,-0.14122,
1690986540479886336,393.18043,-67.99003,-16.48556,0.99135,0.02142,0.00149,-0.12947,
1690986540579287040,393.34649,-68.09864,-16.04207,0.99224,0.01680,0.01686,-0.12202,
1690986540679174144,393.21115,-68.23953,-15.45976,0.99301,0.01334,0.01145,-0.11668,
1690986540779526400,393.52340,-68.37706,-15.83538,0.99302,0.01989,0.00276,-0.11619,
1690986540879539200,393.80030,-68.26833,-16.24352,0.99340,0.01114,-0.00024,-0.11419,
1690986540979320832,396.38322,-69.75641,-16.97039,0.99197,0.01298,0.00586,-0.12568,
1690986541079185152,396.59474,-69.77660,-16.35889,0.99263,0.02142,0.02418,-0.11676,
1690986541179248896,398.58365,-69.08676,-17.65438,0.99368,0.00272,0.01998,-0.11042,
1690986541279698432,395.27774,-68.97445,-16.46193,0.99525,-0.00340,0.01007,-0.09677,
1690986541379222528,395.29460,-68.73784,-16.52620,0.99540,0.00300,0.01901,-0.09389,
1690986541479464704,395.39811,-68.74284,-16.25534,0.99469,0.02554,0.02891,-0.09542,
1690986541579298560,395.45150,-68.44432,-15.43753,0.99637,0.02286,0.03270,-0.07515,
1690986541679268608,396.60560,-69.22647,-16.70337,0.99710,0.00619,0.03405,-0.06776,
1690986541779386368,395.18176,-68.66856,-16.08371,0.99688,0.00145,0.01038,-0.07826,
1690986541879075072,395.73360,-69.32610,-16.44819,0.99429,-0.00772,-0.00528,-0.10627,
1690986541980839168,396.61415,-68.67699,-16.56718,0.99137,-0.00824,-0.00766,-0.13058,
1690986542079743232,398.34147,-71.28762,-17.03941,0.98997,0.01535,0.02624,-0.13794,
1690986542179717888,396.60311,-69.21186,-15.89732,0.98738,0.02357,0.04591,-0.14972,
1690986542279195136,396.67718,-68.70636,-15.18878,0.98711,0.01959,0.03762,-0.15432,
1690986542379835904,397.05755,-68.66244,-15.19159,0.99073,0.00845,-0.01278,-0.13500,
1690986542479425792,397.05015,-69.27755,-16.90802,0.99204,0.00631,-0.02289,-0.12370,
1690986542579210752,396.60931,-69.36679,-17.22398,0.99283,0.00404,-0.02792,-0.11619,
1690986542681320960,397.03109,-69.19911,-16.92594,0.99505,-0.00716,0.00521,-0.09895,
1690986542779344128,397.49697,-69.78076,-15.43155,0.99448,-0.01683,0.02483,-0.10051,
1690986542880219136,397.44768,-69.55209,-15.55654,0.99508,-0.02848,0.02304,-0.09201,
1690986542979774976,397.39134,-69.47679,-15.91837,0.99575,-0.01464,0.01564,-0.08961,
1690986543079378688,397.44458,-69.88888,-16.21761,0.99552,0.00374,0.02139,-0.09203,
1690986543180493568,397.72375,-69.25337,-15.11981,0.99504,0.00745,0.02082,-0.09694,
1690986543279240960,397.79166,-69.56710,-15.75071,0.99358,0.00605,0.00117,-0.11297,
1690986543379415808,398.00978,-69.09983,-16.36810,0.99358,0.00302,-0.02419,-0.11046,
1690986543479318784,397.88089,-69.42870,-17.03690,0.99452,0.01410,-0.02017,-0.10157,
1690986543579237632,399.71694,-70.11986,-17.02858,0.99531,0.01533,0.01142,-0.09479,
1690986543679676672,400.94904,-69.48299,-17.01422,0.99579,-0.00491,0.02756,-0.08733,
1690986543779462400,398.75744,-69.75826,-15.93653,0.99632,-0.00361,0.02892,-0.08058,
1690986543879410688,398.80848,-69.97616,-15.99256,0.99647,0.00817,0.01366,-0.08243,
1690986543979638784,399.33955,-70.25310,-16.63018,0.99567,0.01086,0.01016,-0.09173,
1690986544079716352,398.88750,-69.58926,-16.14870,0.99398,-0.00045,0.02508,-0.10663,
1690986544179149056,399.20800,-70.19038,-16.10279,0.99204,0.01150,0.02051,-0.12370,
1690986544279359744,399.93318,-69.67687,-16.27536,0.99144,0.01904,0.01843,-0.12784,
1690986544379772672,399.53616,-69.65616,-16.02333,0.99184,0.02338,0.00622,-0.12515,
1690986544479525376,399.70692,-69.85048,-16.28031,0.99332,0.02245,0.00041,-0.11315,
1690986544579303424,399.80024,-69.94045,-16.34329,0.99302,0.00966,-0.01277,-0.11684,
1690986544679133184,399.73321,-69.73245,-16.16273,0.99408,0.00868,-0.01146,-0.10769,
1690986544780146432,400.01588,-69.92309,-16.26801,0.99555,0.00609,-0.00684,-0.09375,
1690986544879283200,400.51702,-70.09886,-16.02197,0.99594,0.00803,-0.01068,-0.08901,
1690986544979384832,400.45043,-70.21115,-16.15919,0.99566,0.01776,-0.00639,-0.09116,
1690986545079424512,400.55945,-70.31607,-16.22346,0.99543,0.02140,-0.00650,-0.09279,
1690986545179253248,400.69692,-70.17943,-16.35276,0.99449,0.02616,-0.00525,-0.10136,
1690986545279884032,401.20540,-70.37679,-16.62860,0.99265,0.03429,0.01423,-0.11522,
1690986545379313152,401.79625,-70.17996,-16.51314,0.99174,0.02335,0.01147,-0.12557,
1690986545479943168,401.16499,-70.28370,-16.14796,0.99062,0.02217,-0.00008,-0.13485,
1690986545580347904,401.42364,-70.04437,-16.21572,0.99128,0.01933,-0.00403,-0.13029,
1690986545679428096,401.41440,-70.27477,-16.62271,0.99079,0.00182,-0.00888,-0.13512,
1690986545779447296,401.95610,-70.08473,-16.47123,0.99381,0.00174,-0.01363,-0.11026,
1690986545879328000,402.17563,-71.03069,-16.76536,0.99524,0.01278,0.00206,-0.09663,
1690986545979245568,401.82613,-70.95296,-16.06574,0.99548,0.01488,0.00450,-0.09368,
1690986546080524032,403.19984,-71.12985,-16.76677,0.99397,-0.00820,0.01134,-0.10878,
1690986546179336192,404.32466,-71.53357,-17.55780,0.99339,-0.01000,0.01394,-0.11347,
1690986546280158208,405.65871,-73.10519,-17.67396,0.99363,0.00158,0.01660,-0.11141,
1690986546379284992,404.14993,-71.54873,-16.97175,0.99369,-0.00082,0.01766,-0.11074,
1690986546479275520,404.17621,-71.72791,-16.90860,0.99368,-0.00260,0.00523,-0.11211,
1690986546579334144,403.53392,-71.15204,-16.79211,0.99401,-0.00058,-0.00528,-0.10916,
1690986546679667712,403.68592,-71.17594,-16.81496,0.99491,0.00894,-0.00356,-0.10026,
1690986546779567104,403.73573,-71.19240,-16.75854,0.99548,0.01104,-0.00094,-0.09431,
1690986546880328448,403.87716,-71.23385,-16.68680,0.99672,0.00645,0.00452,-0.08055,
1690986546979473152,404.04959,-71.30691,-16.69347,0.99710,0.00309,-0.00391,-0.07589,
1690986547079406848,404.16631,-71.56037,-16.79854,0.99719,0.01266,-0.00628,-0.07362,
1690986547179728640,404.25657,-71.52932,-16.83229,0.99583,0.00542,-0.00622,-0.09085,
1690986547279459840,404.42921,-71.39850,-16.79475,0.99398,0.01150,-0.00989,-0.10855,
1690986547379235072,404.45643,-71.08198,-16.32336,0.99409,0.02965,0.00766,-0.10418,
1690986547479174656,404.54071,-71.49292,-16.21813,0.99289,0.03724,0.00482,-0.11294,
1690986547579122688,404.72207,-71.23860,-16.33206,0.99318,0.02990,-0.00734,-0.11247,
1690986547679817216,406.31868,-71.23470,-15.60559,0.99329,0.03221,-0.00982,-0.11068,
1690986547779192064,405.08386,-71.26397,-16.52383,0.99293,0.02066,0.00606,-0.11672,
1690986547879726592,405.55422,-71.27701,-15.94312,0.99352,0.02071,0.00877,-0.11142,
1690986547979234304,405.50405,-71.41234,-16.37513,0.99467,0.01984,0.01016,-0.10068,
1690986548079640576,405.73470,-71.51372,-16.15467,0.99509,0.01412,0.00511,-0.09781,
1690986548179505152,405.91754,-71.63919,-16.15401,0.99533,-0.00112,-0.00493,-0.09645,
1690986548279496192,405.81591,-71.77997,-16.38243,0.99521,0.00133,-0.01116,-0.09716,
1690986548379103488,405.99101,-71.73920,-16.48498,0.99436,-0.00301,-0.00765,-0.10571,
1690986548479608064,406.19009,-71.55388,-16.28416,0.99446,0.00008,0.00913,-0.10468,
1690986548579299328,406.14314,-71.56269,-15.76696,0.99430,-0.00552,-0.01693,-0.10509,
1690986548680048384,406.97809,-71.95073,-16.95899,0.99474,0.00799,-0.02102,-0.09993,
1690986548779522560,407.23497,-71.86164,-16.73262,0.99458,0.01724,-0.00230,-0.10254,
1690986548879506432,406.07330,-71.53996,-16.59328,0.99409,0.00005,0.00656,-0.10835,
1690986548979631104,407.37839,-71.65887,-16.35618,0.99544,-0.00775,0.00935,-0.09463,
1690986549079204096,408.08396,-71.93994,-16.78667,0.99609,-0.01778,0.00391,-0.08646,
1690986549179222272,407.68287,-72.85572,-16.66685,0.99680,-0.01212,-0.00098,-0.07904,
1690986549279735296,408.45179,-72.42133,-17.18605,0.99404,-0.04114,-0.00907,-0.10058,
1690986549379548672,408.00929,-72.07901,-17.19648,0.99203,-0.01935,-0.00653,-0.12436,
1690986549479712512,409.24132,-72.68324,-17.33084,0.99307,0.01188,0.01691,-0.11570,
1690986549579288064,411.00629,-73.26786,-16.26337,0.99187,0.01964,0.01798,-0.12442,
1690986549679448832,409.03520,-71.91808,-17.12600,0.99217,-0.00145,-0.00699,-0.12473,
1690986549779282176,410.44898,-72.10398,-16.43075,0.99419,-0.00707,-0.01562,-0.10626,
1690986549879710208,408.86824,-72.09025,-17.22553,0.99462,-0.00609,0.00104,-0.10345,
1690986549979078656,411.09730,-72.35253,-17.34448,0.99632,0.00172,0.00761,-0.08538,
1690986550079610880,409.54241,-72.69821,-16.43395,0.99637,0.01024,-0.00144,-0.08444,
1690986550280046336,410.08910,-72.89711,-16.92021,0.99613,0.00428,-0.01409,-0.08668,
1690986550380427520,410.06429,-72.53584,-17.10007,0.99458,0.01511,0.00170,-0.10286,
1690986550479397888,410.10914,-72.52565,-16.63765,0.99402,0.02035,0.01832,-0.10573,
1690986550579565824,410.24400,-72.44865,-16.29477,0.99280,0.02011,0.01066,-0.11759,
1690986550679191040,410.95995,-72.25969,-16.18541,0.99295,0.02221,-0.00126,-0.11640,
1690986550879624960,411.47022,-72.40963,-16.61496,0.99371,0.01635,0.00392,-0.11072,
1690986550979352576,410.70334,-72.59294,-16.70646,0.99518,0.00432,0.00639,-0.09779,
1690986551079480320,410.81938,-72.52968,-16.84872,0.99674,0.00480,0.01000,-0.07993,
1690986551179484160,410.87249,-73.60222,-16.08926,0.99750,0.00800,0.00558,-0.06996,
1690986551279436800,410.96047,-73.70715,-16.29547,0.99697,0.00027,-0.00682,-0.07744,
1690986551379495680,411.44699,-73.48292,-17.35676,0.99638,-0.00799,-0.00640,-0.08441,
1690986551479620096,411.08956,-73.12804,-16.98283,0.99522,-0.00777,-0.00294,-0.09729,
1690986551579666432,412.32650,-72.64976,-15.92871,0.99438,-0.00467,0.01087,-0.10516,
1690986551679624192,411.77039,-73.68405,-16.28258,0.99474,-0.00514,0.00198,-0.10224,
1690986551779551488,411.31336,-73.02912,-16.72389,0.99483,-0.01369,-0.00615,-0.10048,
1690986551879175936,411.76370,-73.21365,-17.01920,0.99520,-0.01370,-0.00873,-0.09647,
1690986551979247104,411.83294,-73.20936,-17.02487,0.99651,0.00784,-0.01185,-0.08220,
1690986552079170560,412.07285,-73.40734,-17.01129,0.99711,0.02099,0.00122,-0.07298,
1690986552279390208,412.41337,-73.88096,-16.87606,0.99685,0.00289,0.01502,-0.07784,
1690986552381230592,412.49335,-73.84909,-16.46081,0.99613,0.01284,0.01274,-0.08606,
1690986552480350208,412.54327,-73.37004,-16.97862,0.99354,0.02829,0.01975,-0.10809,
1690986552579373056,412.67236,-73.31873,-16.45846,0.99276,0.02686,0.02980,-0.11323,
1690986552680404992,412.60037,-72.97906,-16.16974,0.99154,0.02137,0.01965,-0.12648,
1690986552779488512,412.94026,-72.89703,-16.10347,0.99147,0.01144,-0.00915,-0.12951,
1690986552978968320,412.49797,-73.19518,-16.48228,0.99357,0.00816,-0.01904,-0.11128,
1690986553079178240,413.31399,-73.44677,-16.62613,0.99517,0.01280,-0.03506,-0.09078,
1690986553179064832,413.54024,-74.40394,-17.40727,0.99649,0.00449,-0.03836,-0.07423,
1690986553279159808,414.25974,-73.91069,-17.38554,0.99613,-0.00790,-0.03844,-0.07865,
1690986553379171584,413.64108,-73.55008,-17.18835,0.99565,-0.00344,-0.02456,-0.08976,
1690986553479715072,413.79853,-73.82646,-16.73305,0.99452,0.02866,-0.00292,-0.10053,
1690986553579825920,414.22314,-73.85848,-15.97140,0.99326,0.05193,0.00567,-0.10347,
1690986553679215360,414.87450,-73.79042,-16.84117,0.99112,0.06273,0.01064,-0.11677,
1690986553779556864,414.31706,-73.39257,-16.46415,0.98993,0.06569,-0.01113,-0.12489,
1690986553979346944,414.86016,-73.40031,-17.62261,0.99184,0.05558,-0.00769,-0.11447,
1690986554079470336,415.29678,-73.53885,-17.75058,0.99178,0.06735,0.02627,-0.10559,
1690986554179410688,421.16126,-74.39444,-16.33340,0.99056,0.04998,0.07419,-0.10389,
1690986554279568640,421.70963,-75.12170,-15.70368,0.99066,0.03033,0.07490,-0.10982,
1690986554379358720,416.64257,-74.31976,-15.78081,0.99133,0.04929,0.03676,-0.11613,
1690986554479277568,416.43026,-74.18794,-17.33261,0.98942,0.05561,0.03067,-0.13041,
1690986554579249920,416.92812,-74.17597,-16.99320,0.98801,0.05497,0.02721,-0.14169,
1690986554679259648,416.88804,-73.96913,-16.84105,0.98548,0.06846,0.03751,-0.15081,
1690986554779150848,416.89942,-73.63142,-15.90273,0.98520,0.07135,0.02743,-0.15345,
1690986554879842816,416.98473,-73.60818,-16.00167,0.98727,0.07139,0.01508,-0.14134,
1690986554979163136,417.18801,-73.91119,-16.73300,0.99067,0.04835,-0.01313,-0.12673,
1690986555082079744,417.42766,-74.40972,-17.20701,0.99235,0.04424,-0.01419,-0.11436,
1690986555179386368,417.30405,-74.07798,-16.95793,0.99426,0.04186,-0.00545,-0.09832,
1690986555279605248,417.60384,-74.61895,-16.32595,0.99519,0.02943,-0.00677,-0.09324,
1690986555379211776,417.85870,-74.57290,-16.38016,0.99530,0.02384,-0.01665,-0.09233,
1690986555479346176,417.86090,-74.60002,-16.94943,0.99448,0.01880,-0.03826,-0.09592,
1690986555580887040,419.59204,-74.59127,-16.86125,0.99391,0.02905,-0.02222,-0.10396,
1690986555679552000,418.23817,-74.53401,-16.47678,0.99311,0.03521,-0.00668,-0.11157,
1690986555779337216,418.28437,-74.26690,-16.20849,0.99216,0.03887,-0.01285,-0.11809,
1690986555880088576,419.24991,-74.30174,-16.24279,0.99156,0.04085,-0.02361,-0.12076,
1690986556079313152,421.44889,-75.37263,-16.33848,0.99333,0.03353,-0.02181,-0.10816,
1690986556179441920,419.67640,-74.22076,-15.85740,0.99350,0.03991,-0.01519,-0.10554,
1690986556279716352,419.34761,-74.67527,-16.30484,0.99438,0.03419,-0.01751,-0.09866,
1690986556379910144,419.51275,-74.82847,-16.14878,0.99503,0.02969,-0.02604,-0.09136,
1690986556480147712,419.67766,-75.00356,-16.26111,0.99463,0.03275,-0.02312,-0.09539,
1690986556580131072,422.37981,-74.44887,-15.76974,0.99319,0.03543,-0.02180,-0.10879,
1690986556679339008,425.15199,-74.76463,-15.14721,0.99078,0.04930,0.00650,-0.12606,
1690986556779397888,422.73977,-75.41129,-15.51906,0.98907,0.05140,0.02105,-0.13656,
1690986556879993088,421.24029,-74.50912,-15.18456,0.98837,0.04282,-0.00531,-0.14585,
1690986556979356928,421.02919,-74.26756,-16.17612,0.98896,0.04566,-0.00385,-0.14095,
1690986557079340288,421.35275,-74.67416,-16.40654,0.98924,0.05586,0.00186,-0.13520,
1690986557179258112,421.10377,-74.46429,-16.04359,0.98899,0.05258,0.01021,-0.13794,
1690986557280336384,421.27006,-74.60534,-16.17699,0.98966,0.05434,0.03014,-0.12931,
1690986557379828736,421.22749,-74.60012,-15.95479,0.99144,0.04719,0.01693,-0.12054,
1690986557482108416,421.46819,-74.42760,-16.12199,0.99071,0.05394,0.01314,-0.12414,
1690986557579379456,421.85684,-75.04386,-16.62153,0.98993,0.06232,0.00879,-0.12678,
1690986557679256320,422.24118,-74.83709,-15.91484,0.98669,0.07171,0.02792,-0.14322,
1690986557779191040,422.28960,-74.44297,-14.87803,0.98573,0.07184,0.04084,-0.14665,
1690986557879370496,421.93079,-74.30927,-15.20860,0.98728,0.05148,0.01852,-0.14926,
1690986557979289088,422.17814,-74.64145,-16.10219,0.98842,0.04619,0.00649,-0.14443,
1690986558079538944,422.65860,-74.69048,-16.64444,0.99040,0.05911,0.00834,-0.12471,
1690986558179362560,426.68722,-74.16201,-17.34627,0.98982,0.06261,0.02356,-0.12562,
1690986558280259328,425.49787,-74.11815,-16.34285,0.98995,0.08362,0.03986,-0.10686,
1690986558379714560,426.01687,-73.95520,-17.53668,0.99107,0.07041,0.04685,-0.10305,
1690986558479247360,426.11358,-74.75641,-17.58758,0.99157,0.06484,0.03858,-0.10534,
1690986558579336192,424.43092,-75.33487,-16.73409,0.99082,0.06445,0.01747,-0.11755,
1690986558679163648,424.90357,-75.02347,-17.03633,0.98920,0.05893,0.01598,-0.13322,
1690986558779376640,425.03186,-74.74145,-17.11689,0.98658,0.05046,0.03594,-0.15109,
1690986558879722752,426.96677,-75.79007,-16.87133,0.98291,0.07161,0.05216,-0.16136,
1690986558979358208,426.17343,-76.26786,-17.38902,0.98175,0.07630,0.03422,-0.17081,
1690986559079326976,430.04389,-74.92131,-17.98734,0.98271,0.07679,0.03831,-0.16408,
1690986559180805888,425.98275,-75.15227,-16.97954,0.98265,0.08154,0.02854,-0.16410,
1690986559379199488,426.12907,-75.29021,-16.86178,0.98319,0.08978,0.02863,-0.15641,
1690986559479523840,426.22466,-75.29078,-16.82838,0.98516,0.07142,0.01874,-0.15496,
1690986559579315200,426.34090,-75.39445,-16.85769,0.98494,0.07211,0.00982,-0.15682,
1690986559680223232,426.55506,-75.59185,-16.96552,0.98479,0.07359,0.00309,-0.15738,
1690986559779439104,426.22388,-75.46651,-16.95946,0.97952,0.07944,0.00379,-0.18500,
1690986559879506432,427.01467,-75.40894,-16.66645,0.97568,0.08939,0.02026,-0.19912,
1690986559979544832,426.83134,-75.10436,-16.64491,0.97531,0.08074,0.01476,-0.20500,
1690986560079224576,426.86855,-75.11211,-16.59034,0.97524,0.07641,0.00873,-0.20732,
1690986560179377920,426.99859,-75.17795,-16.62107,0.97809,0.07213,-0.00112,-0.19530,
1690986560279404800,427.25901,-75.63056,-16.79448,0.97677,0.07736,-0.00292,-0.19982,
1690986560380672512,426.87735,-75.22643,-16.61856,0.97582,0.10179,0.00688,-0.19329,
1690986560479279872,427.74382,-75.17916,-16.35821,0.97832,0.10044,0.02288,-0.17964,
1690986560579815424,427.44428,-75.97483,-16.33848,0.98097,0.08827,0.01054,-0.17262,
1690986560679555840,427.51118,-75.46524,-16.87329,0.97858,0.09100,0.00517,-0.18459,
1690986560779613440,427.57498,-75.09100,-17.32702,0.97753,0.09441,0.01935,-0.18747,
1690986560879535872,427.98686,-75.40085,-16.56287,0.97774,0.08788,0.03141,-0.18791,
1690986560979317504,430.39033,-75.91358,-17.42004,0.97834,0.08418,0.04662,-0.18327,
1690986561079323136,429.90670,-76.63691,-16.86667,0.98179,0.06866,0.03729,-0.17315,
1690986561179638528,428.65143,-75.96093,-16.88764,0.98495,0.05013,0.02771,-0.16308,
1690986561280055040,428.72190,-76.04292,-17.18199,0.98583,0.04792,0.03436,-0.15704,
1690986561379123456,428.83299,-75.74378,-17.04033,0.98501,0.06585,0.04719,-0.15231,
1690986561483800832,428.92074,-76.02912,-16.46411,0.98414,0.09297,0.04788,-0.14330,
1690986561579265280,428.87643,-76.43727,-16.95406,0.98223,0.09868,0.05623,-0.14939,
1690986561679561216,429.20670,-75.85295,-16.94627,0.98258,0.07788,0.04978,-0.16121,
1690986561779182848,429.20296,-76.13136,-16.91365,0.98222,0.05971,0.04322,-0.17263,
1690986561879165184,430.56809,-76.87688,-17.39929,0.98001,0.06908,0.05293,-0.17889,
1690986561979272192,431.09795,-76.10869,-17.07347,0.97629,0.07420,0.06046,-0.19415,
1690986562079690752,434.07123,-77.51019,-17.93007,0.97631,0.07795,0.06733,-0.19030,
1690986562179434496,431.49183,-76.67490,-17.33380,0.97885,0.06552,0.04794,-0.18776,
1690986562279826688,430.86052,-76.53054,-17.26329,0.98137,0.05911,0.04268,-0.17773,
1690986562379403264,431.01759,-76.84029,-17.27163,0.98244,0.05278,0.03940,-0.17457,
1690986562479131648,430.77661,-76.59612,-17.11572,0.98105,0.05280,0.04572,-0.18073,
1690986562579383552,431.23612,-76.34664,-16.53983,0.98271,0.04775,0.04758,-0.17242,
1690986562679376896,431.57667,-76.76492,-16.62039,0.98723,0.04013,0.03111,-0.15096,
1690986562779618304,435.02806,-77.71017,-16.86937,0.98715,0.03831,0.02308,-0.15340,
1690986562879712256,432.10321,-76.86118,-17.53794,0.98569,0.04520,0.02735,-0.16009,
1690986562979904512,432.26785,-77.56868,-17.50958,0.98459,0.05895,0.02221,-0.16316,
1690986563079612160,432.08985,-76.99995,-17.12313,0.98198,0.07183,0.02102,-0.17354,
1690986563179415040,432.36866,-77.10383,-16.90723,0.97994,0.09120,0.03185,-0.17430,
1690986563279235328,432.24369,-77.03446,-16.93467,0.97870,0.09213,0.02910,-0.18115,
1690986563382288640,432.47024,-76.92799,-16.87040,0.98011,0.07159,0.02339,-0.18362,
1690986563479211776,432.69380,-76.96001,-17.25994,0.98111,0.06927,0.03167,-0.17784,
1690986563679561728,432.63599,-76.97915,-16.91646,0.98216,0.07122,0.03168,-0.17116,
1690986563779265792,433.11421,-76.81950,-17.38269,0.98227,0.07093,0.04745,-0.16692,
1690986563879530496,433.15805,-77.14498,-16.47178,0.98454,0.06958,0.04526,-0.15424,
1690986563979094272,434.21101,-77.29541,-16.59986,0.98599,0.06661,0.03341,-0.14923,
1690986564082143744,433.96127,-77.60618,-17.44832,0.98719,0.05986,0.02510,-0.14574,
1690986564180021760,434.10889,-77.43917,-17.47625,0.98592,0.04856,0.03471,-0.15619,
1690986564279956224,433.84823,-77.47374,-17.35651,0.98603,0.04891,0.03421,-0.15551,
1690986564379288064,433.59662,-77.11228,-16.43219,0.98559,0.04864,0.03769,-0.15759,
1690986564479573760,433.85283,-77.20399,-16.74076,0.98601,0.04696,0.02977,-0.15715,
1690986564579263488,433.93101,-77.35155,-16.81838,0.98673,0.04836,0.02390,-0.15318,
1690986564679366656,433.58397,-77.06178,-16.76470,0.98787,0.04179,0.02518,-0.14742,
1690986564779560704,434.07631,-77.18972,-16.92874,0.98827,0.03387,0.02323,-0.14711,
1690986564879536384,435.17674,-77.17212,-17.26455,0.98903,0.05310,0.02702,-0.13515,
1690986564979269632,434.56610,-77.99635,-17.30869,0.98896,0.08060,0.03934,-0.11792,
1690986565079394816,435.68677,-78.25543,-17.09553,0.99001,0.07760,0.04151,-0.11019,
1690986565179304704,435.34881,-78.21602,-16.74099,0.99218,0.05082,0.02267,-0.11170,
1690986565279884800,435.32908,-78.28484,-16.84973,0.99210,0.03730,0.02407,-0.11737,
1690986565382194176,435.29980,-77.86785,-17.00672,0.99017,0.03083,0.01954,-0.13502,
1690986565479251200,435.08991,-77.72814,-16.79799,0.98841,0.03949,0.00977,-0.14626,
1690986565579656192,435.68562,-77.30350,-17.16246,0.98705,0.05699,0.02059,-0.14856,
1690986565679493632,437.12768,-77.47456,-16.80459,0.98596,0.06186,0.00747,-0.15494,
1690986565779396608,435.96593,-77.80487,-16.75610,0.98686,0.06415,0.00658,-0.14813,
1690986565879572736,435.91312,-77.85063,-16.99793,0.98917,0.05927,0.01047,-0.13383,
1690986565979246080,436.35745,-78.07331,-17.05053,0.98861,0.05825,0.01060,-0.13837,
1690986566079845632,435.53514,-78.02770,-17.17710,0.98764,0.07889,0.02049,-0.13388,
1690986566179384064,436.29478,-77.74025,-16.66449,0.98848,0.07761,0.04245,-0.12282,
1690986566279510528,436.72313,-78.57575,-16.18843,0.98997,0.07290,0.03830,-0.11480,
1690986566379319552,438.62682,-78.13890,-16.27687,0.98989,0.06047,0.03544,-0.12332,
1690986566479511808,437.83529,-77.70695,-16.37513,0.98771,0.06241,0.03531,-0.13890,
1690986566579347456,436.88721,-77.86386,-16.69073,0.98359,0.07096,0.03001,-0.16315,
1690986566679330048,436.92826,-77.58268,-16.27301,0.98184,0.06510,0.03440,-0.17485,
1690986566779347712,438.99145,-77.37057,-15.97496,0.98100,0.06064,0.03757,-0.18043,
1690986566880273920,437.76314,-77.65163,-15.97169,0.98132,0.06606,0.02283,-0.17923,
1690986566979322880,437.65930,-77.67510,-16.22702,0.98145,0.06411,0.00878,-0.18046,
1690986567079729152,437.88669,-77.87311,-16.83563,0.98084,0.06382,0.00630,-0.18396,
1690986567179474688,437.74994,-77.51821,-16.92772,0.98247,0.06573,0.01469,-0.17384,
1690986567280150528,438.51661,-77.79344,-16.26975,0.98513,0.05640,0.02892,-0.15967,
1690986567379333120,439.16800,-78.65297,-15.70455,0.98644,0.06171,0.02116,-0.15057,
1690986567479067392,438.68626,-78.86137,-16.15441,0.98521,0.06867,0.01060,-0.15664,
1690986567579510016,438.56912,-78.32199,-16.72651,0.98311,0.07835,0.00992,-0.16509,
1690986567679719680,438.35491,-78.05363,-16.32159,0.98052,0.07807,0.01859,-0.17928,
1690986567779220736,440.29781,-78.81788,-16.43132,0.97926,0.07849,0.03103,-0.18419,
1690986567879316992,442.17610,-79.65751,-18.25613,0.97966,0.07006,0.02638,-0.18619,
1690986567979438592,439.32548,-78.22480,-16.46096,0.98159,0.06792,0.00386,-0.17849,
1690986568079341312,439.71025,-78.61503,-16.96123,0.98277,0.07999,-0.00578,-0.16655,
1690986568179576064,439.73727,-78.71398,-17.14724,0.98066,0.09615,-0.01211,-0.17006,
1690986568279168000,439.48748,-78.24530,-16.51616,0.97967,0.10952,-0.00207,-0.16807,
1690986568380308480,439.89667,-78.71265,-16.52100,0.98152,0.10979,0.01324,-0.15618,
1690986568480388608,440.16935,-79.19077,-16.34634,0.98421,0.09129,0.00758,-0.15147,
1690986568579214336,441.44448,-78.07382,-16.17459,0.98556,0.07397,0.00124,-0.15228,
1690986568679517696,440.58870,-78.88257,-17.13905,0.98605,0.06750,-0.01012,-0.15181,
1690986568778961408,440.84642,-78.85312,-17.19987,0.98433,0.07320,0.00990,-0.16013,
1690986568880499712,441.10374,-79.00218,-17.19354,0.98477,0.06608,0.03244,-0.15748,
1690986568979248128,440.67232,-78.96112,-16.04959,0.98429,0.07427,0.03577,-0.15611,
1690986569079240704,440.90866,-78.70998,-15.76086,0.98383,0.06935,0.01988,-0.16395,
1690986569178895104,441.01665,-78.47778,-16.74223,0.98443,0.06516,0.01592,-0.16250,
1690986569278989312,441.25195,-78.55013,-16.79182,0.98573,0.06619,0.00755,-0.15458,
1690986569379095808,441.29031,-78.63430,-16.99174,0.98737,0.06629,0.00343,-0.14386,
1690986569479186432,441.45274,-78.87134,-16.91397,0.98824,0.08656,0.01900,-0.12462,
1690986569579802880,441.92547,-79.58683,-16.22168,0.98971,0.08076,0.03298,-0.11339,
1690986569680613888,441.91716,-80.02924,-15.71162,0.99122,0.06300,0.01247,-0.11558,
1690986569779123456,441.95436,-79.59472,-16.85779,0.98985,0.05368,-0.00414,-0.13152,
1690986569879244288,442.19286,-79.00034,-17.78725,0.98644,0.06829,0.00624,-0.14913,
1690986569979693568,442.62030,-78.97911,-17.64745,0.98356,0.08781,0.02314,-0.15607,
1690986570079898112,441.82021,-78.82874,-16.04993,0.98031,0.10471,0.02649,-0.16530,
1690986570179353600,442.10032,-78.64201,-15.61287,0.97986,0.09980,-0.00026,-0.17296,
1690986570279701504,443.01787,-78.63112,-16.91580,0.98075,0.10504,-0.00956,-0.16432,
1690986570379438592,442.67323,-78.94759,-17.68234,0.98184,0.11192,-0.02063,-0.15176,
1690986570479367424,442.36734,-78.90297,-17.40956,0.98308,0.09652,-0.00861,-0.15546,
1690986570579677952,442.82408,-78.94203,-16.95794,0.98445,0.09897,0.01661,-0.14417,
1690986570682739456,442.94782,-79.32189,-16.24866,0.98685,0.09220,0.02318,-0.13071,
1690986570779233024,442.77420,-79.59581,-16.25270,0.98743,0.08787,0.01043,-0.13098,
1690986570879589632,443.54368,-79.81886,-17.16249,0.98772,0.07588,0.01434,-0.13579,
1690986570979361536,443.69468,-79.60513,-17.26482,0.98667,0.08219,0.02019,-0.13899,
1690986571079641856,443.51917,-79.67475,-16.77885,0.98274,0.09627,0.02703,-0.15565,
1690986571279649280,445.25142,-80.14449,-16.62823,0.98040,0.09996,0.03355,-0.16643,
1690986571479245312,445.76034,-80.31731,-16.60305,0.98191,0.09211,0.03055,-0.16262,
1690986571579299840,444.22920,-79.43317,-16.87112,0.98120,0.08687,0.03725,-0.16825,
1690986571678884864,444.63821,-79.41643,-16.71526,0.98346,0.08789,0.04593,-0.15153,
1690986571779199232,444.83710,-80.15157,-16.59013,0.98632,0.07325,0.04358,-0.14109,
1690986571880576256,444.80789,-80.42021,-16.37813,0.98847,0.06403,0.03595,-0.13242,
1690986571978950144,444.06281,-79.62949,-16.55610,0.98726,0.06013,0.03340,-0.14346,
1690986572080107008,445.13624,-80.34190,-17.10400,0.98529,0.06667,0.03181,-0.15410,
1690986572179961856,445.96349,-80.04140,-17.10678,0.98221,0.07087,0.03825,-0.16962,
1690986572279155712,445.22293,-80.43787,-16.54117,0.97844,0.08400,0.04420,-0.18343,
1690986572379795200,447.18585,-81.67884,-17.36488,0.97808,0.08244,0.02202,-0.18994,
1690986572479236352,446.90450,-82.86081,-18.15780,0.97899,0.07854,0.01674,-0.18743,
1690986572579437824,445.88769,-80.55695,-17.26571,0.98107,0.06043,0.01552,-0.18335,
1690986572679546880,445.86566,-80.59571,-17.02712,0.98018,0.05780,0.02044,-0.18836,
1690986572779400960,446.00666,-80.29320,-16.91973,0.98202,0.06863,0.02620,-0.17391,
1690986572881466880,446.26008,-80.82216,-17.00360,0.98391,0.06879,0.03695,-0.16069,
1690986573079212288,447.94423,-81.31815,-16.81370,0.98392,0.07353,0.02404,-0.16102,
1690986573179127808,446.74639,-80.35167,-17.21022,0.98260,0.07311,0.01957,-0.16960,
1690986573279866112,446.75073,-80.83771,-17.03681,0.98012,0.06832,0.02006,-0.18519,
1690986573379307008,446.71915,-80.27876,-17.01651,0.97894,0.07425,0.02788,-0.18813,
1690986573479202816,446.97129,-80.36092,-17.05206,0.97972,0.06863,0.02005,-0.18720,
1690986573579264512,446.99227,-80.49577,-17.06045,0.98124,0.05148,0.03220,-0.18296,
1690986573679140352,447.27310,-80.73440,-17.00681,0.98351,0.03273,0.04731,-0.17145,
1690986573779116544,447.76276,-80.76518,-17.26587,0.98539,0.03396,0.03893,-0.16226,
1690986573879135488,447.29376,-80.95872,-17.14282,0.98658,0.05483,0.04631,-0.14666,
1690986573979348224,447.62547,-81.12800,-17.08625,0.98785,0.05910,0.05622,-0.13228,
1690986574179185664,449.39166,-81.63870,-16.87238,0.98861,0.04512,0.05061,-0.13435,
1690986574279195392,448.33866,-81.62167,-17.31121,0.98858,0.04958,0.03058,-0.13897,
1690986574379374080,448.28155,-81.14540,-17.32577,0.98505,0.07494,0.03421,-0.15127,
1690986574479128320,448.42897,-81.15309,-16.73487,0.98260,0.08754,0.04949,-0.15615,
1690986574579082240,451.50520,-83.07400,-17.23178,0.98304,0.07866,0.04095,-0.16050,
1690986574679307776,448.79702,-81.04973,-17.20557,0.98580,0.06214,0.02779,-0.15351,
1690986574779214080,449.77073,-81.67978,-17.55455,0.98964,0.05502,0.03101,-0.12892,
1690986574879286016,449.12374,-81.75670,-17.18486,0.98988,0.05482,0.03639,-0.12572,
1690986574979266048,453.34853,-81.61256,-15.27247,0.98884,0.06534,0.05397,-0.12249,
1690986575179578112,452.28265,-82.45344,-16.58574,0.99004,0.06015,0.05790,-0.11338,
1690986575279329280,450.66224,-82.14240,-16.55362,0.98891,0.05992,0.04226,-0.12913,
1690986575379270400,450.93342,-81.91823,-17.07775,0.98573,0.08449,0.04666,-0.13791,
1690986575478933248,450.83292,-81.69547,-16.84776,0.98248,0.09492,0.05915,-0.14911,
1690986575579625984,450.84427,-81.67981,-16.33163,0.98117,0.08499,0.06371,-0.16134,
1690986575679897088,454.36230,-83.15191,-16.15397,0.98402,0.07130,0.05277,-0.15437,
1690986575779313664,452.74620,-82.15717,-17.04506,0.98787,0.06634,0.03750,-0.13527,
1690986575879461120,451.68882,-82.07590,-16.73116,0.98994,0.05659,0.02143,-0.12793,
1690986575979503360,451.83964,-82.15174,-16.84387,0.99182,0.04860,0.01971,-0.11635,
1690986576079712512,451.99235,-82.14213,-16.96118,0.99339,0.04863,0.02862,-0.09994,
1690986576179482368,452.05939,-82.31703,-16.68226,0.99506,0.04488,0.03677,-0.08051,
1690986576279182848,452.04122,-82.54463,-16.16967,0.99565,0.04614,0.03067,-0.07490,
1690986576380627712,452.37187,-82.56235,-16.69688,0.99567,0.04441,0.01234,-0.08071,
1690986576479633920,452.51445,-82.34729,-17.15369,0.99524,0.05008,0.00563,-0.08339,
1690986576579462144,452.40053,-82.28604,-17.03546,0.99518,0.04653,0.00955,-0.08576,
1690986576779746560,454.14661,-83.41521,-16.48068,0.99434,0.05501,0.02124,-0.08835,
1690986576879687424,453.27970,-82.56371,-16.66537,0.99508,0.05639,0.00754,-0.08116,
1690986576979263232,453.04155,-82.39022,-16.81077,0.99594,0.05475,-0.00244,-0.07145,
1690986577079623424,453.23938,-82.51345,-16.95191,0.99656,0.05049,0.00514,-0.06558,
1690986577179448064,453.34394,-82.43078,-16.69976,0.99747,0.04576,0.00893,-0.05373,
1690986577279371264,453.67739,-82.81606,-16.86798,0.99798,0.04227,0.01836,-0.04380,
1690986577379441152,453.56540,-82.75151,-16.47300,0.99802,0.04750,0.02058,-0.03582,
1690986577479482368,453.74460,-82.88581,-16.54934,0.99792,0.05145,0.00601,-0.03848,
1690986577579008512,453.79876,-82.60149,-16.82934,0.99781,0.05248,-0.01009,-0.03900,
1690986577679247104,454.10818,-82.78229,-16.90403,0.99796,0.04532,0.00522,-0.04466,
1690986577779104256,457.26094,-82.96831,-17.49174,0.99889,0.03121,0.01726,-0.03065,
1690986577879209984,454.45644,-82.82999,-16.88145,0.99901,0.03240,0.00955,-0.02882,
1690986577979351808,454.56640,-82.73586,-16.93315,0.99895,0.03804,0.01688,-0.01902,
1690986578079397632,454.69611,-82.80240,-16.70537,0.99795,0.05938,0.02319,-0.00592,
1690986578179002368,454.81368,-82.94714,-16.77632,0.99747,0.06376,0.03142,-0.00146,
1690986578279280128,454.88547,-82.98672,-16.89578,0.99779,0.05971,0.02918,0.00010,
1690986578379813120,457.17783,-83.50275,-17.64640,0.99734,0.05097,0.05188,-0.00436,
1690986578479222528,455.36197,-83.34861,-16.67339,0.99763,0.05034,0.04465,-0.01465,
1690986578579134976,455.51736,-83.04068,-16.84911,0.99679,0.05985,0.03981,-0.03532,
1690986578679667968,455.53915,-83.01358,-16.93949,0.99544,0.07057,0.03744,-0.05209,
1690986578779324928,455.90087,-82.98541,-16.88660,0.99266,0.08259,0.04924,-0.07338,
1690986578880561920,456.04296,-82.94421,-16.79439,0.99194,0.07575,0.05129,-0.08769,
1690986578979309312,456.72235,-83.23366,-17.35733,0.99081,0.07502,0.06046,-0.09491,
1690986579079486464,457.13197,-82.85455,-17.05923,0.99001,0.08343,0.05881,-0.09723,
1690986579179181056,456.32010,-82.87924,-16.82224,0.98967,0.09252,0.05829,-0.09267,
1690986579279362560,457.10709,-83.44995,-16.66678,0.99050,0.09143,0.05338,-0.08778,
1690986579379524352,456.65031,-82.70618,-17.26006,0.99211,0.07829,0.04408,-0.08744,
1690986579479285760,456.88158,-82.70879,-17.07358,0.99375,0.07225,0.05301,-0.06658,
1690986579579238912,456.80192,-83.00914,-16.90087,0.99490,0.06771,0.05472,-0.05100,
1690986579679598848,456.45061,-82.97513,-17.11441,0.99602,0.06249,0.04912,-0.04027,
1690986579782167296,457.05814,-83.26254,-17.06138,0.99665,0.05814,0.04805,-0.03171,
1690986579880286976,457.13991,-83.20018,-17.19510,0.99555,0.06679,0.05548,-0.03673,
1690986579979446272,456.89269,-82.87373,-16.92789,0.99515,0.07110,0.04944,-0.04671,
1690986580179431936,458.90181,-83.39542,-16.75867,0.99435,0.06967,0.06630,-0.04494,
1690986580279469568,459.64403,-83.93440,-17.77595,0.99575,0.06114,0.05400,-0.04274,
1690986580379479808,458.54904,-83.21431,-17.44237,0.99654,0.06986,0.02517,-0.03741,
1690986580479970304,458.32665,-83.05568,-18.03456,0.99616,0.07390,0.02735,-0.03808,
1690986580579731200,458.39267,-83.14153,-17.59601,0.99563,0.07503,0.04584,-0.03147,
1690986580680130048,458.53553,-83.09205,-16.45328,0.99490,0.07550,0.06123,-0.02683,
1690986580783229696,458.49691,-83.76359,-16.37433,0.99539,0.07526,0.04975,-0.03251,
1690986580879212544,458.83714,-83.42774,-16.93417,0.99611,0.07027,0.03398,-0.04088,
1690986580979210496,458.93758,-83.42858,-17.64807,0.99618,0.06036,0.03167,-0.05450,
1690986581079277312,459.06096,-83.25448,-17.49449,0.99305,0.08150,0.04373,-0.07278,
1690986581179436544,459.03435,-82.95920,-16.47537,0.99087,0.08931,0.05516,-0.08464,
1690986581279876864,459.14735,-82.74282,-16.45208,0.99124,0.08485,0.05251,-0.08654,
1690986581379478528,459.81368,-83.11774,-16.51118,0.99252,0.07719,0.04455,-0.08347,
1690986581479272448,461.72099,-82.26400,-16.34405,0.99477,0.06184,0.03388,-0.07392,
1690986581580490752,460.27343,-83.10674,-17.34684,0.99382,0.07372,0.03868,-0.07343,
1690986581680166656,460.02210,-83.21606,-16.99469,0.99312,0.08074,0.05409,-0.06529,
1690986581879584768,461.73916,-83.74275,-16.74209,0.99403,0.06585,0.05402,-0.06826,
1690986581979412736,460.63904,-83.69920,-16.89444,0.99277,0.07729,0.04947,-0.07736,
1690986582079778048,460.62205,-83.61326,-17.12183,0.98990,0.07477,0.07870,-0.09123,
1690986582179182592,460.66885,-83.29517,-16.46788,0.98983,0.06187,0.07732,-0.10210,
1690986582279515136,460.86337,-83.26977,-16.44761,0.98731,0.03699,0.08758,-0.12718,
1690986582379333888,461.42488,-82.57019,-16.65491,0.98840,0.02748,0.07784,-0.12747,
1690986582479535104,463.61211,-84.24267,-16.98700,0.98747,0.03881,0.09032,-0.12344,
1690986582579516928,461.72259,-83.25104,-16.26940,0.98761,0.03972,0.09289,-0.12009,
1690986582679483904,461.50271,-83.25851,-16.34553,0.98876,0.04411,0.08433,-0.11534,
1690986582779581184,461.83528,-83.30727,-16.97659,0.98826,0.06672,0.08808,-0.10548,
1690986582979693056,462.27418,-83.97348,-16.58003,0.99001,0.07459,0.07609,-0.09235,
1690986583079960576,461.97368,-84.15296,-16.75621,0.99021,0.07032,0.05815,-0.10565,
1690986583179641088,462.04090,-83.50114,-17.10118,0.98836,0.07063,0.05772,-0.12172,
1690986583279233792,462.03782,-83.47422,-16.93431,0.98621,0.07446,0.06901,-0.13068,
1690986583379203840,462.58065,-83.11769,-15.90072,0.98447,0.10097,0.06340,-0.12888,
1690986583479482624,463.09387,-83.51959,-16.16180,0.98448,0.10886,0.02808,-0.13479,
1690986583579418112,470.34591,-82.88813,-17.53342,0.98677,0.09356,0.04185,-0.12561,
1690986583683808000,463.39877,-83.34601,-16.52503,0.99004,0.07271,0.01544,-0.11959,
1690986583779223552,463.60108,-83.43424,-16.92068,0.99176,0.06511,0.00064,-0.11034,
1690986583879225856,464.15670,-83.92058,-17.42413,0.99335,0.07193,0.01180,-0.08909,
1690986583979200000,465.11314,-83.82749,-16.73243,0.99268,0.07738,0.03673,-0.08517,
1690986584079296768,464.74685,-83.65271,-17.05200,0.99219,0.08123,0.02938,-0.09002,
1690986584179058432,464.19231,-83.55892,-17.01179,0.99214,0.06803,0.01235,-0.10431,
1690986584278958080,465.14459,-83.40165,-17.99615,0.99061,0.07497,0.02477,-0.11164,
1690986584379075840,469.30070,-83.26853,-18.51654,0.99053,0.06053,0.04950,-0.11290,
1690986584479441920,466.27857,-83.88880,-16.81669,0.98813,0.06403,0.07291,-0.11912,
1690986584579122688,465.42666,-83.42046,-15.94865,0.99020,0.05543,0.04159,-0.12125,
1690986584679799296,465.96818,-83.58712,-17.34903,0.99203,0.04206,0.01590,-0.11771,
1690986584779311872,465.65964,-83.63519,-17.93473,0.99240,0.03488,0.01087,-0.11750,
1690986584879173632,465.81141,-83.74376,-17.37408,0.99064,0.04556,0.01877,-0.12730,
1690986584979315712,466.47870,-83.74093,-17.10459,0.99176,0.04687,0.03984,-0.11238,
1690986585179126528,467.76123,-84.56653,-16.93306,0.99289,0.03114,0.05189,-0.10254,
1690986585282526464,467.70183,-84.12785,-17.69187,0.99169,0.03221,0.03207,-0.12036,
1690986585379299072,467.64272,-83.78070,-17.01778,0.98885,0.05570,0.04012,-0.13216,
1690986585479307520,471.01116,-84.61084,-16.10935,0.98548,0.07727,0.06025,-0.13869,
1690986585579507968,470.29451,-84.36532,-17.86912,0.98589,0.06594,0.04934,-0.14572,
1690986585679318784,467.62916,-84.00494,-16.58007,0.98658,0.05788,0.03546,-0.14849,
1690986585779222528,468.04250,-84.04777,-17.26826,0.98730,0.05470,0.02674,-0.14672,
1690986585879467520,467.97176,-84.06972,-17.26836,0.98663,0.06059,0.00537,-0.15123,
1690986585979504640,468.74286,-83.96910,-18.03895,0.98746,0.07816,0.01149,-0.13667,
1690986586079491072,470.05350,-84.64268,-18.59843,0.98724,0.09200,0.03242,-0.12589,
1690986586180227072,473.48661,-85.16352,-19.78412,0.98835,0.06756,0.03218,-0.13257,
1690986586280748800,469.53371,-84.69649,-18.33280,0.98875,0.05580,0.01723,-0.13774,
1690986586380948480,469.54136,-84.39678,-18.19353,0.98756,0.05485,0.00769,-0.14716,
1690986586478961920,469.51108,-84.48108,-18.24662,0.98551,0.05833,0.01223,-0.15878,
1690986586579218944,469.70090,-84.45766,-17.52068,0.98237,0.07009,0.03553,-0.16962,
1690986586679091200,471.08699,-84.40967,-16.11613,0.98168,0.06731,0.03109,-0.17553,
1690986586779213312,472.27426,-84.84788,-18.20475,0.98170,0.06250,0.02428,-0.17826,
1690986586879283200,470.57629,-84.57223,-17.59177,0.98306,0.05668,-0.00072,-0.17430,
1690986586978853376,470.34844,-84.59119,-18.40717,0.98221,0.06758,0.00250,-0.17520,
1690986587079492096,470.75168,-84.76455,-18.07919,0.98336,0.07531,0.02007,-0.16409,
1690986587179602176,470.59022,-85.17675,-17.66945,0.98412,0.06194,0.02510,-0.16442,
1690986587279386112,471.02125,-85.51860,-17.81710,0.98192,0.06504,0.03122,-0.17500,
1690986587379319040,471.14616,-85.48278,-17.80358,0.97787,0.08503,0.04582,-0.18561,
1690986587479092480,474.01049,-85.24478,-18.30997,0.97348,0.09248,0.04810,-0.20367,
1690986587579249664,475.91867,-86.93276,-18.46060,0.97069,0.08657,0.05215,-0.21805,
1690986587680474624,473.75220,-87.74063,-18.88492,0.97091,0.08473,0.04380,-0.21964,
1690986587779294464,472.21174,-85.58218,-18.07170,0.97043,0.08249,0.03951,-0.22340,
1690986587879324672,472.28428,-85.62097,-18.10546,0.97012,0.09037,0.03750,-0.22202,
1690986587980284416,472.32909,-85.57784,-18.06747,0.97054,0.09508,0.03363,-0.21883,
1690986588080119552,472.45924,-85.59317,-18.19842,0.97040,0.08544,0.02663,-0.22433,
1690986588179372544,472.49242,-85.61722,-18.11019,0.97241,0.07552,0.03903,-0.21724,
1690986588279407872,472.54211,-85.85485,-18.08341,0.97105,0.08386,0.05028,-0.21793,
1690986588379784704,472.85160,-86.29094,-17.78754,0.96844,0.09085,0.04824,-0.22701,
1690986588479355136,472.80470,-86.30163,-17.84092,0.96507,0.09419,0.05705,-0.23772,
1690986588579366656,472.74227,-86.10466,-17.80597,0.96087,0.08741,0.05007,-0.25803,
1690986588680124416,472.81993,-85.79898,-18.03282,0.95522,0.08658,0.04476,-0.27937,
1690986588779700992,473.70044,-86.58453,-17.90483,0.95221,0.08805,0.04627,-0.28880,
1690986588879448576,473.14218,-86.02645,-18.17779,0.95069,0.10524,0.04385,-0.28842,
1690986588979217152,473.08532,-85.79222,-17.96643,0.95031,0.10949,0.04605,-0.28775,
1690986589079620608,473.15252,-85.84718,-17.95739,0.95420,0.10624,0.04525,-0.27598,
1690986589180890880,473.20982,-85.85563,-17.91256,0.95569,0.11218,0.05535,-0.26649,
1690986589279699968,473.23636,-85.83134,-17.75154,0.96012,0.10873,0.05435,-0.25178,
1690986589379418880,473.35737,-85.91073,-17.89240,0.96654,0.09265,0.04190,-0.23552,
1690986589479711488,473.96740,-85.95348,-18.10565,0.97254,0.08902,0.02744,-0.21329,
1690986589579526400,473.74340,-86.06360,-18.40977,0.97732,0.09702,0.03469,-0.18502,
1690986589679383040,474.54224,-85.94189,-17.91462,0.98033,0.09998,0.05160,-0.16213,
1690986589779404544,474.75183,-86.35000,-18.33677,0.98465,0.08836,0.04874,-0.14238,
1690986589879375104,474.05762,-86.09931,-18.24891,0.98709,0.07844,0.05442,-0.12860,
1690986589979329280,473.82941,-86.21799,-17.86713,0.98890,0.06677,0.04382,-0.12527,
1690986590079703552,473.90246,-86.26510,-17.97195,0.98842,0.07042,0.04198,-0.12768,
1690986590179402240,474.05321,-85.99964,-18.21120,0.98856,0.06989,0.03451,-0.12912,
1690986590279704320,473.82969,-86.06558,-17.96339,0.98674,0.08691,0.05118,-0.12717,
1690986590379991808,474.71056,-86.59080,-17.71620,0.98650,0.08851,0.04862,-0.12895,
1690986590479344128,474.12174,-86.01364,-18.16216,0.98597,0.09555,0.05653,-0.12467,
1690986590581152256,474.35969,-86.25180,-17.95419,0.98647,0.09855,0.05929,-0.11681,
1690986590679247104,474.44678,-86.43351,-17.78688,0.98639,0.09334,0.06115,-0.12075,
1690986590779542016,474.86554,-86.33407,-18.16458,0.98738,0.08046,0.05240,-0.12594,
1690986590880138240,474.69852,-86.43433,-18.16136,0.98635,0.07944,0.05390,-0.13376,
1690986590979365120,474.89097,-86.56261,-18.27093,0.98413,0.09200,0.05974,-0.13949,
1690986591079581440,474.96785,-86.71977,-18.10632,0.98121,0.10684,0.06897,-0.14510,
1690986591179712768,475.02660,-86.65707,-17.90720,0.97761,0.10791,0.07648,-0.16367,
1690986591279341056,475.12060,-86.72793,-17.95314,0.97694,0.10310,0.05349,-0.17917,
1690986591379253760,475.56536,-86.63808,-18.46372,0.97517,0.10749,0.04777,-0.18763,
1690986591479689472,475.30459,-86.64479,-18.13564,0.97088,0.10538,0.06874,-0.20389,
1690986591579497216,476.10457,-86.72586,-17.90596,0.97222,0.09920,0.06449,-0.20197,
1690986591679065344,475.37773,-86.45575,-18.18704,0.97362,0.08827,0.05146,-0.20402,
1690986591779218176,475.80627,-86.54663,-18.43919,0.97495,0.09841,0.04718,-0.19380,
1690986591879652864,475.87464,-86.65482,-18.47611,0.97285,0.12495,0.04542,-0.18946,
1690986591978939648,476.50358,-86.84468,-18.69049,0.97186,0.13965,0.05632,-0.18116,
1690986592079171840,476.62642,-86.83035,-18.23157,0.97572,0.11867,0.07450,-0.16835,
1690986592180708096,475.44812,-86.63327,-18.20447,0.97788,0.10165,0.07313,-0.16755,
1690986592279050496,475.71820,-86.79602,-18.23470,0.97814,0.10777,0.06688,-0.16479,
1690986592379350784,476.24539,-87.23896,-18.32136,0.97709,0.10818,0.06756,-0.17040,
1690986592479238400,476.37575,-87.17775,-18.34287,0.97191,0.11760,0.07854,-0.18811,
1690986592579727616,476.47301,-87.20085,-18.24485,0.96941,0.11432,0.08759,-0.19876,
1690986592679312384,478.55794,-88.75471,-18.74705,0.96662,0.11786,0.08590,-0.21064,
1690986592779562240,481.21517,-89.64967,-19.86459,0.96743,0.11043,0.07601,-0.21472,
1690986592879324928,480.27206,-91.59998,-19.61952,0.96634,0.12448,0.07389,-0.21270,
1690986592979371264,479.37016,-90.23189,-19.09860,0.96525,0.11683,0.06112,-0.22565,
1690986593079130112,479.39211,-89.40149,-19.15651,0.96588,0.12069,0.06054,-0.22101,
1690986593179141632,478.39860,-88.59063,-18.58726,0.96915,0.11449,0.06401,-0.20869,
1690986593279731968,478.55633,-89.07989,-18.53425,0.96979,0.09862,0.06313,-0.21402,
1690986593379246080,481.50653,-89.38655,-18.95380,0.96871,0.08286,0.05728,-0.22686,
1690986593479472384,484.19736,-90.13155,-20.14269,0.96596,0.07523,0.05220,-0.24196,
1690986593579559680,481.39849,-90.03564,-19.65202,0.96211,0.08457,0.05079,-0.25419,
1690986593681910272,480.15534,-89.06192,-18.90149,0.95854,0.08381,0.06316,-0.26494,
1690986593779312128,480.01796,-88.86234,-18.66954,0.95767,0.08062,0.05779,-0.27023,
1690986593879765504,480.02615,-88.90251,-18.33984,0.95739,0.08010,0.04903,-0.27310,
1690986593980472320,481.16113,-90.77518,-18.94763,0.95641,0.08201,0.04451,-0.27673,
1690986594079683072,480.77759,-89.45473,-18.75227,0.95545,0.08499,0.03062,-0.28097,
1690986594179203840,480.77942,-89.38039,-19.45502,0.95632,0.08442,0.01647,-0.27939,
1690986594279342336,481.37182,-89.32388,-19.65013,0.95521,0.09196,0.03432,-0.27918,
1690986594379972352,480.86576,-89.54755,-18.75406,0.95482,0.08865,0.03873,-0.28099,
1690986594479160832,481.01676,-89.60116,-18.71730,0.95669,0.08158,0.04765,-0.27535,
1690986594579116288,480.95341,-90.03875,-18.59777,0.95428,0.09171,0.04502,-0.28091,
1690986594679218176,481.45105,-90.01852,-18.91844,0.95028,0.09694,0.04193,-0.29294,
1690986594779265536,482.13692,-89.75931,-19.40618,0.94682,0.09261,0.03883,-0.30568,
1690986594879674368,481.22989,-89.52770,-18.81162,0.94324,0.09707,0.04990,-0.31367,
1690986594979177472,481.50440,-89.14055,-18.55586,0.94284,0.10261,0.05395,-0.31242,
1690986595079792128,481.47939,-89.10987,-18.66238,0.94222,0.10366,0.05906,-0.31304,
1690986595179722240,481.74874,-89.16647,-18.67604,0.94884,0.10490,0.05176,-0.29329,
1690986595279275008,481.90067,-89.37282,-18.92498,0.95250,0.11551,0.06150,-0.27500,
1690986595379171840,482.20672,-89.65598,-18.90719,0.95984,0.10847,0.06588,-0.25020,
1690986595479528960,481.88973,-89.40112,-18.56859,0.96786,0.10108,0.06698,-0.22034,
1690986595579239680,482.27696,-90.50812,-18.68701,0.97242,0.10603,0.05795,-0.19948,
1690986595679652096,481.95103,-90.57908,-18.65957,0.97517,0.11388,0.05852,-0.18072,
1690986595779304448,482.04072,-90.62682,-18.69803,0.97680,0.10747,0.04481,-0.17972,
1690986595879907840,482.24325,-90.23299,-18.90867,0.97488,0.09966,0.04923,-0.19301,
1690986595979505152,482.26830,-89.57023,-18.96479,0.97563,0.08024,0.04991,-0.19805,
1690986596079173376,482.39118,-89.33382,-18.46961,0.97760,0.08165,0.05860,-0.18494,
1690986596179198208,482.45107,-90.01323,-17.95239,0.97899,0.08558,0.04958,-0.17829,
1690986596279318528,482.54218,-89.98193,-18.43105,0.98275,0.07308,0.03960,-0.16522,
1690986596379180544,482.85796,-90.03120,-18.68601,0.98548,0.05587,0.02678,-0.15806,
